Iteration	Posterior	Likelihood	Prior	rate_log_sd	rate_loss	rate_neo	tree_length
0	-235.771	-348.5895	112.8185	0.9760753	2.673691	4.045602	1.264562
6	-233.1407	-344.8347	111.694	0.704608	2.558606	9.725811	1.401203
12	-234.0852	-345.9878	111.9025	0.9021063	2.596742	6.083673	1.613973
18	-235.7527	-347.3979	111.6452	0.9175306	3.571683	6.083673	1.491802
24	-231.2081	-343.0345	111.8264	0.8078926	3.382008	6.083673	1.491802
30	-227.8319	-340.1791	112.3472	0.8289549	3.382008	6.083673	1.040949
36	-230.6923	-343.663	112.9707	1.032806	3.155071	2.742969	1.335169
42	-228.8833	-342.526	113.6428	0.7758015	2.576238	2.589004	1.264127
48	-224.2427	-337.1287	112.886	0.9002759	3.386549	3.242239	1.264127
54	-218.3815	-331.0131	112.6316	0.7755981	3.431544	4.662044	1.157903
60	-222.5363	-334.5829	112.0466	0.5091373	3.431544	4.662044	1.80583
66	-216.6728	-328.9897	112.3169	0.2284868	3.431544	5.720092	1.609119
72	-215.9059	-328.5171	112.6112	0.263529	3.829858	3.698047	1.700861
78	-215.6036	-328.0212	112.4177	0.3253439	3.794592	3.698047	1.80165
84	-222.4408	-335.4969	113.0562	0.4121061	2.511531	3.698047	1.663697
90	-225.2051	-338.278	113.0729	0.395369	2.511531	3.698047	1.663697
96	-238.2063	-350.212	112.0057	0.6326546	4.748251	4.870971	1.38084
102	-251.6088	-362.4874	110.8785	1.126357	6.279858	9.406876	0.567275
108	-239.2869	-352.1428	112.8559	1.116688	3.548278	3.377781	0.9931386
114	-239.798	-352.7371	112.9391	1.006235	3.548278	3.880273	0.8182226
120	-237.0345	-348.6467	111.6122	0.3991425	3.921671	8.049281	1.499982
126	-228.5978	-340.8419	112.2441	0.8316384	2.141678	6.294453	1.550594
132	-235.3682	-347.3725	112.0043	0.9133619	4.387842	6.294453	0.8967659
138	-227.95	-340.8203	112.8703	0.6865005	4.387842	2.624987	1.385255
144	-225.2476	-338.5566	113.309	0.7164267	3.57856	2.232779	1.38765
150	-222.1634	-334.8939	112.7304	0.8670898	3.57856	3.441238	1.295998
156	-222.7782	-334.5413	111.7631	0.5985008	4.420477	5.951291	1.451129
162	-233.4866	-347.2	113.7134	0.3390082	3.846174	1.87645	1.451129
168	-225.0761	-338.0404	112.9643	0.7998632	4.406222	1.87645	1.52953
174	-219.3352	-332.1661	112.8309	0.7435843	4.807228	3.056913	1.1038
180	-229.7438	-343.0736	113.3298	1.024558	4.807228	1.516734	1.153524
186	-225.1353	-337.8489	112.7136	1.073246	4.208754	3.516918	0.8913027
192	-232.4468	-345.8666	113.4197	1.073246	3.175902	2.57009	0.9636453
198	-234.2513	-347.7798	113.5286	0.8332865	3.175902	2.57009	1.091459
204	-238.1385	-351.4871	113.3486	1.084228	3.175902	2.275537	1.161315
210	-235.5579	-348.9014	113.3435	2.508393	3.2395	0.5441757	0.1499637
216	-237.7096	-348.9415	111.2319	2.246702	4.080484	3.761129	0.1584885
222	-241.0092	-353.0947	112.0855	0.5446141	2.493759	3.278774	2.335708
228	-240.3285	-352.0489	111.7204	0.8683822	4.464358	3.278774	1.864984
234	-240.1868	-352.8095	112.6227	1.597033	3.544422	3.47133	0.4097107
240	-242.5777	-354.9999	112.4222	1.400962	3.544422	4.658759	0.4097107
246	-242.8241	-353.8345	111.0105	1.211354	1.927359	13.41827	1.400302
252	-229.0951	-342.4267	113.3316	1.129383	2.068617	3.944419	0.9731091
258	-229.2946	-342.8278	113.5333	0.9353698	3.18171	2.436696	1.050581
264	-226.6653	-338.0581	111.3928	0.7783286	4.640002	7.029805	1.357457
270	-226.4472	-340.5374	114.0902	0.9345202	2.44164	1.722977	1.216537
276	-233.9803	-347.3791	113.3988	0.8048447	3.699228	1.722977	1.449945
282	-244.8281	-356.9803	112.1522	0.5694579	4.48511	4.552341	1.449945
288	-248.9202	-359.8807	110.9605	1.133022	3.408212	9.769226	1.349142
294	-227.6564	-340.2688	112.6124	1.290313	3.32604	4.563724	0.6766262
300	-229.6538	-342.1314	112.4776	1.177008	3.766278	4.563724	0.8068893
306	-226.9233	-339.2683	112.3449	1.091381	3.960433	5.401041	0.6758615
312	-230.292	-342.8058	112.5138	0.8416599	3.352897	5.401041	1.043746
318	-223.4657	-335.3987	111.933	1.391489	3.352897	7.00327	0.5505569
324	-232.9114	-344.9703	112.0588	1.222451	3.352897	7.00327	0.6712646
330	-229.1702	-342.6111	113.4409	1.0182	3.340188	2.235878	1.098089
336	-228.0165	-341.6997	113.6832	0.960086	3.084074	2.235878	1.021191
342	-229.3198	-342.2345	112.9147	0.8418604	3.084074	2.235878	1.727406
348	-224.7175	-337.5768	112.8593	0.925492	3.155978	3.678665	1.20308
354	-231.634	-344.2906	112.6566	0.8796091	3.155978	3.019737	1.597581
360	-229.2733	-342.4472	113.1738	0.7120282	2.986397	3.160768	1.34149
366	-237.611	-349.9747	112.3637	0.5695629	2.239722	6.303783	1.614066
372	-231.982	-344.6435	112.6615	0.7896881	2.332363	6.166837	1.19726
378	-237.1103	-349.8919	112.7816	0.7176062	2.255026	6.166837	1.191052
384	-229.7319	-341.5699	111.8381	0.6159085	3.086746	6.166837	1.695036
390	-229.1054	-341.0262	111.9208	1.208132	3.196014	6.166837	1.134396
396	-230.5148	-342.6764	112.1616	1.292739	3.446269	6.166837	0.6230456
402	-227.2209	-339.7832	112.5623	0.8260923	3.446269	6.051982	0.7856686
408	-232.7777	-345.0118	112.2341	1.173457	3.446269	6.051982	0.7583604
414	-232.7643	-345.1324	112.3682	1.036565	3.446269	6.051982	0.762513
420	-233.2247	-345.5842	112.3596	1.009661	3.446269	6.051982	0.8112464
426	-242.4966	-355.4493	112.9527	1.000911	3.794265	3.583145	0.8294617
432	-246.7222	-358.7991	112.0769	1.000554	6.148798	4.402967	0.7258555
438	-234.9744	-347.9858	113.0114	0.7601118	5.188534	2.312153	1.143001
444	-228.2662	-341.748	113.4818	0.5424566	4.353328	1.930069	1.316396
450	-235.8201	-348.8487	113.0286	0.8068117	4.366746	2.255729	1.316396
456	-230.8875	-344.3939	113.5064	1.074381	4.366746	1.88903	0.798641
462	-234.4737	-345.0373	110.5636	1.140557	4.366746	10.55338	1.297658
468	-230.3455	-341.5765	111.231	0.8106879	3.96818	11.08373	1.047765
474	-244.9838	-357.8093	112.8254	1.182321	1.608678	7.073757	0.8812129
480	-234.828	-347.2733	112.4453	0.6663617	3.047267	5.616995	1.314843
486	-234.2854	-345.2813	110.9958	0.7062613	4.219441	10.73863	1.314843
492	-236.2805	-347.6125	111.332	0.8107205	4.219441	9.649391	1.081205
498	-236.0312	-347.504	111.4727	0.977832	2.842487	9.649391	1.26441
504	-230.8705	-343.7811	112.9107	0.7962889	3.533524	2.966691	1.374911
510	-231.5258	-343.8653	112.3395	1.043904	2.585917	7.092901	0.9485624
516	-231.5479	-344.7421	113.1942	1.450408	2.916853	3.060189	0.5691835
522	-232.6373	-344.3211	111.6838	1.450408	2.916853	8.91809	0.4412408
528	-244.6293	-358.9839	114.3546	1.450408	2.545896	1.245621	0.7071034
534	-243.816	-355.3424	111.5265	1.450408	2.167708	11.94254	0.7071034
540	-240.4064	-355.6124	115.2061	1.756602	1.287838	0.9096111	0.4266438
546	-236.1416	-347.3307	111.1891	1.652562	4.129192	7.610759	0.3198949
552	-235.6944	-346.7286	111.0342	1.817417	4.129192	6.598939	0.2094929
558	-233.6797	-345.0574	111.3777	1.94761	2.818595	6.598939	0.2006894
564	-237.1421	-349.5592	112.4171	1.969233	2.818595	3.388203	0.2574472
570	-235.4295	-348.2083	112.7787	1.954624	2.181427	3.388203	0.2760467
576	-234.8542	-346.5296	111.6754	1.791054	3.971075	4.695426	0.240372
582	-235.1632	-347.8334	112.6702	1.791054	2.132888	4.695426	0.4476214
588	-240.5008	-353.647	113.1463	2.09295	4.422942	1.014737	0.2898238
594	-230.2676	-342.9618	112.6942	1.977706	2.745171	2.183705	0.1562922
600	-232.041	-344.8405	112.7995	2.101969	2.745171	2.183705	0.2260832
606	-232.0732	-344.2464	112.1731	1.946885	3.067482	3.906177	0.2740438
612	-237.95	-349.5086	111.5586	1.942147	4.670888	3.906177	0.2426581
618	-233.3059	-345.8629	112.5569	1.148623	4.670888	3.906177	0.5426811
624	-229.9122	-343.3264	113.4142	0.890518	4.670888	1.756258	1.085755
630	-234.321	-347.7253	113.4043	1.222459	4.670888	1.756258	0.717882
636	-232.17	-345.0453	112.8753	1.055454	3.927698	3.627267	0.7771177
642	-233.8634	-346.6942	112.8308	1.355294	3.490348	3.627267	0.5903262
648	-239.2534	-353.1684	113.915	0.9785294	4.074205	1.197316	1.101314
654	-239.2026	-353.112	113.9094	0.9785294	4.091146	1.197316	1.101314
660	-236.8536	-349.8335	112.9799	1.222639	3.391052	3.545258	0.704454
666	-230.6136	-343.6429	113.0294	0.8875944	2.903984	3.968324	1.090326
672	-229.4919	-341.7397	112.2478	1.023136	3.69824	6.090696	0.8060348
678	-228.9942	-341.3764	112.3822	1.239212	4.66046	4.115066	0.6083085
684	-228.6876	-341.5068	112.8192	0.9212844	2.982445	5.01221	0.9118326
690	-237.0878	-349.9359	112.8481	1.034284	2.533585	5.01221	0.9781777
696	-236.4183	-349.689	113.2707	0.9933963	3.185602	2.624878	1.152518
702	-236.6553	-349.2325	112.5772	1.038766	3.185602	5.18403	0.9037098
708	-242.2997	-355.4817	113.1821	0.9442483	2.422701	4.600425	0.9038175
714	-239.7158	-352.7427	113.0269	0.5777771	5.230625	2.388411	1.242917
720	-243.7932	-357.3448	113.5516	0.802267	2.995269	2.388411	1.242917
726	-253.4255	-366.9287	113.5033	0.7238985	2.829568	2.7847	1.250405
732	-247.8045	-359.3339	111.5294	0.04054612	2.526848	12.7146	1.707405
738	-238.8875	-349.5351	110.6476	0.2363081	2.566325	12.7146	2.157953
744	-246.8142	-358.0442	111.23	0.5176509	2.613768	12.7146	1.548938
750	-235.3963	-347.1468	111.7505	1.004799	2.488645	10.29693	1.051329
756	-227.419	-339.9491	112.5301	1.132305	3.056689	3.75106	1.317147
762	-229.8176	-340.856	111.0384	0.9477024	2.01709	12.22403	1.649859
768	-225.3144	-338.8391	113.5246	0.6119378	3.268523	2.071666	1.462004
774	-219.5142	-332.7256	113.2114	1.077693	3.268523	2.824712	1.01307
780	-224.3878	-337.5108	113.123	1.058424	3.268523	3.584887	0.7870394
786	-229.2071	-342.6723	113.4652	1.21088	2.199878	3.613991	0.7706488
792	-231.0942	-343.541	112.4468	1.122943	2.356976	6.599785	0.9838729
798	-232.3894	-344.5796	112.1901	1.429848	2.606504	7.029582	0.61709
804	-224.802	-336.2513	111.4493	1.65852	3.087861	8.685072	0.4684114
810	-231.4423	-341.6887	110.2464	1.655606	3.087861	18.16558	0.5407508
816	-234.2581	-344.2723	110.0141	1.326637	3.087861	24.48584	0.6512885
822	-237.7295	-347.2748	109.5453	1.246468	3.687898	24.48584	1.04769
828	-233.6477	-344.5467	110.899	1.127339	2.721617	16.56795	0.8819692
834	-240.3354	-350.4716	110.1362	0.5555174	2.555863	16.56795	1.996926
840	-236.6126	-346.3032	109.6905	0.9841055	2.591383	16.56795	1.996926
846	-228.6714	-341.1074	112.4359	0.747405	2.591383	4.996547	1.544269
852	-228.5237	-340.678	112.1543	0.7278881	2.936295	4.996547	1.64945
858	-223.7362	-336.8382	113.1021	1.075909	2.936295	3.875391	0.8357213
864	-234.2604	-348.0023	113.7419	0.7430628	4.036065	1.555904	1.22332
870	-237.2177	-350.376	113.1583	0.8417722	6.277271	1.375118	1.22332
876	-246.8206	-358.8889	112.0683	1.343363	2.798706	7.310163	0.7351616
882	-248.9792	-359.9625	110.9833	0.6099169	2.469109	9.000431	2.084934
888	-239.2486	-350.9891	111.7405	0.9095783	2.20796	8.379159	1.521974
894	-234.8228	-346.9652	112.1424	0.8386301	2.40449	6.965875	1.403941
900	-237.185	-349.5128	112.3278	0.8577896	2.40449	6.965875	1.23927
906	-247.5175	-358.7091	111.1917	0.956091	1.819632	6.965875	2.213194
912	-234.726	-347.9021	113.1761	0.8211876	2.789158	1.671118	1.883645
918	-240.2985	-350.9177	110.6192	1.14797	2.789158	17.34222	1.039254
924	-246.5486	-356.5673	110.0186	1.388411	3.83	17.34222	0.9890248
930	-239.266	-350.1323	110.8663	1.350032	1.638661	17.34222	1.205203
936	-232.8464	-344.2266	111.3802	1.486317	1.465218	17.34222	0.5490451
942	-233.1028	-343.468	110.3651	1.441458	3.440043	17.34222	0.6516915
948	-238.2603	-348.6437	110.3834	1.348265	3.535514	17.34222	0.7233282
954	-236.5834	-346.9613	110.3779	0.8661924	3.770206	17.34222	1.161254
960	-234.6455	-346.3317	111.6862	0.8069538	3.770206	7.843306	1.188852
966	-234.0354	-347.4455	113.4101	1.159953	3.770206	1.622249	1.188852
972	-241.2965	-351.5566	110.2601	1.069443	3.144613	9.897821	1.959725
978	-233.0111	-345.8235	112.8124	0.6801909	5.198789	2.866393	1.152242
984	-235.6135	-347.69	112.0764	0.5014297	6.695296	4.202732	1.19385
990	-234.1816	-346.7423	112.5608	0.7351467	5.106964	2.705452	1.395028
996	-229.6551	-342.3634	112.7083	0.9728002	3.092201	3.807448	1.27367
1002	-238.5827	-350.3949	111.8121	0.57301	4.003271	4.522839	1.811283
1008	-233.5896	-346.0138	112.4242	0.645273	3.709152	4.137138	1.480039
1014	-242.4662	-353.8589	111.3927	0.5310698	3.205461	5.688789	2.101672
1020	-243.3785	-355.6316	112.2532	0.9404247	2.9684	6.66349	1.057619
1026	-239.6646	-353.1366	113.472	1.218982	2.9684	2.663448	0.7801901
1032	-233.1759	-345.9444	112.7685	1.218982	2.091612	5.831918	0.8820512
1038	-235.7221	-348.3736	112.6515	1.116497	2.091612	5.831918	1.104039
1044	-241.7534	-355.0108	113.2574	1.139784	4.697461	2.192079	0.648036
1050	-243.2776	-356.7146	113.437	0.915459	3.449322	2.192079	1.176982
1056	-243.4008	-356.1991	112.7983	0.6740635	2.614524	4.79201	1.359876
1062	-238.5916	-350.6619	112.0703	0.4686477	2.854103	4.611142	1.988374
1068	-237.1401	-349.5413	112.4012	0.6680185	2.516916	4.611142	1.732808
1074	-240.6953	-353.4915	112.7962	0.7311587	2.890973	5.029315	1.153189
1080	-243.2587	-355.722	112.4633	0.7724414	2.890973	5.029315	1.393751
1086	-240.4213	-352.9653	112.5441	0.5697099	3.862539	5.029315	1.185058
1092	-228.7515	-341.1633	112.4118	0.7947894	3.049337	5.49216	1.262739
1098	-226.8292	-339.04	112.2108	0.6795327	2.940304	5.49216	1.5449
1104	-234.0842	-346.6858	112.6016	0.8459826	2.965321	5.49216	1.083605
1110	-235.7673	-347.3005	111.5332	0.9070765	2.843866	8.604086	1.414249
1116	-247.4921	-359.8989	112.4068	0.5673074	1.647554	8.604086	1.50356
1122	-237.8112	-349.4988	111.6876	0.8507918	1.647554	8.604086	1.815773
1128	-233.6898	-346.3322	112.6424	0.6526976	2.714223	2.670706	2.004705
1134	-223.5147	-336.4066	112.8919	0.4031823	2.714223	2.670706	2.004705
1140	-222.7079	-335.6982	112.9904	0.3575313	3.591189	2.670706	1.722672
1146	-231.4686	-344.3378	112.8692	0.3681631	2.249816	4.553768	1.722672
1152	-227.413	-339.9822	112.5692	0.3340833	2.923094	3.450923	1.985413
1158	-222.0105	-334.6709	112.6604	0.5760667	2.440498	4.93124	1.573061
1164	-224.6482	-337.5554	112.9073	0.9157291	2.440498	4.93124	1.10175
1170	-236.2508	-349.8637	113.6129	0.6699163	3.848047	2.255022	1.079
1176	-238.3477	-351.8561	113.5084	0.85806	3.848047	2.255022	0.99828
1182	-235.6979	-349.2596	113.5617	0.9174069	3.848047	2.255022	0.8774096
1188	-237.1506	-350.4244	113.2739	0.6049229	3.848047	3.193789	1.050768
1194	-233.8428	-346.6425	112.7996	1.14666	2.587736	5.125921	0.8430676
1200	-235.2106	-347.7431	112.5325	1.111137	2.587736	4.978035	1.185365
1206	-233.782	-345.962	112.18	0.9483962	4.101534	4.978035	1.113301
1212	-229.1248	-341.2625	112.1377	0.7251024	4.101534	4.978035	1.338087
1218	-226.0709	-339.0987	113.0279	0.7560077	3.671518	2.782478	1.338087
1224	-222.8619	-335.9162	113.0542	1.204448	3.671518	2.964708	0.8090178
1230	-232.1238	-345.2042	113.0804	1.004711	3.671518	3.552423	0.7215979
1236	-227.5644	-339.7384	112.174	1.102004	3.671518	4.891804	1.135945
1242	-227.1003	-340.5122	113.4119	0.7313489	6.585313	1.469233	0.9588596
1248	-228.1849	-341.2361	113.0512	0.4707853	6.585313	2.106716	1.158284
1254	-228.8252	-341.1982	112.373	0.6572565	4.221074	5.238976	1.10174
1260	-226.3395	-339.1286	112.7891	1.22192	2.285593	5.238976	0.9086687
1266	-229.7393	-342.1249	112.3856	0.5820724	2.285593	5.238976	1.761244
1272	-230.265	-342.9291	112.6642	1.172695	2.840201	2.191833	1.761244
1278	-222.3989	-335.2789	112.88	1.020145	4.798517	3.254676	0.5813191
1284	-229.3456	-341.6635	112.3178	1.189542	5.353403	3.923859	0.5479431
1290	-220.1261	-332.7441	112.618	1.089865	4.708673	3.52164	0.7967205
1296	-226.1556	-339.4158	113.2602	1.281656	5.055592	1.831273	0.4833331
1302	-231.1134	-344.4402	113.3268	0.9943166	4.967491	1.831273	0.9370939
1308	-225.2541	-338.1233	112.8692	1.333413	1.260362	7.82055	0.7805384
1314	-232.5007	-345.0689	112.5682	1.262575	4.321709	3.697976	0.6904771
1320	-227.7784	-340.4301	112.6517	1.262575	4.321709	3.626103	0.5184825
1326	-229.2726	-342.4465	113.1739	0.9708192	4.170017	2.581126	0.9454498
1332	-229.3508	-341.806	112.4552	0.8244544	4.170017	3.709651	1.307549
1338	-233.0966	-345.2025	112.1058	0.9974434	3.735483	6.00356	1.002942
1344	-228.6637	-340.1156	111.4519	0.7919039	4.133778	9.699605	1.002942
1350	-229.7878	-342.4353	112.6474	0.4074032	3.151457	3.264003	1.867111
1356	-235.9715	-348.3069	112.3354	0.4106199	3.58707	3.647651	1.863398
1362	-233.27	-345.8584	112.5885	0.1949332	3.58707	4.210602	1.70361
1368	-232.8328	-345.5819	112.749	0.4750108	2.646564	4.210602	1.667353
1374	-235.3011	-348.1629	112.8619	0.8105876	4.518574	3.177187	1.046081
1380	-239.319	-352.5509	113.2319	0.6525789	4.518574	3.177187	0.815666
1386	-232.6185	-346.1063	113.4877	0.3433697	2.377617	3.177187	1.593521
1392	-232.6814	-345.2426	112.5611	0.2352634	2.377617	6.213511	1.675587
1398	-237.9101	-349.0884	111.1783	0.6499382	2.470203	13.34415	1.481587
1404	-230.8111	-343.8954	113.0843	0.4483103	2.470203	4.087853	1.534045
1410	-227.2844	-339.0525	111.7681	0.5503878	2.822635	8.453804	1.534045
1416	-231.7212	-344.6151	112.8939	0.9912122	2.392935	3.110238	1.568326
1422	-226.5663	-338.8333	112.2671	0.8432571	2.392935	6.437415	1.398457
1428	-230.5884	-343.1739	112.5855	0.4448344	3.727161	3.005302	1.806075
1434	-240.34	-353.2967	112.9567	1.085338	3.727161	3.005302	1.009257
1440	-230.2619	-343.447	113.1851	0.8411266	3.297804	3.005302	1.172533
1446	-232.1964	-345.1283	112.9319	1.103139	2.310326	5.296243	0.8477358
1452	-233.0329	-344.2588	111.226	1.368443	2.157832	13.49859	0.9469356
1458	-240.7327	-353.4721	112.7394	1.368443	4.488991	2.741773	0.7794175
1464	-235.6834	-346.9315	111.2481	1.65668	4.488991	6.964858	0.3688274
1470	-242.3793	-354.0893	111.71	1.65668	4.269576	5.444724	0.4439384
1476	-233.3275	-343.8055	110.478	2.09493	3.853304	7.643049	0.1642246
1482	-240.9856	-353.4929	112.5074	2.09493	4.321798	1.764435	0.2465848
1488	-239.4494	-350.5381	111.0887	1.75143	4.321798	7.149874	0.2935765
1494	-237.1409	-348.816	111.6751	1.75143	3.252896	6.34138	0.3181411
1500	-229.7326	-341.4593	111.7268	1.523171	4.147918	6.09592	0.5141333
1506	-241.1817	-352.0057	110.824	1.493206	2.047398	18.79807	0.642829
1512	-234.6557	-348.6278	113.9721	1.069773	3.015887	2.071264	0.6741647
1518	-240.5975	-351.0371	110.4396	1.301373	3.258561	13.43549	1.266592
1524	-238.5076	-350.0635	111.5558	0.8258696	3.258561	8.311607	1.365506
1530	-228.4823	-342.1795	113.6972	1.248079	3.258561	1.444612	1.140349
1536	-232.1603	-346.2697	114.1094	0.7867191	3.258561	1.95783	0.8408405
1542	-235.8426	-348.883	113.0404	1.048117	3.258561	3.737998	0.8408405
1548	-239.2272	-351.1977	111.9704	0.6105165	5.704003	4.71973	1.253695
1554	-238.4117	-351.0614	112.6497	0.5919288	2.54134	7.104038	1.105613
1560	-235.4925	-347.774	112.2815	1.083184	2.54134	4.924517	1.441304
1566	-231.5969	-344.7615	113.1647	0.6843427	2.627166	3.635293	1.353783
1572	-234.3909	-347.5927	113.2019	0.6471279	2.627166	3.635293	1.353783
1578	-234.3815	-347.085	112.7035	0.3701378	2.627166	3.635293	1.914849
1584	-242.7495	-354.0149	111.2654	0.2850791	2.346883	11.30526	1.914849
1590	-241.6658	-355.3234	113.6576	0.2546972	3.094446	2.448515	1.532407
1596	-234.6602	-346.9664	112.3062	0.4370757	3.268306	4.38518	1.77825
1602	-239.3051	-351.8284	112.5233	0.5910047	3.908127	4.38518	1.329462
1608	-234.7355	-347.9115	113.1761	1.172073	2.750673	3.452225	0.9121152
1614	-233.9423	-346.8881	112.9458	1.030118	3.540912	3.452225	0.9634043
1620	-226.3747	-338.858	112.4833	1.354896	3.540912	4.675147	0.5026175
1626	-223.4348	-336.0495	112.6146	1.352382	3.503476	4.294719	0.4703594
1632	-226.5147	-339.1123	112.5976	1.370714	3.503476	4.294719	0.4838335
1638	-238.9249	-351.4379	112.5131	1.347145	3.452543	4.294719	0.7971312
1644	-232.1614	-345.0272	112.8658	0.9830108	3.452543	4.294719	0.8121742
1650	-234.6994	-347.526	112.8266	0.9675448	3.452543	4.294719	0.8790798
1656	-235.5285	-347.9281	112.3996	1.061562	3.452543	4.294719	1.202006
1662	-231.9827	-345.7722	113.7895	0.876617	2.532211	2.807077	0.9661372
1668	-226.5398	-339.7602	113.2204	1.019313	3.066379	3.028627	1.0549
1674	-224.2563	-337.0289	112.7727	0.4904387	3.877732	3.361216	1.497479
1680	-227.7617	-339.7427	111.981	0.2601742	2.863863	3.391845	2.444733
1686	-229.7671	-342.6773	112.9102	0.2811492	3.070838	3.391845	1.761331
1692	-232.5245	-345.4379	112.9135	0.1427855	3.070838	3.162639	1.916469
1698	-231.3733	-344.1999	112.8266	0.5978858	2.283795	3.162639	1.916469
1704	-226.49	-338.8584	112.3684	0.361993	2.283795	6.890127	1.649042
1710	-227.434	-339.4085	111.9745	0.4233098	2.283795	4.004129	2.383422
1716	-243.8137	-354.4046	110.5909	0.3701468	2.034356	10.85017	2.451385
1722	-233.7133	-346.031	112.3177	0.3851928	2.304965	5.717619	1.851101
1728	-232.7857	-344.8111	112.0253	0.4511775	3.35153	5.717619	1.681125
1734	-229.6283	-342.1711	112.5428	0.6598149	3.162045	5.717619	1.177866
1740	-234.8899	-348.3186	113.4286	1.523734	3.162045	2.188648	0.5840895
1746	-233.8486	-346.4054	112.5568	1.420953	3.553654	4.004227	0.7065378
1752	-245.3181	-357.5995	112.2814	1.167731	3.553654	6.094011	0.5673666
1758	-238.0796	-349.971	111.8913	1.082652	3.553654	6.094011	1.164384
1764	-238.0895	-349.834	111.7446	0.5547365	3.68503	6.094011	1.652912
1770	-245.293	-356.9198	111.6268	0.4909664	3.505538	6.094011	1.826608
1776	-229.6623	-342.8211	113.1588	0.8612255	3.505538	2.72697	1.214874
1782	-234.4779	-347.318	112.8402	0.8912637	3.505538	3.260812	1.265943
1788	-239.1389	-351.8529	112.7139	0.8484871	2.992484	4.930354	1.107431
1794	-233.2014	-346.3378	113.1364	1.084322	2.5727	4.379978	0.7795027
1800	-237.3593	-349.8998	112.5405	0.8627836	3.307727	4.379978	1.274935
1806	-237.5051	-350.3241	112.8191	1.040347	3.512901	3.345628	1.124784
1812	-241.0157	-353.1296	112.1139	0.7446047	5.447768	5.338055	0.890124
1818	-246.7539	-358.5526	111.7987	0.7880591	5.447768	5.338055	1.157256
1824	-251.3184	-365.4984	114.18	1.38661	3.80846	0.6030769	1.168675
1830	-246.0873	-358.6885	112.6011	1.139618	3.80846	2.75486	1.343624
1836	-238.7623	-351.3305	112.5682	0.8833411	3.308297	3.454234	1.486475
1842	-230.2852	-343.5847	113.2995	0.5910886	2.525898	3.454234	1.411972
1848	-231.6997	-344.4025	112.7028	0.8241878	2.525898	6.264745	1.018238
1854	-237.7276	-350.7965	113.0689	0.8841619	3.131701	4.19302	0.879411
1860	-227.4159	-340.1571	112.7412	1.172697	4.185784	3.52711	0.7292244
1866	-235.3308	-348.0387	112.7079	1.27455	4.185784	3.52711	0.5832901
1872	-243.6042	-355.2898	111.6856	1.27455	4.185784	6.565384	0.8500814
1878	-237.5817	-351.1702	113.5885	1.093832	2.005498	3.72718	0.8522486
1884	-233.6557	-346.6629	113.0072	0.802671	2.722945	4.327033	1.154207
1890	-232.2229	-345.2368	113.0139	1.185601	2.363645	5.159605	0.5826639
1896	-233.2096	-345.3	112.0904	1.129037	4.897626	5.300785	0.5373919
1902	-229.257	-341.2094	111.9524	1.193078	4.773775	5.300785	0.7758091
1908	-234.954	-348.296	113.342	1.146838	2.798134	2.79215	1.026016
1914	-221.5515	-333.7303	112.1789	0.5888877	2.798134	6.542212	1.494189
1920	-219.5594	-333.233	113.6736	0.7302246	3.752926	2.14775	1.051345
1926	-223.5454	-337.6394	114.094	0.8371896	2.26908	1.965503	1.242465
1932	-227.2405	-339.6177	112.3772	1.10313	2.385005	6.399653	1.099544
1938	-224.6001	-337.0812	112.4811	1.152363	2.846379	6.399653	0.6523652
1944	-221.9283	-335.4759	113.5476	1.071589	2.833983	2.772246	0.8813222
1950	-223.6827	-336.3499	112.6672	1.4274	2.833983	4.776546	0.4818972
1956	-232.8571	-345.5937	112.7366	1.351714	2.833983	4.776546	0.5614101
1962	-232.2928	-345.0551	112.7623	1.49036	2.497076	4.776546	0.5085984
1968	-236.9389	-349.945	113.0061	1.550699	2.497076	3.820237	0.4850306
1974	-237.3466	-350.1881	112.8415	1.342523	3.340275	3.820237	0.4507086
1980	-230.2731	-342.7055	112.4323	1.208083	3.340275	3.820237	1.220674
1986	-227.3339	-340.2097	112.8758	1.257644	3.340275	3.820237	0.6860666
1992	-227.5732	-340.3919	112.8187	0.9263603	3.340275	3.03026	1.381577
1998	-228.2443	-342.2033	113.9589	1.219424	3.340275	1.359645	0.9484981
2004	-232.1747	-344.2847	112.11	1.187641	3.340275	6.886159	0.6964852
2010	-235.7498	-348.4777	112.7279	1.175743	2.331885	5.011143	1.057257
2016	-239.4187	-351.0722	111.6535	0.6148773	5.467753	5.925825	1.29542
2022	-233.2124	-346.1177	112.9053	0.8675299	5.467753	1.907987	1.272798
2028	-225.5808	-338.8744	113.2937	0.5886961	5.467753	1.907987	1.180351
2034	-224.5379	-336.8299	112.292	0.8065085	6.575257	3.628303	0.9092163
2040	-228.4163	-341.2125	112.7962	0.7016639	4.776412	3.747344	0.9258727
2046	-222.5346	-335.2275	112.6929	0.711296	4.579096	3.747344	1.077972
2052	-224.0236	-336.3755	112.3519	1.153208	3.926941	4.062417	1.077972
2058	-231.6556	-345.4384	113.7828	1.059516	3.114306	2.420255	0.6090398
2064	-236.5633	-350.1213	113.558	1.740221	3.114306	1.664878	0.4556647
2070	-239.5897	-353.5513	113.9616	1.914735	4.033972	0.6116468	0.3175019
2076	-242.9711	-356.2023	113.2312	2.073294	5.819013	0.6116468	0.2736565
2082	-239.181	-352.3404	113.1594	2.073294	6.70423	0.5312669	0.2821274
2088	-236.1545	-350.8211	114.6666	2.073294	3.18419	0.3428895	0.4601744
2094	-235.5544	-349.5086	113.9542	1.734776	4.330737	0.7425394	0.5532379
2100	-236.8189	-349.6834	112.8646	1.421076	2.144031	4.998851	0.7401099
2106	-238.4346	-351.6384	113.2038	1.364151	2.239696	4.129387	0.4137233
2112	-235.0101	-347.695	112.685	1.276171	3.875472	3.858466	0.602719
2118	-234.9955	-348.3024	113.3069	1.412781	3.875472	2.147095	0.5236802
2124	-239.6888	-351.4374	111.7486	1.455377	2.92079	8.534579	0.5442533
2130	-239.7208	-352.7953	113.0745	1.007898	2.92079	4.647583	0.5841666
2136	-239.8022	-352.6484	112.8462	1.017068	4.826715	2.923207	0.86069
2142	-235.9139	-347.902	111.9882	0.682244	2.620437	7.980371	1.404339
2148	-237.7741	-348.4308	110.6567	1.014574	3.467256	16.04663	0.9887356
2154	-231.7079	-344.1804	112.4726	1.290303	2.795911	6.002589	0.6206086
2160	-232.8179	-344.5118	111.6939	0.9937764	4.971383	6.002589	1.028176
2166	-238.475	-350.0499	111.5749	1.401932	4.971383	6.11938	0.6018408
2172	-241.0433	-354.6392	113.5958	1.485941	4.089454	1.431612	0.3891744
2178	-242.178	-354.5118	112.3338	1.288357	2.692608	6.470179	0.763491
2184	-246.9364	-359.1623	112.226	1.234023	2.692608	6.470179	0.9580552
2190	-240.3626	-353.9409	113.5783	1.325618	2.692608	2.223788	0.9368926
2196	-243.0291	-355.6132	112.5841	1.328069	4.782495	3.050519	0.739893
2202	-239.274	-352.1492	112.8752	1.331311	3.663123	3.215537	0.739893
2208	-232.6955	-345.6037	112.9082	1.113209	3.644759	3.215537	0.9724607
2214	-228.3949	-342.3656	113.9706	1.129947	3.644759	1.035191	1.182547
2220	-227.6138	-340.5779	112.9641	1.235895	2.221421	4.602625	0.9373528
2226	-228.8115	-341.6028	112.7914	1.064844	5.002795	2.676076	0.9373528
2232	-240.2445	-355.188	114.9435	2.101189	2.546372	0.2361389	0.9266956
2238	-237.3597	-352.1514	114.7917	1.945751	2.882421	0.2361389	1.07888
2244	-231.4932	-344.7722	113.279	1.259962	3.68337	2.625632	0.5511944
2250	-227.4533	-340.3675	112.9142	1.199245	3.68337	3.633226	0.5883509
2256	-229.0022	-341.9471	112.9449	1.174724	3.258007	3.633226	0.8491841
2262	-237.9553	-351.1746	113.2194	0.9941083	3.258007	3.633226	0.719137
2268	-234.7122	-347.6888	112.9766	1.03924	3.258007	3.633226	0.9649673
2274	-243.335	-356.5624	113.2274	0.5228259	4.832436	2.564058	1.138161
2280	-238.8661	-351.5285	112.6624	0.6494646	4.832436	2.564058	1.493047
2286	-234.6674	-347.5433	112.8759	0.791128	3.596532	3.662481	1.162596
2292	-233.1626	-345.4073	112.2448	0.7935632	3.977999	5.845791	1.022017
2298	-231.1866	-345.1887	114.0021	1.295212	3.312677	1.394875	0.7877523
2304	-230.662	-343.9409	113.2789	1.212338	3.312677	2.408512	0.9911568
2310	-231.7528	-342.831	111.0782	0.8555272	3.312677	13.39608	1.08426
2316	-229.2162	-339.9865	110.7703	1.063377	3.312677	13.39608	1.174099
2322	-230.8179	-342.7912	111.9733	0.8210567	3.403499	4.697681	1.637788
2328	-238.9038	-350.5749	111.6711	0.4668632	3.940078	7.056521	1.548499
2334	-233.2322	-345.4528	112.2206	0.8695237	3.940078	4.298358	1.361727
2340	-229.4213	-342.0994	112.6781	0.8353398	2.452306	4.915532	1.361727
2346	-233.9913	-347.4373	113.446	0.6095653	4.095613	1.554099	1.545718
2352	-228.3456	-340.6798	112.3342	0.5200946	6.016589	4.023689	1.140243
2358	-220.8832	-333.8083	112.9251	0.7882584	3.214294	4.023689	1.140243
2364	-232.2348	-344.4819	112.2471	0.836512	3.890678	5.886594	0.9967418
2370	-236.6864	-348.5636	111.8772	0.9035743	3.890678	5.805003	1.285394
2376	-231.4247	-343.6325	112.2078	0.6276995	2.923198	5.805003	1.532271
2382	-229.0962	-341.438	112.3418	0.8157168	4.127283	4.849971	1.112281
2388	-230.3985	-342.6951	112.2966	0.6567825	4.728412	4.849971	1.128252
2394	-235.9866	-348.4493	112.4626	1.208686	5.072555	3.676376	0.542381
2400	-232.6727	-344.9654	112.2927	1.382013	5.072555	3.676376	0.4992108
2406	-243.9348	-354.4322	110.4974	1.55291	5.46605	10.35019	0.5842715
2412	-236.9847	-347.8893	110.9047	1.060052	3.539818	12.54632	1.07476
2418	-237.5998	-349.2262	111.6264	0.8606607	2.858537	9.177412	1.292866
2424	-227.1606	-339.4204	112.2598	0.6855992	2.858537	3.959434	1.852682
2430	-222.0471	-334.4721	112.425	0.5947381	4.411077	3.959434	1.384074
2436	-227.3519	-340.2156	112.8637	0.9502864	4.120781	3.171612	1.03314
2442	-227.8552	-341.0654	113.2102	0.8917811	4.558033	2.398991	0.9569003
2448	-233.609	-346.6494	113.0404	0.955115	5.556536	2.398991	0.747777
2454	-240.4051	-353.2707	112.8656	0.955115	5.556536	1.943845	1.195034
2460	-239.4036	-353.9915	114.588	1.311919	3.895226	0.5159242	0.9501086
2466	-235.9756	-348.204	112.2284	1.009655	3.895226	6.11073	0.7484065
2472	-231.0787	-345.0984	114.0197	1.028735	2.281636	2.432662	0.8813171
2478	-225.5319	-337.9895	112.4576	0.9758156	3.785234	4.995967	0.9130269
2484	-231.6482	-343.9991	112.3509	0.8025333	3.785234	4.995967	1.182196
2490	-221.187	-333.573	112.3859	0.9948393	4.244295	4.995967	0.7896276
2496	-222.3713	-334.8047	112.4334	1.460475	3.063802	4.995967	0.3721397
2502	-225.5068	-338.1202	112.6134	1.460475	2.693202	4.995967	0.4012106
2508	-224.547	-336.9684	112.4215	1.924181	2.778219	3.491257	0.2474286
2514	-225.2212	-337.8036	112.5825	0.8685284	6.082464	3.491257	0.638481
2520	-224.7286	-337.6731	112.9445	0.6346152	3.950418	3.225582	1.272211
2526	-231.5982	-344.6389	113.0407	0.5987987	3.950418	3.077815	1.272211
2532	-231.1929	-343.7613	112.5685	0.400618	3.784083	3.077815	1.813439
2538	-234.4468	-347.0599	112.6132	0.1870787	3.784083	3.077815	1.928663
2544	-231.9885	-344.9284	112.9399	0.1051425	3.784083	2.829503	1.834728
2550	-229.1073	-341.2649	112.1576	0.07036166	3.784083	4.404691	1.993771
2556	-226.5033	-339.1093	112.606	0.1363496	2.85671	3.944869	1.993771
2562	-235.9708	-348.5741	112.6034	0.1641783	3.606332	4.176906	1.717552
2568	-231.7898	-344.5126	112.7228	0.3209497	2.573236	4.176906	1.82575
2574	-233.3034	-345.6912	112.3878	0.1513395	3.680314	4.176906	1.857457
2580	-230.8624	-343.7093	112.8469	0.1288473	3.335878	4.176906	1.642047
2586	-238.2023	-350.5017	112.2994	0.1382637	5.936752	5.286965	1.191524
2592	-244.3794	-356.7793	112.3999	0.7508919	1.938251	3.235852	2.206198
2598	-235.5067	-348.1724	112.6657	0.2530593	1.938251	3.235852	2.354799
2604	-232.1293	-345.5483	113.419	1.337957	2.091798	3.235852	0.9222254
2610	-222.9456	-336.4737	113.5281	1.0323	2.374965	3.235852	0.9690649
2616	-238.5029	-352.0331	113.5302	1.126581	2.374965	2.78958	1.060621
2622	-241.3595	-354.3224	112.9629	0.9618226	2.298055	5.314711	0.9720528
2628	-233.7737	-347.7437	113.97	1.169335	2.298055	2.409627	0.7695088
2634	-240.0524	-353.5587	113.5063	0.8319418	3.845008	2.409627	0.9456834
2640	-243.7528	-357.5155	113.7626	1.056466	2.199905	2.480004	1.130685
2646	-236.0043	-349.1884	113.1842	1.037825	2.450031	3.946733	1.008138
2652	-237.6266	-349.5823	111.9556	0.8525923	4.898704	5.053384	1.162293
2658	-247.7702	-360.0722	112.302	0.9828561	3.421207	4.37965	1.335377
2664	-230.364	-342.3943	112.0303	0.7140466	3.421207	6.421553	1.333905
2670	-233.7358	-346.6278	112.892	0.687863	3.593211	1.786304	1.894155
2676	-231.8637	-345.5485	113.6847	1.111111	3.264787	1.786304	1.057311
2682	-238.8863	-352.5819	113.6955	1.367181	3.010955	1.786304	0.8894662
2688	-239.2789	-351.7056	112.4266	0.5093556	3.225452	6.804123	1.166923
2694	-234.1766	-345.7548	111.5782	0.4743138	4.745028	6.804123	1.462835
2700	-238.8618	-351.0987	112.237	0.5597121	4.184862	6.804123	0.9733287
2706	-232.9925	-346.6128	113.6203	0.7325801	5.26479	1.138704	1.305406
2712	-229.759	-341.8523	112.0933	0.9122318	4.261352	5.550415	1.035713
2718	-225.2129	-338.1387	112.9258	0.9126847	3.314242	3.440386	1.178293
2724	-234.3899	-347.3586	112.9686	0.8711643	3.310902	3.440386	1.178293
2730	-232.7869	-345.7936	113.0067	0.8512612	3.264784	3.440386	1.178293
2736	-237.9466	-350.7796	112.833	1.04375	3.31582	3.440386	1.144179
2742	-244.6547	-357.5737	112.919	1.048293	3.650337	3.623543	0.8575195
2748	-237.919	-351.1235	113.2045	1.00023	2.917718	3.623543	0.9180585
2754	-238.871	-351.8131	112.9422	1.452906	2.917718	3.623543	0.6509854
2760	-233.373	-346.0928	112.7198	1.288999	2.757375	5.204217	0.5198229
2766	-229.8084	-342.6354	112.827	1.356865	2.170974	5.204217	0.7841302
2772	-230.454	-344.8285	114.3745	1.544972	1.600606	1.788409	0.7593849
2778	-224.13	-339.2991	115.1691	1.851532	1.600606	0.6426129	0.6572489
2784	-228.2674	-342.8751	114.6077	1.851532	2.651648	0.6426129	0.558888
2790	-237.099	-351.668	114.569	1.532365	2.651648	0.4633622	1.297801
2796	-229.2076	-343.3014	114.0938	0.9336234	3.293918	1.676773	0.8799147
2802	-231.6441	-344.1177	112.4736	1.073536	3.121036	5.842177	0.8133944
2808	-230.4095	-342.6821	112.2726	1.397778	3.121036	5.842177	0.5977655
2814	-227.8416	-340.5464	112.7049	1.116656	2.603623	5.842177	0.7499519
2820	-228.989	-340.9977	112.0086	0.9614514	5.229286	5.212743	0.8670965
2826	-234.057	-347.3581	113.3011	0.9121428	5.229286	2.057285	0.8208354
2832	-231.6295	-345.4384	113.8088	1.051195	4.197503	1.365571	0.9588085
2838	-234.4176	-347.6934	113.2758	1.154607	2.724561	2.89267	1.071232
2844	-234.1233	-346.8277	112.7044	0.757066	1.464213	7.813016	1.342165
2850	-233.9647	-346.6839	112.7192	0.953775	1.464213	6.78339	1.342165
2856	-234.9842	-347.9155	112.9313	1.142954	1.464213	6.78339	0.9886794
2862	-237.0902	-349.6099	112.5197	0.8706206	1.464213	4.653341	1.936579
2868	-236.0404	-349.0996	113.0592	0.759938	2.24494	4.653341	1.262935
2874	-239.308	-351.9304	112.6224	0.9528011	2.959553	4.653341	1.180082
2880	-236.7314	-349.3907	112.6593	0.8512904	2.959553	5.594757	0.9999459
2886	-225.2899	-337.3826	112.0928	1.084148	2.210257	8.135019	1.132904
2892	-226.9817	-339.3668	112.385	0.6073216	2.210257	8.135019	1.2902
2898	-224.3209	-336.8339	112.513	0.7906541	2.158144	3.246677	2.020229
2904	-226.1117	-338.8364	112.7247	0.2657847	2.787163	3.246677	2.020229
2910	-223.4979	-336.7012	113.2034	0.5377389	1.793702	3.174145	1.891247
2916	-231.7738	-341.9036	110.1297	0.8035837	4.112287	18.80801	1.208301
2922	-230.4781	-343.4558	112.9776	0.9828573	4.112287	2.612606	1.1276
2928	-231.1776	-343.436	112.2585	0.8294331	3.205648	5.005903	1.411069
2934	-231.5675	-345.1433	113.5758	0.5827292	3.277473	2.144342	1.411069
2940	-240.2939	-352.384	112.0901	0.5290962	2.717874	3.939917	2.117621
2946	-232.8252	-344.3944	111.5692	0.7578768	2.717874	9.160225	1.470303
2952	-231.2174	-342.3826	111.1652	0.4419739	3.491961	9.160225	1.759467
2958	-226.7637	-338.7511	111.9874	0.4080793	3.454006	5.446505	1.759467
2964	-244.6181	-357.1527	112.5346	0.5973614	3.972364	3.257589	1.600454
2970	-249.8687	-361.3336	111.4649	0.5592737	3.514902	8.490608	1.538032
2976	-240.0263	-352.107	112.0807	1.064844	2.911511	6.273398	1.20225
2982	-248.3499	-361.5128	113.1629	0.5431554	3.966143	1.343252	1.933723
2988	-244.5704	-357.9589	113.3885	0.824813	3.285288	1.326366	1.765843
2994	-235.6803	-348.2389	112.5585	0.9250405	3.612826	4.174971	1.164262
3000	-245.0592	-358.3362	113.277	1.171459	3.299004	3.055255	0.6732802
3006	-239.2808	-352.8046	113.5238	1.526342	3.299004	1.931682	0.4412107
3012	-248.1912	-360.2738	112.0826	1.228319	3.157286	7.199726	0.6845988
3018	-233.3756	-345.8843	112.5087	1.088344	4.16516	4.571946	0.6845988
3024	-230.0287	-342.6458	112.6171	1.09431	4.16516	4.205687	0.6845988
3030	-226.9751	-340.1661	113.191	0.9837808	6.485109	1.760864	0.6845988
3036	-223.53	-336.9148	113.3848	1.404288	3.680758	2.124007	0.5858613
3042	-232.093	-344.9256	112.8326	1.266439	3.680758	3.582787	0.6710523
3048	-232.2865	-346.1214	113.835	1.023629	2.615492	2.494764	0.8718495
3054	-233.6278	-347.5552	113.9274	0.9429398	2.105611	2.547494	1.101631
3060	-231.6158	-345.7341	114.1183	1.138444	1.792598	2.547494	0.9026762
3066	-238.2757	-351.5935	113.3178	1.364487	1.792598	4.414223	0.7160712
3072	-251.2614	-365.4479	114.1865	0.9550218	1.706087	3.146287	0.7866838
3078	-242.5562	-355.6601	113.1039	0.9630632	2.210845	4.836048	1.009408
3084	-228.4118	-340.6518	112.24	0.856329	3.140157	4.836048	1.462035
3090	-227.0566	-339.6058	112.5492	0.7996064	3.138885	4.836048	1.262776
3096	-228.3037	-340.8267	112.523	0.7996064	2.351021	4.836048	1.5632
3102	-232.4585	-345.9039	113.4454	0.5676555	2.206679	1.910167	1.963799
3108	-239.118	-350.9941	111.8761	0.3700726	2.908211	5.843481	1.944577
3114	-240.5615	-351.6038	111.0423	0.5308672	2.908211	12.33699	1.614681
3120	-241.1075	-352.4901	111.3826	0.3595144	2.908211	8.712919	1.882528
3126	-244.232	-355.0467	110.8148	0.6825412	2.908211	17.29141	1.237708
3132	-239.1312	-351.1913	112.06	0.8796788	2.715592	6.41764	1.413219
3138	-247.0012	-358.031	111.0297	0.9801255	2.910458	11.11807	1.413219
3144	-229.9061	-342.8314	112.9254	0.7201387	4.325498	2.765889	1.277631
3150	-229.2296	-341.9543	112.7248	0.2960567	5.277916	2.549941	1.621216
3156	-231.3446	-344.1602	112.8156	0.3594811	5.277916	2.549941	1.507812
3162	-228.3973	-341.0306	112.6333	0.1748535	5.277916	4.221427	1.28408
3168	-230.6684	-342.752	112.0836	0.2994157	4.003691	4.221427	1.877405
3174	-225.8227	-339.1202	113.2975	0.3703652	2.868212	2.266316	1.841869
3180	-231.4608	-344.0711	112.6103	0.2859304	2.868212	5.069301	1.646168
3186	-230.2386	-343.2897	113.0511	0.9476122	2.249093	5.069301	0.9911439
3192	-230.3187	-344.0948	113.7761	1.166322	4.669481	1.211164	0.8452309
3198	-220.0697	-334.0782	114.0085	1.182657	3.937913	1.211164	0.8248943
3204	-230.0886	-342.4884	112.3998	1.3458	8.331099	1.796283	0.3202536
3210	-225.5982	-337.0937	111.4955	0.8839866	8.331099	5.30576	0.7005298
3216	-225.0017	-338.0404	113.0386	1.124739	6.340393	1.816465	0.7005298
3222	-233.1271	-344.8478	111.7207	1.176342	5.225719	5.812689	0.7613832
3228	-235.7939	-347.9955	112.2017	0.6251632	5.225719	3.900565	1.366075
3234	-234.5995	-347.7737	113.1742	1.073087	5.225719	1.911553	0.8848873
3240	-226.2786	-340.0207	113.7422	1.267367	2.880082	1.911553	0.9245021
3246	-237.2979	-352.3694	115.0715	1.834697	2.665605	0.2392655	1.002839
3252	-237.0631	-351.7631	114.7001	1.683194	2.864307	0.3994208	1.071158
3258	-233.3004	-348.3297	115.0293	1.991425	2.681501	0.2493713	0.8397438
3264	-231.4027	-345.8677	114.4651	1.973144	3.935127	0.3545704	0.5297711
3270	-236.5074	-351.235	114.7276	1.973144	3.164932	0.3266971	0.7360658
3276	-232.6044	-347.3761	114.7717	2.012657	3.318189	0.247252	0.8021585
3282	-234.71	-349.3987	114.6887	1.796871	3.318189	0.1911582	1.254918
3288	-236.065	-350.8083	114.7433	1.716578	3.344566	0.1911582	1.267632
3294	-255.6703	-369.6277	113.9574	1.284499	8.155416	0.1911582	1.232891
3300	-247.1108	-360.288	113.1772	1.162041	7.934588	1.075786	0.7886081
3306	-235.8527	-349.9588	114.1061	1.300959	3.834342	1.075786	0.7452974
3312	-240.0695	-353.5892	113.5198	1.56414	5.179553	1.075786	0.4730777
3318	-234.8741	-349.1394	114.2652	1.66599	7.138225	0.1902357	0.7237148
3324	-240.4693	-355.6715	115.2022	1.953518	2.985809	0.1902357	0.690339
3330	-239.7327	-354.5498	114.8171	2.104506	3.135174	0.1902357	0.9194853
3336	-240.1241	-354.2166	114.0924	1.87562	3.135174	0.8644982	0.4295062
3342	-245.9846	-359.9954	114.0108	1.932851	3.450278	0.7795721	0.4346232
3348	-246.9941	-358.2334	111.2393	1.996869	5.212179	3.295316	0.1417916
3354	-239.8811	-351.1813	111.3002	1.896937	6.45179	3.295316	0.214334
3360	-241.2206	-352.3649	111.1443	1.880376	6.45179	3.295316	0.1626697
3366	-247.5027	-358.9196	111.4169	1.912044	5.918187	2.919252	0.1684087
3372	-247.77	-359.6494	111.8794	1.460303	5.918187	3.324969	0.2255613
3378	-236.6215	-349.9893	113.3678	1.03823	5.20126	1.935658	0.637936
3384	-237.827	-351.1211	113.2941	0.9266208	5.64851	1.935658	0.7583916
3390	-240.3483	-353.434	113.0857	1.101421	5.64851	1.935658	0.8050588
3396	-233.9341	-347.859	113.9249	0.7927518	4.427112	1.291739	1.085398
3402	-236.367	-349.37	113.003	0.6451095	4.276642	2.462948	1.402688
3408	-227.7458	-341.0488	113.303	0.8567362	3.683456	2.462948	1.146358
3414	-222.784	-336.4553	113.6714	0.8121654	3.683456	2.307335	0.9071532
3420	-226.2808	-339.7271	113.4463	1.037261	3.683456	2.307335	0.9071532
3426	-233.4067	-346.1989	112.7922	0.5182319	3.683456	3.870486	1.370671
3432	-234.1185	-346.3704	112.2519	0.7950365	5.185665	3.780825	1.229736
3438	-221.8502	-333.5959	111.7457	0.7588217	5.176119	6.359507	1.068678
3444	-225.6606	-338.1899	112.5293	0.6616245	2.212595	6.359507	1.423163
3450	-221.6104	-334.6698	113.0594	1.298444	3.675379	3.038322	0.551665
3456	-229.73	-342.3867	112.6566	1.249541	4.689783	3.222283	0.6764456
3462	-231.7495	-344.715	112.9656	0.8117629	2.117852	3.232273	1.715842
3468	-233.8298	-345.4955	111.6657	0.7216971	2.117852	8.625809	1.715842
3474	-219.327	-332.2065	112.8795	1.000661	4.51439	3.134265	0.8447548
3480	-221.1454	-334.5958	113.4504	0.7719928	4.247473	2.261789	1.005434
3486	-224.541	-337.5969	113.0559	0.8236405	5.843238	2.261789	0.895504
3492	-227.1945	-340.3013	113.1068	0.5808627	7.4183	1.91783	0.9351641
3498	-228.3398	-341.2829	112.9431	0.9286838	6.292604	2.176764	0.831559
3504	-233.7314	-346.2476	112.5162	1.121766	6.292604	2.980229	0.4814502
3510	-229.0388	-342.044	113.0052	1.252179	3.658196	3.286753	0.5759151
3516	-230.239	-342.9227	112.6837	1.054375	5.233176	3.286753	0.6542656
3522	-241.4234	-354.4247	113.0012	0.4477783	3.934131	3.742525	1.222772
3528	-230.247	-343.3324	113.0853	0.8470671	3.934131	2.567516	1.222772
3534	-227.3074	-340.4243	113.1169	0.7190612	3.324874	2.639679	1.450317
3540	-223.4758	-335.8181	112.3423	1.193786	2.530538	5.863213	1.098561
3546	-223.268	-336.1825	112.9145	0.8715962	2.498734	4.270464	1.280061
3552	-224.6335	-337.1075	112.474	1.006141	3.137015	4.270464	1.296348
3558	-228.4154	-341.0305	112.6152	1.258057	3.265615	4.270464	0.8804254
3564	-222.3414	-334.8802	112.5388	1.154889	5.986926	3.02073	0.5059321
3570	-224.584	-337.379	112.795	1.382118	4.243605	3.02073	0.5045108
3576	-231.5798	-344.2975	112.7177	1.319627	3.35095	4.187234	0.6181746
3582	-229.5585	-342.2418	112.6833	1.0763	3.541296	4.795067	0.6617892
3588	-230.6596	-342.949	112.2894	0.6927712	3.081532	4.795067	1.574032
3594	-236.1341	-348.8542	112.7202	0.5986317	2.352859	4.795067	1.574032
3600	-238.7046	-353.3079	114.6032	1.524267	2.048329	1.05305	0.8641441
3606	-236.6997	-350.1127	113.413	1.533864	3.896617	1.627724	0.3194754
3612	-245.6935	-358.637	112.9435	1.457864	3.896617	2.689402	0.3751541
3618	-244.7295	-356.4094	111.6798	1.138914	5.489309	5.913236	0.7369368
3624	-239.0032	-350.1909	111.1877	1.126195	5.489309	8.700326	0.5900376
3630	-236.2655	-348.3021	112.0365	1.126195	2.928395	8.700326	0.581869
3636	-234.4049	-348.6452	114.2403	1.394643	2.367325	1.534267	0.7602146
3642	-227.1803	-340.3007	113.1204	0.9942262	2.812013	4.294218	0.8093181
3648	-223.473	-336.0388	112.5658	0.7879847	4.091788	5.17572	0.8250153
3654	-227.6466	-340.2677	112.6211	1.165027	4.091788	4.196543	0.5628592
3660	-230.7603	-343.2282	112.4678	1.124302	4.678802	4.196543	0.6002527
3666	-236.7321	-349.419	112.6869	1.110109	3.065831	4.196543	1.067331
3672	-222.8782	-336.5682	113.69	0.8840516	3.065831	1.540556	1.449914
3678	-220.4776	-334.2956	113.818	1.028308	3.065831	1.540556	1.232631
3684	-221.0138	-333.4721	112.4583	0.8453775	5.280194	3.037316	1.232631
3690	-223.3753	-336.4742	113.0989	0.7342218	3.585307	3.037316	1.232631
3696	-225.2138	-337.7415	112.5276	0.6691903	1.996888	6.119818	1.552531
3702	-228.7408	-340.4793	111.7385	0.7323653	3.366426	6.119818	1.610529
3708	-219.3368	-332.8444	113.5076	0.8341054	3.206969	1.618444	1.539737
3714	-237.6507	-351.3653	113.7146	1.293376	3.206969	1.473924	1.082171
3720	-231.5786	-345.6131	114.0345	1.416925	3.206969	1.014627	1.033562
3726	-226.1032	-340.3833	114.2801	1.49113	3.206969	1.014627	0.6097944
3732	-226.6423	-340.2692	113.6269	1.019025	6.956762	1.014516	0.7137441
3738	-233.2578	-346.6731	113.4153	0.8498534	6.956762	1.014516	1.136912
3744	-242.6789	-355.7663	113.0875	1.048188	3.498569	3.113255	0.9530421
3750	-239.5142	-352.8055	113.2912	1.580272	2.85716	2.552181	0.3772804
3756	-250.1275	-362.438	112.3105	1.44324	4.605023	3.794463	0.4216989
3762	-243.1526	-355.3314	112.1788	0.2797209	3.785517	6.168767	1.497072
3768	-242.5939	-355.8752	113.2812	0.2939852	2.461911	4.121377	1.497072
3774	-244.3832	-357.6569	113.2737	0.6621278	1.736476	2.550953	1.970882
3780	-242.4381	-353.598	111.1599	0.3963496	2.454881	10.37522	1.96629
3786	-231.7725	-343.5642	111.7917	0.4757717	2.454881	4.112193	2.387606
3792	-222.5397	-335.0455	112.5057	1.040615	3.698849	4.112193	1.098452
3798	-226.8264	-340.0686	113.2422	1.190635	1.776765	4.845426	0.89041
3804	-232.3333	-345.449	113.1157	1.343859	1.776765	4.845426	0.8591521
3810	-232.9909	-346.8289	113.8379	0.9020934	3.079143	2.415241	0.8134254
3816	-226.5244	-338.9676	112.4432	1.160733	3.079143	5.135013	0.9775311
3822	-233.231	-344.0732	110.8422	0.8983494	3.748093	14.65025	0.9693392
3828	-225.9201	-339.5779	113.6579	1.027038	4.06986	1.543346	1.041997
3834	-233.2992	-345.5277	112.2285	1.027038	2.651929	7.110551	1.041997
3840	-242.4417	-355.931	113.4893	0.5685354	2.651929	1.685814	1.878642
3846	-240.0654	-353.2219	113.1564	0.639935	3.600136	2.676056	1.38728
3852	-235.6628	-349.5206	113.8578	1.036776	1.899616	2.676056	1.133764
3858	-235.5126	-349.3674	113.8548	1.148949	2.071824	2.889708	0.8151546
3864	-238.7289	-351.9579	113.229	1.126119	4.787099	1.990958	0.8464927
3870	-236.3842	-348.7399	112.3557	1.163358	2.620728	7.475677	0.6226222
3876	-244.3239	-355.2325	110.9086	1.309638	3.218134	14.62055	0.5350855
3882	-239.0659	-352.2996	113.2337	1.05404	3.218134	3.477468	0.7180548
3888	-238.973	-350.7356	111.7626	1.033892	3.195906	9.67198	0.7609519
3894	-234.2177	-346.838	112.6202	2.004819	4.154173	1.780719	0.2369552
3900	-240.283	-352.047	111.764	1.772103	5.385644	3.236989	0.2369552
3906	-231.8982	-344.0877	112.1895	1.812718	3.975753	3.236989	0.2597914
3912	-240.4129	-352.6267	112.2139	1.812718	3.904229	3.236989	0.2597914
3918	-238.1249	-350.7488	112.624	1.825061	3.483795	2.833679	0.3325566
3924	-243.5259	-356.6337	113.1078	1.680067	3.483795	2.162288	0.339916
3930	-241.1469	-354.4758	113.3289	1.620977	3.483795	1.826598	0.3072988
3936	-234.9954	-346.9955	112	1.760363	3.544041	4.571951	0.3025329
3942	-237.801	-351.4612	113.6603	1.52893	2.95374	1.763692	0.7801427
3948	-232.2213	-345.5383	113.3171	1.179174	3.041387	3.157182	0.7005361
3954	-245.1714	-359.8079	114.6365	1.534381	1.97375	1.1189	0.7856445
3960	-238.2757	-352.7215	114.4459	1.347468	2.983358	1.084095	0.6194336
3966	-231.5449	-345.5922	114.0472	1.477347	3.617774	1.084095	0.6619089
3972	-231.4421	-345.7362	114.2941	1.273859	2.935477	1.38292	0.5911473
3978	-240.5349	-350.858	110.323	0.9323233	2.375378	22.77951	1.247452
3984	-242.4337	-352.6351	110.2014	0.8997514	2.640396	22.77951	1.267484
3990	-230.6984	-343.4556	112.7572	0.4872185	1.789263	5.608885	1.700839
3996	-236.6419	-349.0192	112.3773	0.3735208	3.248692	5.608885	1.531283
4002	-238.973	-351.1443	112.1713	0.5724258	3.248692	5.608885	1.536559
4008	-233.8813	-346.9828	113.1015	0.681464	3.124829	3.672927	1.217269
4014	-234.2618	-346.774	112.5122	0.8306422	4.968751	4.178071	0.8737254
4020	-230.2567	-342.8105	112.5537	0.765676	4.968751	4.178071	0.9005608
4026	-242.9674	-354.867	111.8996	0.8810411	4.968751	6.742982	0.7163351
4032	-233.2296	-345.3371	112.1075	0.8978587	2.795302	6.742982	1.274048
4038	-244.6398	-357.8807	113.2409	0.8555142	2.874868	4.052635	0.8930164
4044	-232.6899	-345.1624	112.4725	0.6283226	5.020262	4.575046	0.985624
4050	-239.2425	-351.4759	112.2334	0.8156891	5.062328	4.575046	1.025415
4056	-241.2219	-353.9834	112.7615	0.8595449	3.953446	3.678711	1.085182
4062	-239.5813	-351.648	112.0668	1.125605	2.974743	6.525136	1.085182
4068	-223.288	-336.5394	113.2514	0.9773579	2.812975	3.75727	0.8890603
4074	-233.8724	-345.329	111.4565	0.6847308	4.484599	8.666288	1.158052
4080	-232.6075	-345.8378	113.2303	0.7192004	5.426965	1.706739	1.241183
4086	-234.2468	-347.0094	112.7626	0.7228188	4.556194	4.003249	0.914219
4092	-242.3275	-355.0209	112.6934	0.7648176	4.556194	4.003249	0.9436575
4098	-233.5093	-346.5729	113.0636	1.145127	2.378386	4.003249	1.037774
4104	-235.59	-348.7364	113.1464	1.025289	3.27233	2.448843	1.274462
4110	-228.2278	-341.2039	112.976	0.5269332	4.551522	2.448843	1.454023
4116	-226.0995	-339.3993	113.2998	0.9599862	4.551522	2.448843	0.7334142
4122	-231.9609	-343.0152	111.0543	1.179432	3.087136	11.91347	1.068068
4128	-224.1987	-336.2573	112.0586	1.343707	3.087136	6.91445	0.6801992
4134	-231.7706	-344.1975	112.4269	1.337734	4.745746	3.668057	0.557471
4140	-226.7012	-339.5538	112.8526	1.345331	3.442073	3.668057	0.557471
4146	-227.4726	-339.8102	112.3375	1.614924	3.825796	3.930351	0.4070139
4152	-232.1282	-344.8556	112.7274	1.614924	2.718866	3.930351	0.3340001
4158	-226.22	-339.3821	113.1622	1.616854	2.718866	2.9683	0.5296639
4164	-229.8247	-343.0139	113.1892	1.803464	2.718866	2.351261	0.3279139
4170	-234.5298	-347.4997	112.9698	1.733301	3.410001	2.351261	0.3279139
4176	-231.5846	-343.6891	112.1045	1.704535	3.410001	4.876732	0.4068899
4182	-234.9357	-348.4163	113.4806	1.275427	3.410001	2.398097	0.480115
4188	-235.8043	-349.2703	113.4661	1.07821	3.410001	2.033113	1.098938
4194	-237.3503	-349.9197	112.5695	0.8473472	2.328535	6.236199	1.214461
4200	-230.6637	-343.4063	112.7426	0.3882512	2.328535	6.536905	1.390755
4206	-226.7981	-338.0588	111.2607	0.6763295	3.063426	6.536905	1.997981
4212	-231.5132	-342.5505	111.0374	0.6208914	3.063426	6.536905	2.181247
4218	-250.4554	-362.0911	111.6357	0.3390408	3.063426	5.24867	2.181247
4224	-237.8466	-349.8054	111.9588	0.5879312	4.095052	5.24867	1.525417
4230	-233.567	-345.5226	111.9556	0.5264766	3.509911	5.24867	1.720781
4236	-240.8309	-352.8987	112.0678	0.5698956	3.509911	5.24867	1.609575
4242	-242.1943	-353.3921	111.1979	0.5417661	2.773077	9.883128	1.790612
4248	-241.4087	-354.0718	112.6631	0.89975	4.177695	2.504994	1.476451
4254	-230.7013	-343.5056	112.8043	0.89975	4.177695	3.628298	0.9480154
4260	-244.9092	-357.4567	112.5475	0.7369696	3.456366	4.294261	1.346425
4266	-235.8954	-348.4478	112.5524	0.4159668	3.456366	4.294261	1.58655
4272	-241.2919	-354.1552	112.8633	0.4522407	2.168368	5.947079	1.420856
4278	-241.7011	-354.5949	112.8938	0.4682683	1.559537	5.947079	1.667542
4284	-238.2497	-351.346	113.0963	0.3887751	1.559537	3.264351	2.142468
4290	-247.7238	-360.6967	112.9729	0.4230864	1.559537	4.136469	1.994264
4296	-246.0681	-359.1226	113.0545	0.5437622	2.900147	2.800213	1.69916
4302	-235.5807	-348.6854	113.1048	0.7926145	2.832037	2.800213	1.503384
4308	-235.655	-347.9342	112.2792	0.5841768	2.931423	5.497637	1.566568
4314	-236.61	-349.2198	112.6098	1.00773	2.931423	5.091651	1.038106
4320	-228.475	-341.4293	112.9544	1.00773	3.29261	4.112814	0.8216876
4326	-230.3289	-342.325	111.9961	0.8446382	3.798992	5.971279	1.228187
4332	-235.4097	-347.2171	111.8074	0.7399766	5.185892	5.971279	1.111263
4338	-230.8879	-343.9563	113.0684	0.8921634	3.331548	2.342446	1.465146
4344	-236.9165	-349.3215	112.4049	0.5200468	5.881029	1.411287	2.052987
4350	-224.0917	-337.2969	113.2052	0.2228839	3.399302	3.55834	1.44789
4356	-234.8288	-346.8104	111.9817	0.4214228	3.179413	3.55834	2.216704
4362	-232.2685	-345.1209	112.8524	0.3198415	2.119757	3.55834	2.042156
4368	-233.9761	-347.3345	113.3584	0.5270516	2.582563	3.55834	1.364063
4374	-230.0411	-342.8883	112.8472	0.4442219	4.693761	2.736962	1.477803
4380	-229.5459	-341.7566	112.2107	0.547115	5.073966	3.858026	1.462929
4386	-229.7399	-342.0822	112.3424	0.9128631	5.073966	3.353445	1.213133
4392	-241.165	-353.7133	112.5483	0.8137782	6.18299	3.243233	0.8787667
4398	-239.2935	-351.991	112.6975	1.156034	4.51644	3.243233	0.8221313
4404	-232.974	-346.0168	113.0428	0.9644308	6.434926	1.898989	0.8221313
4410	-231.0389	-344.1529	113.114	0.8160102	2.376498	4.236488	1.220326
4416	-237.8259	-350.8367	113.0108	0.4664112	2.376498	4.236488	1.573947
4422	-236.0611	-348.668	112.607	0.5215246	2.835196	2.179629	2.240128
4428	-243.2702	-353.8844	110.6142	0.3962953	3.007622	9.581156	2.240128
4434	-253.191	-365.8292	112.6382	0.8471525	3.149335	3.918732	1.380993
4440	-239.3207	-351.7261	112.4054	0.8687854	2.980547	5.617698	1.20327
4446	-241.4765	-353.8494	112.3728	0.5620298	5.169016	4.956964	0.9991474
4452	-225.4103	-338.0239	112.6135	0.4635689	3.538951	4.402108	1.4572
4458	-221.3396	-334.1724	112.8328	0.7641166	4.60475	2.963346	1.172461
4464	-223.9136	-336.4809	112.5674	0.6298753	2.774754	5.240536	1.418757
4470	-225.2879	-338.4809	113.1931	0.858812	3.937129	2.805832	1.013188
4476	-228.5934	-341.5797	112.9863	1.027644	4.181709	2.680507	1.026662
4482	-232.7769	-345.1948	112.4179	1.123649	3.46179	4.066634	1.193606
4488	-227.4801	-341.9111	114.431	1.444543	2.827724	0.7343842	1.078904
4494	-234.5122	-348.828	114.3157	1.213243	3.637409	0.588397	1.270555
4500	-240.5797	-354.8845	114.3048	1.442042	4.327824	0.588397	0.8347032
4506	-242.2392	-356.2353	113.9961	1.442042	4.327824	0.950575	0.6091448
4512	-239.4453	-351.6873	112.242	1.19315	4.122079	4.932518	0.7939968
4518	-227.4631	-339.1064	111.6433	1.007895	4.122079	6.867767	1.119274
4524	-229.1277	-341.7051	112.5774	1.253969	4.122079	3.959248	0.6344291
4530	-238.6287	-351.2923	112.6636	1.304347	6.407932	2.231286	0.4686915
4536	-238.7794	-351.5411	112.7617	1.160237	6.567702	2.231286	0.4265439
4542	-233.0605	-347.407	114.3465	1.199873	3.772947	0.9378126	0.7740382
4548	-234.0738	-347.5393	113.4656	1.05878	7.272306	0.9378126	0.8920333
4554	-229.8274	-343.3353	113.5079	1.029345	7.272306	1.065561	0.7018486
4560	-225.8505	-339.0993	113.2488	0.9389163	2.307396	4.049284	1.078014
4566	-228.2176	-341.4408	113.2232	0.6299138	3.245983	4.038629	0.991828
4572	-231.9962	-344.0471	112.0509	0.338621	4.024567	5.384622	1.631142
4578	-231.4781	-343.5825	112.1044	0.5137371	4.024567	5.384622	1.462149
4584	-236.7732	-348.5976	111.8244	0.2195136	2.312135	5.115674	2.384389
4590	-241.1933	-353.4212	112.2279	0.05334442	6.040417	5.115674	1.338743
4596	-232.992	-345.6942	112.7022	0.01484209	4.451805	3.514521	1.715743
4602	-239.9073	-351.5165	111.6091	0.02109889	4.451805	8.536655	1.588096
4608	-244.1093	-356.6118	112.5024	0.2184572	4.451805	4.005919	1.588096
4614	-248.5862	-360.9478	112.3617	0.1797868	4.451805	5.081844	1.478209
4620	-240.727	-352.973	112.246	0.8579656	4.451805	5.071487	1.005885
4626	-239.851	-350.0117	110.1607	0.7620693	2.931253	13.1198	1.988718
4632	-236.4052	-348.4992	112.0941	0.6448334	4.818325	4.447653	1.384709
4638	-247.5271	-359.9821	112.4551	0.3564839	3.315586	6.000286	1.391176
4644	-239.628	-352.2032	112.5752	1.510855	2.474237	5.412349	0.5341166
4650	-235.2534	-348.8895	113.636	1.592871	2.474237	2.190824	0.6620523
4656	-239.3215	-352.5845	113.2631	1.085078	2.474237	4.252653	0.7208109
4662	-227.7643	-340.7666	113.0023	1.607603	2.107058	4.252653	0.4399527
4668	-228.8539	-341.6172	112.7633	1.4451	2.932204	4.252653	0.4584221
4674	-233.2507	-346.8072	113.5564	1.547181	2.932204	2.112136	0.4868391
4680	-234.9133	-348.3408	113.4275	1.416605	1.94634	3.778281	0.6236326
4686	-234.553	-347.8515	113.2986	1.416605	2.21762	3.778281	0.5217164
4692	-229.8228	-343.8132	113.9905	1.03131	2.237908	2.840958	0.6811303
4698	-233.2552	-345.5992	112.344	1.168714	6.201853	3.31193	0.5792828
4704	-230.678	-343.2465	112.5685	1.263063	6.201853	2.520351	0.6510018
4710	-223.7773	-336.4709	112.6936	1.046626	6.201853	2.782029	0.5596591
4716	-222.0291	-335.2644	113.2353	1.046626	4.206333	2.782029	0.5795741
4722	-226.6629	-339.552	112.8891	1.6178	2.731518	3.543586	0.3734163
4728	-220.6846	-333.7301	113.0456	1.726144	2.363507	3.355429	0.6172916
4734	-227.1425	-339.2202	112.0777	1.726144	3.936608	4.127505	0.3415315
4740	-221.5696	-334.3433	112.7737	1.595417	3.904897	2.736143	0.3639772
4746	-221.8501	-334.1578	112.3076	1.725573	2.792517	4.84474	0.3452128
4752	-229.7652	-343.7286	113.9635	1.470843	2.792517	1.630357	0.3869289
4758	-230.5073	-342.2942	111.787	1.097997	5.628219	5.113297	0.8761353
4764	-235.1901	-347.2599	112.0698	0.7577323	6.146904	4.865052	0.8761353
4770	-230.9868	-342.7765	111.7896	1.056494	6.746276	4.865052	0.6472149
4776	-231.12	-342.715	111.595	1.058187	6.276161	4.865052	1.028125
4782	-232.6258	-345.9431	113.3173	0.9682185	3.614686	2.797807	0.8905442
4788	-227.3267	-340.5787	113.2521	0.9682185	3.614686	2.946108	0.8905442
4794	-228.9644	-342.3024	113.338	1.065961	3.614686	2.946108	0.607316
4800	-233.7751	-347.1086	113.3335	0.8447077	2.784776	2.946108	1.248622
4806	-227.6078	-340.0207	112.4129	0.7132134	3.157947	5.697941	1.248622
4812	-234.3658	-348.0646	113.6988	0.1177894	2.888335	2.5154	1.642259
4818	-224.1877	-336.6662	112.4785	0.2229181	2.888335	4.823856	1.825623
4824	-227.2501	-338.7171	111.467	0.4759894	3.288894	8.498673	1.659237
4830	-229.4729	-341.3032	111.8303	0.4363664	7.316315	4.753036	1.202681
4836	-231.2816	-344.9037	113.6221	0.6289656	2.876234	2.04016	1.5127
4842	-226.6044	-337.9925	111.3881	0.5162868	2.641655	8.614851	1.86597
4848	-228.2635	-339.7639	111.5004	0.5643722	2.317908	8.614851	1.86597
4854	-235.2691	-348.0732	112.8041	0.4972329	2.661891	3.07565	1.896959
4860	-229.1648	-342.1156	112.9508	0.8934352	3.789372	3.07565	1.145852
4866	-225.8288	-339.1785	113.3496	0.3195686	3.789372	2.228472	1.600206
4872	-232.2825	-344.2345	111.952	0.75534	4.561524	7.265016	0.8315524
4878	-241.2803	-352.6696	111.3893	0.4571123	5.057014	7.265016	1.477709
4884	-238.6461	-349.7635	111.1174	0.5529126	3.343405	7.265016	1.996137
4890	-237.3316	-348.2664	110.9348	0.3917563	3.343405	7.265016	2.22151
4896	-234.7481	-346.8142	112.0661	0.4350741	3.343405	4.767424	1.845399
4902	-231.2418	-343.9362	112.6944	1.064952	3.343405	4.767424	0.7957152
4908	-234.9854	-347.3447	112.3594	0.9397178	3.343405	5.173749	1.154804
4914	-234.3521	-347.2765	112.9243	0.5640186	5.015235	2.986194	1.154804
4920	-237.6462	-349.5394	111.8931	0.9245066	5.015235	6.101146	0.8502134
4926	-248.4698	-360.9171	112.4473	0.8052572	5.015235	4.333897	0.9049749
4932	-240.8835	-353.3129	112.4295	1.188433	4.726588	3.926981	0.7069541
4938	-237.8124	-349.6967	111.8843	1.21831	3.360102	7.277688	0.8465563
4944	-246.2382	-357.7796	111.5414	1.014558	2.355604	10.0833	1.311784
4950	-239.3283	-351.52	112.1917	0.5263895	3.692952	3.277219	1.951313
4956	-235.933	-348.7362	112.8031	0.6577286	4.0812	3.397124	1.278028
4962	-224.446	-337.5125	113.0665	0.6577286	3.198803	3.397124	1.325501
4968	-227.0716	-339.8518	112.7802	0.4472179	3.198803	3.397124	1.697644
4974	-229.7715	-341.8714	112.1	0.8124846	3.778796	5.713999	1.227242
4980	-232.3927	-345.7329	113.3403	0.7949773	4.797679	1.545999	1.322083
4986	-230.0789	-342.843	112.7641	1.106498	2.908113	4.342717	1.016352
4992	-229.5453	-341.8967	112.3514	0.9746824	4.428649	4.342717	1.006052
4998	-235.5116	-347.5273	112.0157	1.435521	4.428649	4.342717	0.8719755
5004	-228.5065	-341.3608	112.8542	1.581419	2.383859	4.342717	0.4507898
5010	-233.8538	-347.8889	114.035	1.458775	3.587762	1.142651	0.6351935
5016	-236.0819	-349.2953	113.2134	1.401794	4.919737	1.7371	0.6225469
5022	-247.245	-361.281	114.036	1.264434	4.919737	0.7029848	0.9602048
5028	-238.1108	-349.6454	111.5347	1.159344	4.21797	7.299638	0.9602048
5034	-244.9774	-356.6206	111.6432	0.8511209	4.21797	7.828647	1.05393
5040	-245.3402	-357.8101	112.4699	0.8245207	3.102838	6.710593	0.8841844
5046	-245.1391	-357.4794	112.3402	0.7971235	3.917092	5.282279	1.085325
5052	-231.8	-344.4584	112.6584	0.9641395	3.917092	4.390427	0.848344
5058	-236.723	-349.318	112.595	1.467485	3.917092	3.584589	0.4806899
5064	-235.7974	-348.5622	112.7648	1.270553	3.917092	3.584589	0.6274959
5070	-237.6581	-349.9669	112.3088	1.105393	3.908717	5.226905	0.808676
5076	-241.6204	-354.0986	112.4782	1.334736	3.908717	4.318789	0.5401429
5082	-242.9684	-355.2214	112.2529	1.538245	3.908717	4.318789	0.3968118
5088	-240.3241	-352.4031	112.079	1.729273	3.693255	4.318789	0.3226719
5094	-231.3615	-343.8775	112.5161	1.370133	3.693255	4.318789	0.5537412
5100	-227.4789	-340.1269	112.648	1.243037	3.693255	4.318789	0.5161337
5106	-232.4972	-345.1455	112.6483	1.370263	1.868072	6.932469	0.6649802
5112	-238.7433	-350.9006	112.1572	1.332771	2.750783	7.229359	0.6649802
5118	-238.6029	-353.2335	114.6306	1.307552	2.750783	1.059158	0.5568486
5124	-237.4154	-351.6261	114.2107	1.732473	2.750783	1.059158	0.4777468
5130	-238.7109	-352.7933	114.0823	1.823465	2.750783	1.059158	0.3739322
5136	-238.1869	-351.7492	113.5623	1.855627	2.750783	1.443587	0.2465507
5142	-233.7833	-347.5062	113.7229	1.735739	2.750783	1.443587	0.2680774
5148	-231.7377	-344.9112	113.1735	1.892418	4.106895	1.307565	0.2819247
5154	-236.6405	-347.8028	111.1623	2.172633	3.259278	4.801019	0.1358929
5160	-231.5012	-342.6232	111.122	2.158548	3.259278	4.801019	0.1262423
5166	-232.4655	-343.902	111.4365	2.340065	3.087277	3.776287	0.1445998
5172	-235.6138	-347.2626	111.6489	2.037833	4.350445	2.85118	0.1445998
5178	-246.9421	-358.7865	111.8444	2.292047	4.011403	1.525712	0.08618964
5184	-241.1148	-352.5231	111.4084	1.94046	2.673566	6.084858	0.1563046
5190	-235.687	-347.4716	111.7847	2.016267	2.091096	6.084858	0.1981396
5196	-248.5842	-359.9582	111.374	2.016267	4.435912	4.095749	0.196782
5202	-244.7686	-356.8974	112.1288	1.993156	5.238688	1.805324	0.178575
5208	-247.0336	-358.3653	111.3318	1.940356	3.176161	5.858311	0.1780312
5214	-235.3087	-347.0126	111.704	2.186501	2.061743	5.254402	0.1600175
5220	-241.5141	-354.4558	112.9417	1.756464	1.92037	4.153918	0.3456408
5226	-253.8899	-365.3039	111.414	1.309444	1.687855	16.82567	0.6589016
5232	-245.1712	-357.6361	112.4649	1.86245	3.761635	2.422694	0.2099521
5238	-236.229	-348.5172	112.2883	1.774182	3.761635	3.047201	0.2180991
5244	-235.5981	-348.427	112.8289	1.784447	3.761635	2.113701	0.2644083
5250	-229.8921	-342.1262	112.2341	1.784447	3.761635	3.397898	0.2627173
5256	-232.2771	-345.9153	113.6382	1.784447	2.662431	1.701306	0.3536905
5262	-245.1734	-357.6123	112.4389	1.365765	2.271005	7.063975	0.5112401
5268	-232.3571	-345.5966	113.2395	1.823709	3.125195	1.987135	0.385096
5274	-238.7473	-351.3293	112.582	1.638836	5.905654	1.987135	0.4499295
5280	-228.3816	-341.5659	113.1843	1.064475	4.509001	1.987135	1.04986
5286	-226.7678	-340.5892	113.8214	1.165249	2.830515	2.250124	0.73749
5292	-226.7407	-339.19	112.4493	1.057701	2.830515	5.931448	0.9755878
5298	-233.4242	-346.7367	113.3125	1.355273	2.830515	2.986744	0.6838158
5304	-234.8462	-349.297	114.4508	1.461418	2.064662	1.492022	0.6037795
5310	-230.1651	-343.7567	113.5916	0.8799187	3.980946	2.444162	0.6880377
5316	-226.5993	-338.948	112.3487	0.9925799	3.262066	6.60573	0.7727329
5322	-233.8701	-345.8838	112.0137	0.69204	4.213949	6.60573	1.094657
5328	-232.5176	-345.3331	112.8155	0.8849041	3.086979	4.770645	0.9808782
5334	-238.1904	-350.8552	112.6648	0.7299248	3.086979	4.770645	1.258169
5340	-238.0925	-350.6115	112.519	0.5820561	3.086979	4.874851	1.466651
5346	-239.1922	-352.9236	113.7315	0.4326759	3.086979	2.434521	1.347099
5352	-234.4122	-347.8807	113.4685	0.3167828	2.820407	2.394942	1.72859
5358	-231.7921	-345.0832	113.2912	0.3129698	3.165366	2.474009	1.72469
5364	-231.2047	-344.874	113.6693	0.07229015	2.337093	2.977607	1.731901
5370	-235.1138	-348.5015	113.3877	0.08826969	2.627997	2.977607	1.816659
5376	-236.6213	-349.4449	112.8236	0.13659	4.26902	2.715899	1.816659
5382	-237.592	-350.7819	113.1899	0.4754536	4.154075	2.715899	1.324719
5388	-231.0768	-342.8587	111.7819	0.6549445	4.154075	5.833809	1.480173
5394	-236.8899	-350.2798	113.3899	0.8581499	3.15717	2.357921	1.287581
5400	-246.2779	-358.8335	112.5556	0.9432719	4.131731	4.701084	0.7940955
5406	-237.8142	-350.4025	112.5883	0.9432719	2.970921	4.701084	1.201346
5412	-247.3992	-359.3681	111.9689	0.5163087	3.392331	6.468933	1.533253
5418	-237.4588	-349.0944	111.6356	0.7014424	2.040232	6.468933	2.074138
5424	-248.8002	-360.1535	111.3533	0.3090648	2.611629	9.887297	1.894541
5430	-249.0466	-360.9324	111.8859	0.2705519	2.611629	7.162607	1.894541
5436	-240.8652	-353.1955	112.3303	0.5953695	2.284972	3.88786	2.067992
5442	-241.7314	-354.0191	112.2877	0.6046511	1.556173	5.494963	2.067992
5448	-242.4116	-355.1732	112.7615	0.6506737	1.464369	5.613301	1.740019
5454	-236.0851	-348.3849	112.2998	0.6537057	2.580911	6.65489	1.410234
5460	-229.9659	-343.5805	113.6146	1.121271	2.580911	2.28314	1.121148
5466	-228.4082	-341.6849	113.2766	1.269447	2.626106	3.501356	0.7015623
5472	-233.5882	-346.8275	113.2393	0.8128566	3.16271	3.417887	1.046901
5478	-227.8906	-339.8447	111.9541	1.112221	2.864646	6.067319	1.325061
5484	-227.0288	-339.4539	112.4251	1.175999	2.864646	6.067319	0.8140596
5490	-226.3777	-339.2016	112.8239	1.175999	4.320832	3.146607	0.7585945
5496	-227.8056	-341.0117	113.2061	1.261832	3.236409	2.882625	0.7977849
5502	-234.6754	-347.3117	112.6363	1.038546	3.717743	4.311678	0.8977808
5508	-238.8446	-351.2464	112.4017	1.167218	4.589474	4.311678	0.6344398
5514	-247.1189	-359.7364	112.6174	0.5421816	1.866694	6.947617	1.50002
5520	-251.7429	-363.7935	112.0507	0.2966108	1.258906	10.68534	1.915243
5526	-250.871	-362.8576	111.9866	0.7133711	2.02083	10.68534	1.268717
5532	-251.8232	-364.8419	113.0187	1.005531	4.214131	2.094192	1.274404
5538	-246.7043	-360.7187	114.0144	1.637014	3.363293	1.096453	0.4829286
5544	-232.407	-343.8326	111.4256	1.480368	3.363293	9.225638	0.5045007
5550	-237.4302	-350.9862	113.556	1.480368	3.363293	1.921355	0.465917
5556	-231.6691	-344.5926	112.9235	1.638692	3.534937	2.701868	0.5131823
5562	-224.949	-338.5566	113.6076	1.512366	3.16254	1.862346	0.643638
5568	-233.4749	-345.3198	111.8449	1.512366	3.247728	6.897257	0.377498
5574	-235.0627	-349.4942	114.4315	1.436321	3.452372	0.8306818	0.6186588
5580	-240.7103	-354.9074	114.1971	1.677874	3.452372	0.8306818	0.4128834
5586	-237.7449	-351.5357	113.7908	1.93486	3.846153	0.8306818	0.3990645
5592	-235.1733	-349.0414	113.8682	2.217262	2.503136	0.8306818	0.2395348
5598	-234.1381	-348.1052	113.9671	2.217262	2.533366	0.8306818	0.3073932
5604	-242.6401	-355.2242	112.5841	2.241685	2.571254	2.541975	0.2379168
5610	-235.4552	-348.0211	112.5659	2.09992	2.571254	2.541975	0.1808878
5616	-242.4424	-355.0959	112.6535	2.09992	2.510735	2.77385	0.2410474
5622	-239.4941	-352.4659	112.9718	0.9240575	2.510735	4.47317	1.126688
5628	-229.3483	-342.9988	113.6505	1.092059	2.510735	2.364005	1.107704
5634	-228.598	-342.8196	114.2216	0.9524431	1.616866	2.364005	1.183785
5640	-235.6373	-348.2302	112.593	0.9480818	1.637598	6.815644	1.342743
5646	-239.7935	-352.9042	113.1106	1.096994	3.522075	2.932405	0.9484046
5652	-232.4719	-345.5991	113.1272	0.9499595	3.522075	2.932405	1.077409
5658	-230.0149	-342.4685	112.4536	0.7832747	3.522075	5.362634	1.103981
5664	-234.0219	-345.5804	111.5585	0.7704225	3.522075	5.362634	1.803268
5670	-231.0731	-343.3244	112.2513	0.697822	3.522075	5.251191	1.371061
5676	-231.7565	-344.2441	112.4876	0.6355728	2.90499	5.251191	1.42906
5682	-238.3371	-350.0702	111.7331	0.7728322	2.366051	5.251191	2.043913
5688	-235.102	-348.3073	113.2053	1.0612	3.99835	2.491152	0.9225921
5694	-225.8521	-339.0071	113.155	0.7801326	2.47013	3.556157	1.368793
5700	-232.4771	-345.0411	112.564	0.6182997	2.942939	3.556157	1.762234
5706	-230.5284	-343.3561	112.8276	0.8501502	5.253548	2.642722	1.062676
5712	-229.5874	-342.5138	112.9264	0.7137577	5.408185	2.642722	1.05936
5718	-232.591	-345.7564	113.1654	1.237166	5.408185	1.882302	0.5844274
5724	-235.9413	-349.1378	113.1965	1.14678	5.408185	1.878817	0.7182955
5730	-242.1671	-354.1485	111.9814	0.686369	5.16467	6.70964	0.8117646
5736	-235.2667	-347.6564	112.3897	0.8248794	2.966042	6.70964	1.028642
5742	-235.9942	-348.4792	112.4851	0.8885878	2.966042	4.657216	1.343896
5748	-237.7939	-350.8597	113.0658	1.051435	2.966042	3.832883	0.909281
5754	-235.6041	-347.2512	111.6471	1.056484	2.966042	10.0924	0.9127035
5760	-234.6134	-346.918	112.3046	1.419172	3.038872	5.200091	0.843267
5766	-243.0371	-357.8411	114.804	1.42313	2.831272	0.7030741	0.7202599
5772	-234.3132	-348.6213	114.3081	1.994476	2.831272	0.7030741	0.4951131
5778	-234.7903	-349.4715	114.6812	1.382386	2.831272	0.7030741	0.9295859
5784	-241.7591	-356.0142	114.2551	1.073282	3.176777	0.7030741	1.444073
5790	-235.3919	-348.7216	113.3297	0.7512303	2.93946	0.7030741	2.363841
5796	-227.076	-340.8171	113.7411	1.003784	3.869273	1.737036	0.9141561
5802	-237.1286	-349.6848	112.5562	0.6693294	6.717575	3.202507	0.9141561
5808	-229.8774	-343.5089	113.6315	0.7715081	5.933375	1.150552	1.107173
5814	-221.9269	-334.7559	112.829	0.9913441	3.18315	3.854548	1.107173
5820	-223.2309	-335.7675	112.5366	0.5022512	3.18315	3.854548	1.717418
5826	-225.6782	-338.9545	113.2763	0.5052345	2.347274	3.854548	1.453138
5832	-223.1209	-335.0057	111.8848	0.8258003	2.347274	8.147269	1.453138
5838	-227.433	-339.8362	112.4032	1.206674	3.511485	4.315356	1.041681
5844	-235.3975	-347.6756	112.2782	1.298368	4.102758	4.800269	0.628805
5850	-233.3726	-346.686	113.3133	0.8733852	4.136762	2.665363	0.866145
5856	-234.1722	-346.8445	112.6723	1.121294	4.061176	3.976504	0.7319331
5862	-240.0118	-352.7654	112.7536	0.1891617	4.824024	2.330163	1.842483
5868	-239.3032	-352.0955	112.7923	0.3051431	3.535246	2.889162	1.842483
5874	-230.9368	-344.0103	113.0735	0.6211616	3.535246	2.889162	1.410208
5880	-233.9718	-347.1372	113.1655	0.4773606	3.085011	2.889162	1.582085
5886	-234.8349	-347.513	112.678	0.4927056	3.085011	5.149422	1.353696
5892	-233.4218	-344.796	111.3743	0.6967091	3.410415	9.869237	1.353696
5898	-236.6955	-349.3804	112.6849	0.6658993	3.410415	3.08426	1.639393
5904	-231.2844	-344.4444	113.16	0.7116463	3.410415	3.08426	1.238941
5910	-246.1102	-358.7851	112.6749	0.8235419	2.414752	4.717083	1.432796
5916	-241.6431	-354.2094	112.5663	0.8006185	2.414752	3.70466	1.767562
5922	-236.7146	-348.2636	111.5491	0.4674528	3.65052	6.673984	1.767562
5928	-226.665	-341.0049	114.34	0.8606378	2.636469	1.398477	1.183188
5934	-230.2786	-344.0854	113.8068	0.8243796	3.270826	1.398477	1.423519
5940	-225.6313	-338.6985	113.0671	0.6559982	2.853936	3.312929	1.465369
5946	-239.6019	-352.3607	112.7588	0.5115411	4.214755	3.312929	1.420737
5952	-243.3254	-355.5191	112.1937	0.7447675	7.536218	3.312929	0.9897944
5958	-248.8438	-360.0311	111.1873	0.7633915	6.964676	7.886931	0.8642335
5964	-243.5784	-356.7795	113.2011	0.6548582	5.834485	2.030634	1.054047
5970	-243.5465	-357.2029	113.6564	0.6945284	4.477246	1.516765	1.24097
5976	-240.4389	-353.2275	112.7886	0.4835083	7.40186	2.577234	1.001648
5982	-238.1706	-351.2116	113.041	0.6831241	3.161494	3.574502	1.283696
5988	-243.7769	-357.1087	113.3318	0.7384602	2.749108	3.140464	1.283696
5994	-237.1749	-350.3229	113.1481	0.7477633	5.97671	1.854877	1.083051
6000	-238.9072	-351.3295	112.4223	0.4048305	5.97671	3.721878	1.261295
6006	-229.7422	-342.0937	112.3515	0.7953098	5.97671	3.721878	0.9703261
6012	-241.3199	-352.4944	111.1746	1.104315	2.899395	12.82553	0.9847933
6018	-238.5405	-352.1837	113.6432	1.359357	2.899395	1.803399	0.9932757
6024	-226.8745	-340.7777	113.9032	1.004223	2.851361	1.803399	1.10438
6030	-227.7101	-341.5591	113.849	0.962362	4.137112	1.535784	0.8935769
6036	-237.9605	-349.9137	111.9532	1.19693	2.869072	8.590611	0.7113714
6042	-237.1492	-348.7633	111.6141	1.536015	2.869072	8.590611	0.7113714
6048	-226.8919	-339.0644	112.1725	1.757246	3.161861	4.271539	0.2568245
6054	-227.9854	-340.2534	112.2679	1.757246	3.124671	4.271539	0.3086587
6060	-228.6148	-341.3574	112.7426	1.255339	3.124671	4.271539	0.7959283
6066	-225.5013	-338.2986	112.7974	1.238596	3.946478	3.506464	0.6678434
6072	-232.2333	-344.695	112.4616	1.024592	3.363088	4.83997	1.062528
6078	-229.1975	-341.2628	112.0653	0.8849943	3.363088	6.791834	1.108188
6084	-233.4652	-345.1462	111.6809	0.8678765	3.363088	6.791834	1.43979
6090	-235.4984	-349.0479	113.5494	1.138015	1.692742	2.204129	1.59148
6096	-240.6117	-354.1547	113.543	0.9703063	2.73999	2.204129	1.284346
6102	-237.121	-350.1666	113.0455	1.129769	1.716828	4.086176	1.371844
6108	-242.0915	-352.6946	110.603	0.8937268	1.716828	4.379957	3.065989
6114	-237.5512	-349.2466	111.6954	0.981594	2.55961	6.437056	1.659447
6120	-240.7675	-350.9777	110.2101	0.577926	2.55961	14.76614	2.06071
6126	-242.6907	-354.0885	111.3978	0.4924478	2.55961	6.162136	2.233128
6132	-237.3994	-349.0985	111.6991	0.3608375	2.578732	7.130435	1.974689
6138	-232.3937	-345.5069	113.1132	0.1634855	2.578732	3.059182	1.944863
6144	-245.6783	-358.8777	113.1994	0.915805	2.59668	3.059182	1.332068
6150	-240.3816	-351.6966	111.315	1.772996	3.125809	7.777327	0.259527
6156	-243.3921	-354.02	110.6279	2.1926	3.848494	5.898459	0.1351737
6162	-244.6844	-357.1405	112.456	0.9225687	1.337357	11.40307	0.9807096
6168	-247.4594	-358.9973	111.5379	1.551681	1.822608	13.15713	0.5033003
6174	-239.4943	-351.4443	111.95	0.1383228	3.211548	7.593489	1.699608
6180	-235.68	-347.0203	111.3403	0.1526335	3.201792	7.593489	2.106657
6186	-232.7398	-345.9003	113.1605	0.2694368	3.201792	2.029475	1.996659
6192	-228.1383	-340.5745	112.4362	1.09472	4.052307	2.843977	1.411533
6198	-233.1518	-345.8272	112.6754	0.3473242	5.107922	3.182494	1.446564
6204	-222.4119	-333.4962	111.0843	0.7855836	4.47267	6.076812	1.774342
6210	-215.8805	-327.4548	111.5743	0.8344531	4.47267	7.038723	1.202393
6216	-222.1035	-335.0006	112.8971	0.7260073	4.47267	2.700818	1.282797
6222	-235.6732	-348.3811	112.7078	0.5949665	4.119543	3.717051	1.299988
6228	-239.3673	-351.5087	112.1414	0.7527161	4.633745	3.717051	1.493082
6234	-237.7437	-350.5018	112.7581	0.6988929	4.328032	2.728804	1.439618
6240	-237.7331	-350.5714	112.8383	0.9255659	5.322278	2.728804	0.9164392
6246	-242.1729	-355.4608	113.288	1.602544	2.709863	2.728804	0.5162569
6252	-247.3467	-359.8353	112.4886	1.633611	2.709863	4.876104	0.5162569
6258	-236.9718	-349.4596	112.4878	1.391038	4.335188	3.632271	0.3879544
6264	-229.2059	-342.4776	113.2717	1.386442	4.335188	1.988565	0.528897
6270	-237.5122	-351.4225	113.9103	1.583133	2.214383	1.988565	0.6280334
6276	-239.1117	-351.2775	112.1658	1.498205	3.614961	5.191966	0.5103425
6282	-237.1962	-348.8994	111.7032	1.424028	5.283093	5.191966	0.4117306
6288	-235.0576	-347.7749	112.7173	1.184737	7.458135	1.95263	0.5202576
6294	-241.2361	-353.6998	112.4636	1.349013	7.866075	1.95263	0.4331263
6300	-239.4723	-352.5373	113.065	0.8859848	7.866075	1.740465	0.5466177
6306	-240.0498	-352.5513	112.5016	1.237755	9.313349	1.269877	0.9958752
6312	-237.3388	-349.845	112.5063	1.284251	8.576776	1.757877	0.4040118
6318	-238.6991	-350.7785	112.0794	1.803241	8.576776	1.58857	0.3668171
6324	-232.4118	-344.7921	112.3803	1.55512	8.142348	1.58857	0.335371
6330	-237.7856	-348.9872	111.2016	2.023189	4.58978	5.169135	0.2911391
6336	-230.6283	-340.9858	110.3575	2.023189	3.199094	10.50867	0.1788958
6342	-227.9076	-339.0377	111.1301	2.359151	2.932626	5.054917	0.1544678
6348	-223.9951	-335.4242	111.4291	2.048038	2.958239	4.560808	0.126425
6354	-223.4082	-335.5201	112.1119	1.787127	2.617632	5.398161	0.2908234
6360	-231.496	-343.5892	112.0932	2.017249	2.149118	5.398161	0.2725366
6366	-225.328	-337.7463	112.4182	2.19727	2.149118	3.355886	0.2075544
6372	-230.4502	-342.5101	112.0599	2.19727	2.149118	4.137592	0.1820523
6378	-227.6936	-338.7121	111.0185	2.317403	2.575736	6.34516	0.156725
6384	-234.8993	-346.3665	111.4672	2.171063	3.293189	3.894536	0.1418318
6390	-221.1516	-332.7264	111.5748	2.171063	3.153587	3.894536	0.1525911
6396	-228.6085	-341.322	112.7135	2.154148	2.846351	1.751098	0.1525911
6402	-222.2359	-335.2913	113.0554	2.154148	2.846351	1.751098	0.2735907
6408	-220.9465	-332.6406	111.6941	1.80146	4.837209	3.791319	0.2443265
6414	-227.3683	-339.0163	111.648	1.890507	5.314556	3.403443	0.2610984
6420	-221.9354	-334.7798	112.8443	1.890507	2.944268	2.46305	0.2575237
6426	-239.6846	-352.2709	112.5864	1.953524	3.113546	2.46305	0.2048215
6432	-232.8149	-345.1456	112.3307	1.953524	4.167622	2.46305	0.2606383
6438	-231.098	-342.4352	111.3372	1.932372	3.953056	5.623175	0.2665692
6444	-232.1532	-344.0743	111.9211	1.951395	2.859039	4.497457	0.2073245
6450	-238.4041	-350.0826	111.6784	1.951395	5.622076	2.704175	0.2075821
6456	-242.3916	-354.9377	112.5461	2.08385	2.874641	2.704175	0.2475118
6462	-234.4991	-345.6968	111.1976	1.698861	2.874641	10.43332	0.4115194
6468	-238.4716	-351.5973	113.1256	1.410012	2.358006	4.08203	0.5369645
6474	-235.7017	-347.9243	112.2225	1.304518	2.171736	8.518321	0.6720406
6480	-240.6003	-353.1891	112.5888	1.446639	3.359294	3.839586	0.8127471
6486	-236.0081	-347.9171	111.909	1.145644	3.752375	6.683584	0.8810712
6492	-238.8236	-350.6682	111.8446	1.381041	3.752375	6.683584	0.397191
6498	-241.7581	-353.6075	111.8495	1.325012	3.752375	6.683584	0.7206663
6504	-235.3332	-348.6418	113.3086	1.34211	3.752375	2.344411	0.5636576
6510	-240.2284	-353.4614	113.233	1.291051	2.753806	2.882416	0.9706223
6516	-236.9727	-351.3123	114.3397	1.618719	2.753806	0.7850141	0.9697339
6522	-235.5027	-349.4325	113.9297	1.299523	5.576172	0.6182144	0.9697339
6528	-236.9326	-351.6288	114.6962	1.245988	2.516168	0.7236557	1.162263
6534	-230.7133	-343.7971	113.0838	1.433061	3.109945	3.01505	0.7173825
6540	-227.3977	-340.1297	112.7321	1.096607	3.943515	3.8745	0.78946
6546	-226.5109	-339.0047	112.4938	1.27877	4.45298	3.8745	0.5857784
6552	-233.8584	-346.571	112.7126	1.264704	3.078104	4.352295	0.8147818
6558	-237.8223	-350.7835	112.9612	0.8453502	3.216254	4.352295	0.9472918
6564	-246.3265	-359.0516	112.7251	0.8726248	4.762336	3.888089	0.7440239
6570	-239.4414	-352.5908	113.1494	0.5759399	4.682599	3.131209	0.9629608
6576	-244.0767	-357.1208	113.0441	0.624351	4.682599	3.131209	1.020384
6582	-240.4607	-351.7743	111.3136	0.8756109	4.682599	9.864658	0.8472304
6588	-240.6031	-351.9114	111.3083	0.8114314	3.468436	7.636779	1.599113
6594	-225.4071	-337.6527	112.2456	1.025482	3.227823	6.405466	0.9297162
6600	-232.1804	-343.5245	111.3441	1.122922	3.862731	9.216155	0.9495604
6606	-238.4171	-351.5488	113.1317	1.017132	3.862731	3.046508	0.8187526
6612	-234.0838	-345.7515	111.6677	0.5561713	3.862731	5.897269	1.695834
6618	-234.7001	-345.9468	111.2467	0.7234997	3.862731	9.62534	1.334104
6624	-239.9113	-351.5158	111.6045	0.4101464	4.309252	9.62534	1.174053
6630	-236.7688	-348.665	111.8962	0.8929233	4.114845	5.918238	1.191739
6636	-231.6095	-343.6777	112.0683	1.142918	4.103575	5.918238	0.7530145
6642	-232.0023	-344.0904	112.0881	0.9451241	5.618411	4.011779	1.070576
6648	-237.5822	-349.8803	112.2981	1.018218	6.183223	3.696611	0.7075083
6654	-239.3665	-352.1209	112.7545	0.8729157	6.183223	2.744538	0.8142211
6660	-249.0265	-361.7536	112.7271	1.01817	4.62249	2.991996	1.019677
6666	-238.9112	-350.7336	111.8225	0.8382024	7.109499	4.476563	0.9512188
6672	-234.7051	-346.8026	112.0975	0.4211324	5.705887	4.476563	1.36293
6678	-234.9073	-347.6487	112.7414	0.179868	4.151348	5.424486	1.175105
6684	-231.923	-344.2148	112.2918	0.3270683	4.151348	5.424486	1.421433
6690	-228.5083	-341.771	113.2627	0.6850389	6.675993	1.874084	0.8480032
6696	-223.0327	-336.14	113.1073	0.7440141	6.477206	1.874084	1.001748
6702	-219.1514	-331.751	112.5997	0.894122	6.477206	2.125404	1.194855
6708	-222.3721	-334.4053	112.0333	0.894122	3.273645	7.093617	1.102142
6714	-220.6546	-332.8037	112.1491	0.9996973	3.040792	6.803142	1.041838
6720	-223.9501	-336.0473	112.0972	0.823138	4.843243	5.599802	0.9297629
6726	-225.5825	-337.6471	112.0646	0.9997867	4.843243	3.946742	1.247221
6732	-226.8695	-339.3842	112.5147	0.6951501	2.754219	5.417778	1.379502
6738	-229.5237	-342.8492	113.3255	1.164715	1.988079	4.540087	0.767545
6744	-234.5064	-346.0445	111.5381	1.360881	3.830365	6.754414	1.001414
6750	-227.3546	-338.6305	111.276	1.233218	3.830365	8.540362	1.037046
6756	-224.3514	-336.4002	112.0488	1.233218	3.362733	6.411378	0.8552664
6762	-225.7475	-338.4319	112.6843	0.7901031	4.459671	3.381281	1.169493
6768	-227.5021	-339.3943	111.8922	0.8529658	4.126982	7.735375	0.8373662
6774	-225.8946	-337.6837	111.7891	0.8267041	6.506714	5.453208	0.8373662
6780	-232.536	-344.6161	112.0801	0.6112757	3.15316	5.962002	1.538824
6786	-226.854	-339.6842	112.8302	0.345299	3.15316	2.946489	1.873927
6792	-231.0922	-343.7958	112.7037	0.2160856	2.883941	3.182411	2.055735
6798	-239.8383	-351.777	111.9388	0.2536142	2.873022	5.458755	2.055735
6804	-244.7603	-357.0394	112.2792	1.199028	4.075638	5.131438	0.6598356
6810	-231.2591	-343.0989	111.8398	1.302436	3.002285	8.037753	0.7894111
6816	-239.5823	-352.8353	113.253	1.348963	1.935981	4.534185	0.626809
6822	-241.8995	-354.205	112.3055	1.380356	4.08768	4.534185	0.4617068
6828	-244.5767	-356.7228	112.1461	1.268461	4.08768	5.084839	0.7792085
6834	-240.397	-352.4647	112.0676	0.9960501	3.49844	5.084839	1.323106
6840	-233.5864	-346.4339	112.8475	0.9371388	4.105028	2.559986	1.300706
6846	-226.769	-340.2678	113.4988	1.030108	3.194054	2.762638	0.8104263
6852	-227.0146	-339.9736	112.9589	0.9137256	4.009658	2.762638	1.173857
6858	-222.2269	-334.8733	112.6464	0.9697506	4.009658	3.716421	1.059344
6864	-229.9901	-340.8725	110.8824	0.4486951	4.009658	11.04252	1.615547
6870	-234.5121	-347.2075	112.6954	0.797409	4.009658	3.250308	1.31815
6876	-235.1242	-348.0203	112.8961	1.086639	4.009658	3.250308	0.8591947
6882	-230.3018	-342.81	112.5082	0.92035	3.748376	3.931782	1.238892
6888	-233.5567	-346.2195	112.6629	0.7204467	4.224212	3.931782	1.139201
6894	-232.5537	-344.5747	112.021	0.4404535	4.224212	3.729597	1.888002
6900	-235.8717	-347.8024	111.9306	0.4068531	4.224212	3.815809	1.951216
6906	-239.3868	-351.8112	112.4244	0.5759277	5.707486	1.888121	1.810708
6912	-236.0721	-348.8523	112.7802	0.5119825	4.640155	1.888121	1.810708
6918	-238.222	-351.628	113.406	1.056064	4.778016	1.888121	0.7919861
6924	-226.3255	-340.1502	113.8248	1.408925	2.818523	1.888121	0.6786035
6930	-242.7607	-354.3924	111.6316	1.235753	4.368668	7.231026	0.6950858
6936	-225.5473	-337.158	111.6108	1.02067	4.368668	8.598221	0.642183
6942	-235.6942	-346.684	110.9898	0.9796992	4.5483	9.246552	1.203217
6948	-225.3898	-337.7262	112.3365	1.210729	4.215036	4.85895	0.5473173
6954	-225.3953	-336.7667	111.3713	1.22837	4.64442	8.34762	0.6253934
6960	-229.0272	-340.7672	111.7399	0.857032	3.996811	8.635938	0.8658734
6966	-238.8412	-352.0925	113.2513	0.9892209	5.914877	1.482145	1.009294
6972	-246.7267	-358.4289	111.7022	0.5023339	5.26482	5.271368	1.516782
6978	-240.6564	-352.5307	111.8743	0.4119793	5.26482	4.760766	1.562069
6984	-243.4065	-355.1395	111.733	0.7042702	5.999255	4.760766	1.302074
6990	-243.8481	-355.3171	111.4691	0.8667763	5.225629	8.11359	0.8499871
6996	-242.035	-353.9376	111.9027	0.8175344	3.345701	8.11359	1.080459
7002	-244.9034	-357.6604	112.757	1.178482	5.685581	2.572329	0.6433947
7008	-236.0969	-349.406	113.3091	1.156988	3.512229	2.572329	0.845835
7014	-235.4252	-348.5642	113.139	0.9756279	2.613998	3.507193	1.178307
7020	-229.922	-342.1451	112.2231	0.3761648	3.201612	3.177334	2.179455
7026	-231.548	-343.899	112.351	0.5146874	4.366997	3.177334	1.7221
7032	-224.9494	-337.9705	113.0211	0.7778427	3.416317	3.616266	1.120279
7038	-230.4474	-343.2522	112.8048	0.6624687	3.976099	3.616266	1.233703
7044	-228.324	-340.7597	112.4358	0.687068	3.803849	3.616266	1.549581
7050	-242.7066	-355.1317	112.4251	0.6976733	3.803849	3.616266	1.549581
7056	-233.76	-346.6752	112.9152	0.7432694	2.59029	3.616266	1.518758
7062	-228.3727	-340.4891	112.1164	0.4466907	3.428521	4.503586	1.83447
7068	-228.5534	-341.3357	112.7823	0.5602317	2.938061	4.503586	1.414107
7074	-234.3873	-346.9401	112.5528	0.7729983	4.222433	4.503586	1.021393
7080	-228.5215	-341.9582	113.4367	0.8051096	3.941464	2.635486	0.8941557
7086	-230.8296	-342.9912	112.1616	1.38998	4.647015	4.399995	0.4609974
7092	-237.5171	-349.9373	112.4201	1.164509	4.359954	4.399995	0.689878
7098	-238.6315	-351.405	112.7735	1.080358	4.359954	2.534386	1.184519
7104	-238.7606	-351.0064	112.2458	0.8658561	9.343584	2.736812	0.6504836
7110	-238.1924	-350.4762	112.2838	0.7312205	9.343584	2.736812	0.8060396
7116	-242.2129	-354.0122	111.7993	1.530559	9.343584	1.911557	0.2232584
7122	-233.5209	-346.2728	112.7519	1.530559	5.168207	1.911557	0.2570753
7128	-236.1614	-348.0691	111.9077	1.577186	3.329719	6.243869	0.4014881
7134	-224.2566	-336.9933	112.7367	1.623833	5.260447	1.937782	0.3457327
7140	-229.7275	-342.5332	112.8057	1.623833	3.882558	2.667315	0.397293
7146	-234.597	-347.0519	112.4549	1.663403	4.793066	2.667315	0.3604747
7152	-233.4072	-345.2224	111.8151	1.800112	4.158908	4.18024	0.2669624
7158	-243.3936	-356.309	112.9154	1.800112	4.158908	1.848467	0.3205126
7164	-235.0582	-347.3028	112.2446	1.734525	4.158908	3.538098	0.4054272
7170	-237.3379	-349.332	111.9941	1.708712	4.491586	3.538098	0.2507466
7176	-235.9936	-348.4816	112.488	1.84446	3.127037	3.538098	0.3663184
7182	-237.1996	-350.3441	113.1446	1.608193	2.238637	3.538098	0.6529373
7188	-232.4481	-347.2166	114.7685	1.537701	2.101873	0.9381167	0.7391085
7194	-236.8972	-350.12	113.2228	1.036374	4.215859	2.599048	0.7809432
7200	-233.9883	-346.1893	112.201	0.750753	2.32261	7.661337	1.348049
7206	-233.615	-345.2971	111.6821	0.976975	3.097237	7.661337	1.294903
7212	-242.6255	-354.0774	111.4519	0.5653678	3.586476	7.661337	1.637891
7218	-243.8758	-353.2337	109.3579	1.125007	3.578915	24.75451	1.33228
7224	-242.2139	-352.0847	109.8708	1.103003	3.088399	24.75451	1.075734
7230	-240.2815	-352.5011	112.2197	0.9215217	3.088399	6.471983	1.099275
7236	-233.9951	-347.523	113.5279	0.9041464	3.116549	2.566052	1.050182
7242	-230.7158	-343.2253	112.5095	0.6754985	3.116549	4.308673	1.522443
7248	-231.4243	-343.898	112.4736	0.6659685	2.920288	4.22896	1.635031
7254	-240.4383	-353.861	113.4227	0.6154246	2.644341	2.084588	1.724717
7260	-229.1463	-342.8723	113.726	0.8915938	2.644341	2.084588	1.289607
7266	-234.1608	-347.7702	113.6094	0.7626012	2.644341	2.208619	1.429466
7272	-230.4802	-342.6702	112.19	0.3427671	2.644341	5.543724	1.882507
7278	-232.0945	-345.3201	113.2255	0.805983	2.640465	2.982612	1.407148
7284	-234.9843	-347.4886	112.5043	1.105457	2.640465	2.982612	1.717767
7290	-233.263	-346.4398	113.1768	0.7550098	2.539008	4.700997	1.015613
7296	-232.0531	-344.0794	112.0263	0.791519	3.711626	6.885106	1.092171
7302	-227.1901	-340.056	112.8659	0.9698685	3.711626	3.936583	0.8564679
7308	-229.5332	-342.3561	112.823	0.7854392	3.638456	1.150051	2.182396
7314	-228.2144	-341.3557	113.1413	0.4047426	3.638456	2.584654	1.597576
7320	-228.8077	-340.7721	111.9645	0.4776992	3.638456	5.826104	1.608913
7326	-226.8693	-338.4852	111.6159	0.2734876	2.967081	10.01689	1.608913
7332	-245.7086	-356.1856	110.477	0.2543406	3.94759	6.728065	2.531656
7338	-233.8964	-347.195	113.2986	0.3779739	3.94759	2.283312	1.533149
7344	-234.5797	-348.2924	113.7127	0.9677007	3.130392	2.020517	1.082396
7350	-230.3096	-342.1508	111.8412	1.089608	3.119435	7.929219	0.998375
7356	-229.0687	-341.3498	112.2811	1.215246	2.776257	5.507872	1.111521
7362	-230.0169	-341.8864	111.8695	0.8585652	2.776257	7.542535	1.369649
7368	-231.8157	-342.9748	111.1592	1.209086	2.776257	10.25274	1.278006
7374	-223.2346	-335.0453	111.8107	1.052099	2.770559	9.428666	0.9490734
7380	-221.4785	-334.923	113.4445	0.8988241	2.305283	2.974891	1.294308
7386	-229.1022	-341.8041	112.7019	0.858025	2.734254	4.583612	1.294308
7392	-228.3326	-342.2137	113.881	0.9261447	2.643126	2.278635	1.029099
7398	-233.0407	-344.5735	111.5328	0.928984	3.120836	8.995876	1.247061
7404	-236.1709	-348.2966	112.1257	0.8558999	3.120836	7.609174	1.009323
7410	-233.9906	-345.7486	111.7579	0.763699	4.433599	7.609174	1.002894
7416	-235.9084	-348.2097	112.3013	0.6291507	2.554076	4.301133	1.882341
7422	-231.4938	-344.2405	112.7466	0.5703407	2.554076	4.301133	1.611341
7428	-233.3897	-345.4534	112.0637	0.9112472	2.927641	4.869184	1.611341
7434	-223.7753	-336.6442	112.8689	1.09331	2.806849	3.932298	1.099481
7440	-239.7267	-354.1163	114.3895	1.487211	3.029335	0.7995094	0.9096448
7446	-232.1996	-346.8634	114.6638	1.207686	4.041984	0.4429568	1.053122
7452	-239.4301	-351.8961	112.4661	1.097144	3.888388	4.098638	1.023727
7458	-234.6193	-347.5461	112.9268	1.306161	2.865678	4.098638	0.690656
7464	-240.769	-353.413	112.6439	1.184055	3.911023	4.098638	0.690656
7470	-239.0717	-352.1552	113.0836	1.025484	3.911023	2.928102	0.9064725
7476	-230.6864	-343.4275	112.7411	1.359631	3.165673	3.918557	0.7919271
7482	-234.9949	-348.1379	113.1429	1.326513	2.607986	3.918557	0.5100997
7488	-226.6082	-340.1548	113.5466	1.34892	5.490387	1.168379	0.6130777
7494	-216.7385	-328.732	111.9936	1.17513	3.011414	6.14888	1.170408
7500	-221.4236	-332.9058	111.4822	0.4876946	3.011414	6.14888	2.050047
7506	-229.5488	-342.4079	112.8591	0.5287569	2.846662	2.744759	1.878968
7512	-221.6591	-334.8341	113.175	0.4470647	2.646291	2.94201	1.719416
7518	-220.8683	-333.8576	112.9893	0.5809172	2.646291	4.339841	1.378656
7524	-224.3721	-336.9668	112.5947	0.2424546	4.476313	4.232732	1.439938
7530	-223.1267	-336.0318	112.9051	0.7324852	4.790872	3.656404	0.7922314
7536	-231.4616	-343.4557	111.9941	0.8496381	8.939258	3.656404	0.5268714
7542	-236.4687	-349.3509	112.8822	0.999236	4.795841	2.968359	0.8254667
7548	-233.244	-346.6102	113.3662	0.8945694	4.795841	1.668163	1.145244
7554	-233.3143	-347.4051	114.0908	0.3216125	3.897144	1.668163	1.258179
7560	-225.5991	-338.7486	113.1495	1.035712	4.615231	2.697792	0.6053445
7566	-229.5478	-342.4778	112.93	1.124352	4.615231	2.797234	0.7653667
7572	-229.6616	-341.8348	112.1733	1.09057	4.615231	4.635947	0.9180817
7578	-235.8037	-347.7429	111.9393	1.053975	6.425239	4.635947	0.6278935
7584	-244.2033	-356.7406	112.5374	1.009429	3.416557	5.091679	0.9077212
7590	-230.0642	-342.8224	112.7582	1.037496	2.418045	5.091679	1.09594
7596	-224.5769	-338.0679	113.4911	1.152834	2.418045	3.589938	0.6448947
7602	-222.6891	-335.2176	112.5285	0.8664216	4.708191	3.915368	0.9930094
7608	-219.4272	-332.161	112.7338	0.6022076	4.708191	3.049889	1.333548
7614	-226.0975	-338.9809	112.8835	0.8229227	4.876655	3.049889	0.9590538
7620	-233.5179	-344.5389	111.021	1.207058	4.876655	10.31514	0.5262791
7626	-232.0211	-343.7583	111.7372	1.018101	4.876655	6.189228	0.9416479
7632	-236.7777	-348.701	111.9233	1.196752	3.730549	7.126565	0.6608831
7638	-236.3841	-349.3052	112.9211	1.196752	3.730549	3.530948	0.6336734
7644	-234.4847	-347.4837	112.999	1.034125	3.614186	3.530948	0.834932
7650	-240.5244	-352.7166	112.1923	1.314858	3.65435	5.663173	0.4084082
7656	-235.7834	-349.6839	113.9005	0.9553893	2.523128	2.442765	0.9526605
7662	-228.8745	-340.5511	111.6766	1.017049	5.165448	6.064965	0.9526605
7668	-237.6258	-349.5465	111.9206	0.4784623	5.053884	6.064965	1.251842
7674	-238.6434	-351.2037	112.5604	0.7877681	5.053884	3.024033	1.251842
7680	-231.3827	-344.5952	113.2126	1.119116	3.025811	2.706278	1.117161
7686	-225.8054	-338.7504	112.945	1.01023	3.025811	4.620415	0.7625725
7692	-227.3338	-339.9699	112.636	1.335472	3.025811	4.620415	0.7381842
7698	-227.0976	-339.541	112.4433	1.195966	3.025811	4.620415	1.106808
7704	-225.0291	-337.5934	112.5643	0.8637274	3.025811	4.620415	1.288399
7710	-229.5902	-341.7585	112.1683	0.6096626	3.025811	4.620415	1.773082
7716	-226.1868	-338.6098	112.423	0.7299037	3.025811	4.620415	1.503005
7722	-235.4658	-348.0791	112.6133	0.4905023	3.009611	4.620415	1.544653
7728	-228.3298	-340.2709	111.9411	0.7394057	3.75679	6.577386	1.256709
7734	-240.9019	-353.4453	112.5434	0.6771852	1.967757	6.577386	1.468871
7740	-232.6487	-344.9557	112.307	0.8860167	3.648146	6.779843	0.7169423
7746	-238.199	-350.2832	112.0842	1.144351	2.208809	7.708227	1.160345
7752	-232.5195	-345.7411	113.2217	0.7065755	2.518738	3.629615	1.333821
7758	-238.9905	-351.6475	112.657	0.6733869	4.681539	3.629615	1.155424
7764	-248.391	-361.7761	113.385	0.6832735	4.349972	2.188816	1.155424
7770	-240.9573	-353.2781	112.3208	0.8740978	3.241172	5.723535	1.155424
7776	-233.5543	-345.9199	112.3656	1.051619	2.331712	5.723535	1.315416
7782	-236.4632	-350.2513	113.7881	0.6503405	2.331712	2.436184	1.405777
7788	-233.6676	-347.2478	113.5802	0.8370013	2.442888	2.913054	1.195902
7794	-243.8951	-357.6554	113.7604	1.149022	2.442888	2.238274	1.044994
7800	-237.7904	-351.0942	113.3038	1.204708	2.442888	3.167372	1.014526
7806	-242.8361	-356.0866	113.2504	1.044891	2.672042	3.167372	1.111375
7812	-242.1352	-356.8628	114.7276	0.9418436	2.672042	0.6757946	1.37751
7818	-232.1967	-346.0561	113.8595	0.8450722	7.061794	0.820079	0.8844885
7824	-230.2003	-342.8345	112.6343	0.8271555	4.015202	4.93256	0.8062414
7830	-243.7767	-356.3341	112.5574	0.7957065	4.386399	3.61152	1.219051
7836	-244.8965	-357.901	113.0045	0.8903497	4.386399	2.477391	1.166046
7842	-245.0454	-356.7729	111.7276	1.189381	3.671498	7.967201	0.7570492
7848	-237.0037	-348.7999	111.7962	0.9288585	3.671498	7.967201	0.9841469
7854	-231.9571	-344.2735	112.3164	1.162621	2.240394	7.967201	0.8400599
7860	-226.1097	-339.3472	113.2375	1.047503	2.240394	4.298259	0.9359832
7866	-230.8378	-342.5289	111.6912	0.9165606	4.67131	6.30126	1.118179
7872	-233.964	-345.7881	111.8242	0.5589404	4.67131	5.79315	1.405929
7878	-239.6222	-351.5463	111.9241	0.9735107	4.044681	6.04488	1.088448
7884	-243.1147	-355.3313	112.2166	0.7800601	3.605065	5.720778	1.20727
7890	-248.0718	-360.5895	112.5177	0.8149815	3.624503	2.155837	1.904977
7896	-232.7349	-344.6479	111.913	0.9274024	3.624503	7.362674	1.005062
7902	-233.2236	-344.397	111.1734	0.8885965	3.624503	12.95962	0.8892947
7908	-230.0701	-343.2943	113.2242	0.9162207	4.610436	2.454846	0.8656347
7914	-222.8112	-334.888	112.0767	1.044505	4.610436	4.88773	0.9920978
7920	-221.9194	-333.7345	111.8152	0.9053297	4.610436	5.596148	1.186124
7926	-231.4239	-343.8218	112.3979	0.8931368	4.610436	3.69989	1.186124
7932	-234.6195	-347.735	113.1155	0.9933509	2.041714	3.69989	1.371052
7938	-230.3227	-342.8721	112.5494	0.8395578	3.51911	5.08231	1.033357
7944	-221.9647	-334.0631	112.0984	1.299837	3.51911	6.00787	0.7472576
7950	-228.0159	-340.9609	112.9451	1.580308	1.860232	4.98164	0.6058052
7956	-226.0286	-339.3752	113.3467	1.3638	3.3599	2.426233	0.6779768
7962	-221.5976	-334.4847	112.8871	1.242524	4.261437	2.426233	1.00859
7968	-230.4437	-343.0836	112.6399	0.8956259	2.600532	5.125708	1.237227
7974	-221.7285	-335.4453	113.7168	1.133349	3.243307	1.993187	0.8780421
7980	-231.209	-344.0012	112.7921	1.164999	2.706183	4.537498	0.9594296
7986	-236.6112	-348.9719	112.3606	1.376376	2.706183	6.21804	0.6563682
7992	-243.0992	-356.1195	113.0203	1.13392	2.867508	4.392519	0.6590712
7998	-229.4362	-342.5791	113.1429	1.423152	2.867508	3.178318	0.6942795
8004	-230.0673	-344.1954	114.1281	1.671784	2.654527	1.228693	0.6451334
8010	-222.3483	-334.7365	112.3882	1.508192	2.765314	5.521489	0.3953673
8016	-227.8657	-341.4573	113.5917	1.780106	2.993133	1.554268	0.3480897
8022	-248.7578	-361.5156	112.7578	1.268587	3.405044	4.205569	0.4382989
8028	-222.1326	-334.8512	112.7186	1.268587	3.405044	4.205569	0.6704899
8034	-226.2301	-339.0109	112.7809	1.35477	3.088253	4.205569	0.6214509
8040	-230.7287	-343.4167	112.688	1.295246	3.088253	4.205569	0.8602019
8046	-237.6571	-351.1079	113.4508	1.283495	3.088253	2.707859	0.5223775
8052	-246.2867	-359.6337	113.347	1.417609	2.885667	2.553487	0.7998823
8058	-238.1557	-350.8421	112.6864	1.062761	3.310595	4.734315	0.8378769
8064	-241.9541	-353.2818	111.3277	1.141493	3.310595	9.188322	1.147007
8070	-238.6681	-352.6477	113.9795	0.8653905	2.801575	1.597596	1.294937
8076	-238.5897	-350.9551	112.3654	0.6892054	4.405664	1.189631	2.349855
8082	-237.9379	-349.8291	111.8912	1.052235	4.405664	6.535643	0.7905666
8088	-241.6739	-352.9311	111.2572	1.115637	6.582772	6.535643	0.7905666
8094	-237.5762	-349.283	111.7068	0.8109434	2.908679	8.79321	1.30392
8100	-247.3729	-359.2817	111.9088	0.8096908	1.91707	6.164584	1.915172
8106	-239.4467	-352.1996	112.7529	1.202018	2.080218	6.164584	0.8324662
8112	-241.1205	-353.0811	111.9606	1.257121	2.043721	9.760208	0.9069806
8118	-248.4583	-362.3794	113.9211	0.8377825	2.300612	2.28728	1.221886
8124	-243.4786	-356.2931	112.8145	0.3624314	1.798634	2.930191	2.326463
8130	-243.0043	-355.7031	112.6988	0.4952671	2.877291	2.930191	1.945234
8136	-236.8181	-348.7493	111.9312	0.6632872	2.877291	6.528666	1.598485
8142	-233.0814	-345.7954	112.714	0.9487985	2.340582	6.528666	0.9111103
8148	-227.1648	-339.6143	112.4495	0.8517509	2.340582	6.528666	1.249997
8154	-236.3281	-347.6079	111.2798	0.8072111	2.340582	8.748344	1.826399
8160	-235.6371	-347.5465	111.9094	0.9168877	1.8141	7.188639	1.72873
8166	-229.9945	-342.4291	112.4347	0.9168877	1.731779	7.188639	1.379976
8172	-230.3276	-342.0121	111.6844	0.9168877	4.060285	7.59383	1.045032
8178	-229.6391	-343.4241	113.7849	1.008349	2.480627	2.396356	1.059033
8184	-240.6521	-353.3199	112.6678	0.8146841	2.480627	6.069414	1.124071
8190	-234.4796	-346.628	112.1484	0.7605237	3.360806	5.142537	1.472133
8196	-250.3244	-363.0675	112.7431	0.7954381	2.54854	5.142537	1.251719
8202	-242.954	-355.2758	112.3217	0.8162431	2.112073	7.416061	1.329427
8208	-247.7029	-360.3178	112.6149	0.2006413	2.112073	7.416061	1.575581
8214	-248.7533	-361.4366	112.6833	0.3640188	2.272439	3.839464	2.002832
8220	-244.4786	-357.0376	112.559	0.4455167	2.752447	3.839464	1.872985
8226	-232.4031	-344.2788	111.8757	0.654684	5.503943	3.839464	1.551727
8232	-234.219	-346.5874	112.3684	0.5181474	5.503943	3.839464	1.275703
8238	-242.3917	-355.7073	113.3156	0.659825	4.173319	1.925324	1.40277
8244	-246.291	-358.2899	111.9989	0.495413	4.698485	5.673974	1.335594
8250	-242.8091	-354.9417	112.1326	0.5296218	4.097441	4.757756	1.541311
8256	-238.0657	-350.4957	112.4301	0.5898357	4.097441	3.39456	1.612562
8262	-240.3033	-353.4999	113.1967	0.3269431	4.097441	3.011219	1.348699
8268	-239.5817	-351.943	112.3613	1.162309	4.097441	3.011219	1.348699
8274	-238.2374	-351.2637	113.0264	1.004092	2.839049	3.164167	1.275236
8280	-248.6757	-361.9395	113.2638	0.968523	2.839049	3.164167	1.100747
8286	-241.4525	-354.8724	113.42	1.012538	2.839049	3.164167	0.8999336
8292	-238.1308	-351.4708	113.34	0.5427044	2.189166	3.164167	1.632189
8298	-236.3374	-348.2714	111.934	0.4063428	2.189166	6.966004	1.943539
8304	-229.9668	-343.0274	113.0607	0.7435095	2.138312	3.374846	1.648723
8310	-226.4099	-340.1655	113.7556	0.9435208	4.06967	1.234848	1.24403
8316	-231.4862	-344.8765	113.3903	1.082052	6.302622	0.8070396	1.274746
8322	-224.7384	-338.6436	113.9051	1.063873	4.525303	1.128585	0.9473147
8328	-226.1129	-338.1416	112.0287	0.8017024	4.525303	5.131942	1.219306
8334	-226.0495	-338.3412	112.2917	0.8856119	4.525303	4.53821	1.062835
8340	-234.0141	-347.0389	113.0247	0.5699946	2.575165	4.53821	1.337433
8346	-230.3351	-342.6862	112.3511	0.791338	3.881963	4.53821	1.275681
8352	-226.0085	-338.1028	112.0943	1.182714	3.692035	6.610503	0.5777763
8358	-226.491	-338.3077	111.8167	1.463797	3.692035	6.610503	0.5635679
8364	-241.2915	-354.4619	113.1704	0.9805676	2.03234	3.86542	1.295028
8370	-241.2542	-354.0391	112.7849	0.5010918	2.03234	7.124803	1.295028
8376	-237.2361	-349.5462	112.3102	0.6150182	2.144302	6.546602	1.617515
8382	-238.0544	-349.6368	111.5824	0.7554029	2.144302	6.546602	2.023037
8388	-234.3986	-346.7985	112.3999	0.2062949	4.316478	2.94981	1.97615
8394	-235.3233	-348.1629	112.8396	0.1378373	2.845895	3.126749	2.043683
8400	-224.7554	-337.3875	112.632	0.2386847	2.845895	3.295535	2.069341
8406	-216.3989	-329.569	113.1701	0.651107	3.173009	4.037038	1.052281
8412	-234.2581	-347.3524	113.0943	0.8660797	1.723429	4.037038	1.544631
8418	-228.5465	-340.3209	111.7745	0.8183242	2.818523	7.991843	1.392194
8424	-237.8682	-349.1978	111.3296	0.9031371	4.280477	7.991843	1.240645
8430	-239.3385	-350.7608	111.4223	0.2537458	4.280477	7.991843	1.666561
8436	-236.9809	-350.3125	113.3316	0.3517941	4.280477	2.032598	1.549545
8442	-232.3361	-344.4071	112.071	0.435908	2.772447	4.992873	1.960151
8448	-235.2107	-348.1808	112.9701	0.6393719	2.772447	4.992873	1.136169
8454	-231.6127	-344.563	112.9503	1.072636	2.483865	4.992873	0.8562813
8460	-224.8443	-337.7588	112.9145	1.408219	2.240329	4.992873	0.4936745
8466	-235.1338	-349.2283	114.0945	1.469423	2.814454	1.447854	0.6129863
8472	-232.1555	-345.0162	112.8607	1.273334	3.946513	3.3212	0.6042343
8478	-229.024	-342.0832	113.0592	1.121936	3.946513	3.066635	0.7192016
8484	-241.9745	-355.499	113.5246	0.7736256	1.334275	3.887158	1.54136
8490	-234.3465	-346.8372	112.4907	0.851874	2.129307	3.887158	1.84482
8496	-235.5262	-347.1945	111.6683	0.2405507	2.129307	6.103688	2.372541
8502	-232.2993	-344.1048	111.8055	0.5453942	3.193518	6.450304	1.690542
8508	-242.0795	-355.3918	113.3123	0.6497337	3.26657	1.515762	1.844367
8514	-247.6804	-360.1897	112.5093	0.7790918	2.546152	2.132664	2.240217
8520	-235.3654	-347.6645	112.2991	0.6494317	3.496418	2.020443	2.240217
8526	-236.5032	-348.398	111.8949	0.5281746	4.44645	6.868455	1.227987
8532	-245.1713	-357.7306	112.5592	0.7774808	4.156716	3.833113	1.227987
8538	-231.1582	-344.0272	112.8689	1.139944	3.068393	3.833113	0.9783498
8544	-233.3542	-346.5953	113.241	1.184558	4.238963	2.166546	0.8427455
8550	-235.4996	-346.8184	111.3188	0.7872271	4.238963	7.121098	1.488479
8556	-233.8842	-346.1809	112.2966	0.7349422	3.325482	5.572251	1.297672
8562	-223.2911	-335.9027	112.6116	0.7195094	3.325482	3.377798	1.592327
8568	-225.7656	-338.3286	112.563	0.6066632	4.926226	3.032451	1.420388
8574	-220.1475	-332.6475	112.5	0.6090167	3.833791	2.759665	1.800264
8580	-224.6675	-337.4752	112.8077	0.5677739	3.488215	2.759665	1.701286
8586	-226.9664	-340.0197	113.0534	1.005667	3.706088	2.785092	1.092181
8592	-228.8221	-342.034	113.2119	1.091326	3.814513	2.785092	0.7871453
8598	-228.7169	-341.8751	113.1582	1.235407	3.625872	2.785092	0.7544078
8604	-245.52	-359.0562	113.5362	1.009757	2.829977	3.373279	0.606249
8610	-241.711	-355.4236	113.7126	1.17334	2.829977	2.622854	0.4957784
8616	-240.4215	-353.7643	113.3428	1.491423	1.992673	3.781176	0.440429
8622	-238.9627	-351.9591	112.9964	1.399967	1.992673	5.104917	0.6425671
8628	-240.5149	-354.2036	113.6887	0.983201	1.56559	5.104917	0.6425671
8634	-235.1387	-347.3513	112.2126	0.8631685	3.745378	5.104917	1.23458
8640	-230.3415	-342.9758	112.6343	0.8419889	2.263853	5.362737	1.370834
8646	-237.8296	-350.6098	112.7801	0.8007488	2.567881	5.362737	1.156779
8652	-239.546	-352.5844	113.0384	0.8618667	2.0556	5.362737	1.111519
8658	-239.583	-352.0487	112.4657	0.5257669	3.709178	6.032034	1.111519
8664	-234.3881	-346.9505	112.5624	1.276134	2.491213	6.032034	0.7365371
8670	-240.3981	-352.6675	112.2694	1.276134	2.491213	6.032034	1.069568
8676	-234.6461	-345.9264	111.2803	1.276134	2.364957	13.70661	0.8356164
8682	-225.6054	-337.3221	111.7167	1.192413	2.784786	9.838292	0.8104694
8688	-229.4522	-341.4835	112.0312	0.7971778	2.986356	7.945394	1.144018
8694	-230.1151	-342.6806	112.5655	0.7964757	2.879624	2.540205	1.951734
8700	-232.6741	-345.4342	112.7601	0.708689	2.879624	4.361972	1.369671
8706	-235.5503	-349.0018	113.4515	0.7219178	2.879624	2.701254	1.307646
8712	-233.6301	-347.3065	113.6765	0.7769259	3.330134	1.831242	1.307646
8718	-229.1614	-342.6306	113.4692	0.9842044	3.330134	1.831242	1.307646
8724	-224.0188	-337.6452	113.6264	1.120249	3.715586	1.230249	1.308405
8730	-226.717	-338.7923	112.0754	0.6682736	4.369787	5.506912	1.248533
8736	-225.9741	-338.9627	112.9887	0.5428322	2.545034	4.187252	1.48304
8742	-232.1577	-344.6232	112.4656	0.6511477	2.534981	5.349394	1.542452
8748	-236.7056	-349.5947	112.8892	1.45896	5.32946	1.939725	0.6813081
8754	-228.7332	-341.2595	112.5263	1.45896	5.32946	2.731385	0.465822
8760	-224.018	-336.3418	112.3238	1.462334	5.32946	3.19964	0.5153246
8766	-231.1729	-343.7552	112.5823	1.171247	2.38579	6.978745	0.5727926
8772	-227.7306	-340.2225	112.4919	1.172326	2.018919	6.978745	0.9918785
8778	-227.3662	-340.4576	113.0914	1.346523	2.565428	3.948499	0.6588929
8784	-231.5575	-344.1356	112.5782	1.551424	2.217532	5.766923	0.479921
8790	-234.167	-346.3802	112.2131	1.58537	2.876709	5.766923	0.4283821
8796	-230.6716	-342.5061	111.8345	1.65235	2.876709	7.134963	0.4287423
8802	-232.0883	-343.3289	111.2406	1.720949	3.291545	8.602851	0.3251582
8808	-236.6387	-347.7912	111.1525	1.782612	3.291545	8.995788	0.374358
8814	-236.0538	-347.9846	111.9307	1.782612	3.976224	4.450639	0.3738784
8820	-237.4626	-349.5208	112.0582	1.78908	2.978361	5.302392	0.3738784
8826	-234.8152	-347.2269	112.4117	1.880304	2.038209	5.302392	0.3479205
8832	-238.3137	-351.8009	113.4872	1.603589	2.038209	2.929857	0.3504048
8838	-234.9926	-347.3919	112.3993	1.603589	4.757104	3.022619	0.4150337
8844	-235.9313	-349.0247	113.0934	1.268855	3.665085	3.022619	0.5774692
8850	-233.472	-347.1699	113.6979	1.229493	3.503008	1.57076	0.9804349
8856	-235.9389	-349.5899	113.651	1.054274	4.523789	1.514706	0.8927933
8862	-236.7437	-349.1959	112.4522	0.4885447	4.523789	4.81847	1.200851
8868	-239.8021	-351.4147	111.6126	1.120534	6.983202	4.984219	0.7014047
8874	-235.8428	-348.694	112.8512	1.023214	2.640712	4.984219	0.9411532
8880	-241.8754	-354.5343	112.6589	0.5617981	2.640712	4.984219	1.501642
8886	-242.9113	-356.3246	113.4133	0.5245572	3.026711	3.604901	1.139679
8892	-239.3897	-352.3668	112.977	0.5970687	3.026711	3.014192	1.610691
8898	-236.7203	-349.6554	112.9351	1.169936	2.217721	4.143752	1.167435
8904	-251.3032	-364.4123	113.1091	1.036375	2.217721	4.288443	1.089186
8910	-239.7834	-352.084	112.3006	1.019633	2.490541	5.328674	1.409114
8916	-227.5332	-339.8609	112.3277	0.6700482	3.201589	4.603459	1.568046
8922	-234.5228	-346.812	112.2891	1.150721	2.814707	6.187087	0.9888392
8928	-223.9935	-335.3266	111.3331	0.8903077	2.824418	9.106721	1.51882
8934	-221.1529	-334.2431	113.0901	0.6013339	3.166449	2.897364	1.51882
8940	-229.2317	-340.634	111.4023	0.7524315	3.683973	9.909866	1.195826
8946	-226.1718	-338.2002	112.0283	1.30457	2.003936	7.211018	1.255298
8952	-227.7826	-340.1216	112.339	1.084115	2.003936	7.211018	1.178678
8958	-228.5212	-340.854	112.3328	1.328663	1.813327	7.816047	0.9481396
8964	-219.8274	-333.1036	113.2762	1.224658	3.466522	2.893351	0.5261274
8970	-226.5246	-337.3925	110.8679	1.337754	4.274628	11.70604	0.4608832
8976	-222.2897	-334.1584	111.8687	1.406969	3.358117	7.220298	0.557409
8982	-223.7862	-336.6176	112.8313	1.246263	3.358117	3.147011	1.050727
8988	-234.1654	-345.2155	111.0501	1.133546	3.183797	13.14606	0.9163685
8994	-227.426	-340.6135	113.1876	1.181	3.183797	3.273068	0.7373187
9000	-225.2801	-337.8519	112.5718	1.195426	3.884005	3.273068	1.11344
9006	-234.879	-346.6694	111.7905	0.8398247	3.884005	7.900996	1.01665
9012	-235.7029	-348.167	112.464	0.5442277	3.884005	2.956688	1.797704
9018	-237.4297	-350.5894	113.1597	0.5103562	4.273732	2.167482	1.504451
9024	-239.4139	-350.4471	111.0332	0.6769856	3.453156	12.27764	1.349878
9030	-236.8865	-349.2629	112.3764	0.7841484	2.62914	5.426076	1.460592
9036	-231.7795	-344.8632	113.0837	0.8762434	2.870123	3.984129	1.058988
9042	-237.663	-349.6359	111.9729	0.62241	6.143377	4.22262	1.279638
9048	-234.0237	-346.4547	112.431	0.7480721	4.809416	4.22262	1.074655
9054	-232.8399	-346.4092	113.5693	0.7650785	3.919506	2.027997	1.124832
9060	-226.0516	-339.0927	113.0411	0.9267702	3.919506	3.337106	0.8725506
9066	-236.8668	-349.9187	113.0519	1.052344	3.919506	3.337106	0.6788109
9072	-230.6111	-343.5762	112.9652	0.9384057	3.668778	3.499552	0.9713027
9078	-227.0761	-340.2235	113.1474	0.7948788	2.187927	3.59389	1.466027
9084	-224.5079	-337.5889	113.081	0.7999483	2.753729	3.59389	1.29308
9090	-228.7525	-341.5413	112.7888	0.4024019	4.522102	2.426473	1.697362
9096	-224.5659	-337.5391	112.9732	0.371181	4.321856	2.250867	1.697362
9102	-226.1993	-339.6479	113.4487	0.4936492	4.321856	2.250867	1.242373
9108	-230.3009	-343.9022	113.6013	1.103315	2.152903	2.250867	1.347343
9114	-229.229	-342.107	112.878	0.5502068	2.544955	2.250867	2.107903
9120	-231.1454	-342.8425	111.6971	0.3572583	2.689807	5.849562	2.135672
9126	-230.8455	-342.8846	112.039	0.2951184	2.137995	5.849562	2.135672
9132	-229.235	-340.6753	111.4403	0.4126669	2.828085	10.2535	1.652445
9138	-227.9343	-341.5535	113.6191	0.6381025	2.456186	2.934088	1.315776
9144	-229.7721	-343.1248	113.3527	0.8253213	4.452261	2.381057	0.9198552
9150	-228.8927	-340.7061	111.8134	1.043996	2.804639	10.59608	0.699719
9156	-231.519	-343.9471	112.4281	1.252652	2.38189	6.336109	0.9162249
9162	-230.2112	-343.1671	112.9559	0.7175657	3.030542	3.747001	1.31824
9168	-238.025	-350.8895	112.8644	0.4866925	4.578313	3.152927	1.31824
9174	-235.6427	-348.2533	112.6106	0.592588	4.400451	3.152927	1.475994
9180	-230.8881	-343.1211	112.233	0.5937695	4.219283	3.553551	1.679649
9186	-232.3456	-345.2937	112.9481	0.8816882	3.982357	3.553551	0.9116775
9192	-235.2408	-347.6038	112.3631	1.169868	5.325511	3.553551	0.7836714
9198	-236.3202	-348.8783	112.5581	0.916399	5.325511	3.553551	0.8584782
9204	-233.934	-347.064	113.13	0.8582413	3.708335	3.553551	0.8378826
9210	-236.4862	-349.1827	112.6965	1.142521	2.91698	5.15788	0.7756224
9216	-232.8124	-345.6383	112.8259	0.86672	2.91698	1.855214	1.970629
9222	-224.135	-336.633	112.498	1.081556	3.514034	4.018241	1.157486
9228	-227.0977	-339.2887	112.1911	0.9855151	4.734717	4.018241	1.157486
9234	-230.9942	-343.7266	112.7324	0.7311442	2.638529	4.018241	1.542052
9240	-231.2074	-345.2837	114.0763	1.072686	2.638529	1.601718	1.09519
9246	-232.5582	-346.6441	114.086	1.297577	3.756179	0.9948932	0.9100601
9252	-228.7691	-341.6068	112.8377	1.275523	3.082769	3.615348	0.9444151
9258	-228.2916	-341.3442	113.0525	1.029763	2.847939	3.615348	1.074976
9264	-226.8172	-340.0314	113.2142	1.043583	3.000562	3.615348	0.8167414
9270	-229.8569	-342.8826	113.0256	1.39187	2.595579	3.615348	0.844997
9276	-238.93	-352.9151	113.985	1.338319	4.618846	0.8409616	0.844997
9282	-239.126	-351.5388	112.4128	1.332047	3.223977	5.073914	0.7601418
9288	-239.0144	-351.2901	112.2757	1.254478	2.741049	6.237559	0.916356
9294	-233.2569	-347.1265	113.8696	1.098427	2.210456	3.107555	0.5641745
9300	-231.0487	-344.5878	113.5391	0.9227655	2.210456	3.107555	1.190696
9306	-228.7931	-341.6549	112.8618	0.9367219	4.487856	3.107555	0.9580183
9312	-231.4342	-343.802	112.3678	1.072392	2.956441	6.094918	0.9467372
9318	-239.6061	-352.8283	113.2221	1.194449	2.956441	3.510356	0.6585961
9324	-239.0477	-351.821	112.7734	1.238398	4.014902	3.510356	0.6670915
9330	-234.4647	-347.2788	112.814	1.286729	3.267841	4.102636	0.6098705
9336	-233.488	-346.3981	112.9101	1.64087	2.319437	4.102636	0.4846936
9342	-229.0069	-341.465	112.4581	1.64087	3.570788	3.784195	0.4170703
9348	-237.8848	-350.2167	112.3319	1.830263	1.642271	7.026836	0.3907627
9354	-236.6822	-349.4039	112.7218	1.115155	1.737399	7.026836	0.9825794
9360	-241.4293	-353.3575	111.9282	1.094211	3.384578	7.026836	0.9825794
9366	-237.4111	-349.3874	111.9763	1.335724	3.384578	7.026836	0.500133
9372	-250.3573	-361.0475	110.6902	0.7568799	3.131235	13.98	1.486452
9378	-227.9091	-339.0151	111.1061	1.096189	2.876863	13.98	0.9264588
9384	-235.0413	-346.9051	111.8638	1.038179	1.639597	13.98	0.8949755
9390	-234.3793	-347.0378	112.6585	1.182449	1.71736	7.147058	0.9660429
9396	-228.8311	-340.4003	111.5692	1.064959	4.491146	7.147058	0.9660429
9402	-224.8681	-338.0237	113.1556	0.8597944	2.431103	4.134799	1.151033
9408	-224.7041	-337.9034	113.1993	0.6645565	3.41421	3.35447	1.151033
9414	-224.4023	-337.3027	112.9004	0.4459464	7.755431	1.395264	1.480733
9420	-225.6743	-338.9893	113.3149	0.7018435	5.566501	2.004923	0.9767998
9426	-222.2766	-335.4582	113.1815	0.8962602	4.738073	2.004923	1.134771
9432	-228.3724	-341.0703	112.6978	0.9511175	4.100287	4.241486	0.7962617
9438	-224.1365	-337.3194	113.1829	0.9430784	4.100287	2.705711	0.927191
9444	-230.459	-343.4498	112.9907	1.164002	4.100287	2.705711	0.8953541
9450	-228.1246	-341.949	113.8244	1.346467	3.909224	1.431552	0.5167752
9456	-225.5	-339.554	114.054	1.032661	3.909224	1.431552	0.7350611
9462	-228.6512	-342.0315	113.3802	1.030932	4.278601	2.098845	0.8895339
9468	-228.2434	-341.5761	113.3327	1.078441	4.278601	2.098845	0.8895339
9474	-226.9047	-340.6795	113.7748	1.389594	2.753874	2.098845	0.623297
9480	-224.1716	-337.8784	113.7068	1.312869	3.145616	2.098845	0.5327185
9486	-231.0102	-344.7517	113.7415	1.280615	3.579375	1.674123	0.747554
9492	-230.6846	-342.3274	111.6429	0.9828361	3.579375	8.010345	1.104
9498	-233.7795	-345.5279	111.7485	1.257914	5.14241	5.402417	0.7869733
9504	-225.1646	-337.4897	112.3251	1.197246	3.086703	6.592742	0.5406473
9510	-222.1902	-334.5058	112.3156	1.133156	3.234515	6.12294	0.7927641
9516	-229.946	-342.1702	112.2242	0.966311	3.234515	6.12294	1.073442
9522	-227.1491	-339.8538	112.7047	0.7800675	3.396265	4.760865	1.073442
9528	-226.8155	-340.2382	113.4227	0.6211678	7.218919	1.27479	1.073442
9534	-226.2833	-340.1047	113.8214	0.7795987	7.218919	0.9428267	0.8056393
9540	-233.2929	-345.3807	112.0878	0.5946799	7.218919	4.194771	0.9967291
9546	-238.8086	-351.1428	112.3342	0.6344271	5.062162	3.623101	1.367063
9552	-231.1095	-344.0937	112.9841	0.5394521	3.300768	3.687141	1.367063
9558	-229.5223	-341.517	111.9947	0.654177	2.631613	6.493893	1.645712
9564	-222.8126	-334.799	111.9864	0.6624109	2.631613	6.493893	1.645712
9570	-228.5865	-340.3143	111.7279	0.9429839	2.570963	9.151248	1.25427
9576	-231.1005	-342.0372	110.9367	0.6190768	3.776694	9.151248	1.723919
9582	-246.0553	-357.6347	111.5794	1.487912	2.714434	9.151248	0.7930602
9588	-246.0445	-358.6686	112.6241	1.358117	2.764099	4.811526	0.8056888
9594	-245.4473	-357.8865	112.4393	1.173765	2.764099	6.392429	0.7547163
9600	-240.5738	-352.959	112.3853	0.7991217	2.764099	6.172207	1.244848
9606	-234.6276	-346.2236	111.596	1.138133	2.764099	6.971572	1.460238
9612	-231.1069	-343.219	112.1121	0.6527391	2.715657	6.971572	1.453715
9618	-226.328	-339.2243	112.8963	0.5882254	2.246289	3.014117	1.931042
9624	-233.4514	-346.7253	113.2739	0.8031756	2.186296	3.014117	1.536798
9630	-239.093	-351.1898	112.0968	0.7405103	1.81186	6.623287	1.806685
9636	-237.6257	-350.1814	112.5557	0.9966836	1.81186	6.623287	1.274824
9642	-231.4727	-343.5515	112.0788	0.7544753	2.474042	8.234118	1.293382
9648	-235.8867	-348.2953	112.4086	0.9433098	2.906052	5.966616	1.085658
9654	-234.6982	-347.2495	112.5513	0.701094	2.906052	5.966616	1.174965
9660	-245.789	-358.4824	112.6934	0.9163863	2.906052	5.966616	0.8107766
9666	-231.5978	-344.4818	112.884	1.015622	2.906052	4.833257	0.8227991
9672	-241.4758	-353.5001	112.0243	0.8887549	2.906052	8.109586	1.070019
9678	-238.2517	-350.7157	112.4641	0.8585335	2.840548	6.793345	0.9565102
9684	-236.921	-349.6995	112.7786	0.7481099	2.655485	3.235912	1.697544
9690	-247.5286	-359.9978	112.4692	0.7113987	2.704744	3.235912	1.920925
9696	-252.291	-364.4451	112.1541	1.029628	2.147576	6.78781	1.381936
9702	-242.3566	-355.1439	112.7873	0.7661992	2.16348	3.226963	1.855158
9708	-254.1275	-364.8324	110.7049	0.5076338	2.16348	17.65882	1.703795
9714	-236.6718	-347.6134	110.9417	1.153568	3.455662	12.46459	0.9890901
9720	-228.6231	-341.6845	113.0614	0.7935657	3.91407	2.937488	1.149861
9726	-237.2414	-350.4013	113.1599	1.09518	3.903628	2.857602	0.7659488
9732	-224.4011	-337.5413	113.1402	0.9101048	3.085016	2.857602	1.278878
9738	-229.5072	-342.9009	113.3937	0.8925321	3.290114	2.857602	0.9928653
9744	-229.6846	-341.1296	111.445	1.396892	6.198691	5.405514	0.4148632
9750	-231.3514	-343.8966	112.5451	1.035376	3.651404	5.405514	0.5861273
9756	-230.7541	-343.1628	112.4086	1.407123	3.041195	5.405514	0.5948576
9762	-228.2788	-339.8326	111.5538	1.366379	3.780276	8.02667	0.6671902
9768	-233.668	-345.207	111.539	1.366379	3.780276	8.02667	0.6950789
9774	-241.8791	-354.6647	112.7856	1.131834	4.251725	3.594203	0.6361265
9780	-233.8275	-346.6018	112.7743	1.285933	3.899674	3.594203	0.5541176
9786	-225.8252	-338.7014	112.8763	1.48836	3.260215	3.409983	0.4464684
9792	-224.739	-337.8367	113.0978	1.270869	3.260215	3.409983	0.5335701
9798	-233.4813	-348.3911	114.9097	1.454686	3.260215	0.4115807	0.8979689
9804	-236.0178	-350.4687	114.4509	1.454686	2.900007	0.9971869	0.6391583
9810	-225.4578	-339.656	114.1981	1.563146	3.191043	1.010071	0.6592382
9816	-229.79	-344.7896	114.9996	1.476075	1.986015	0.8492248	0.7297605
9822	-234.2761	-349.1701	114.894	1.329134	1.986015	1.111049	0.7062386
9828	-242.1823	-357.156	114.9737	1.423797	1.782391	1.111049	0.6011328
9834	-239.907	-353.0877	113.1806	1.393037	1.782391	5.023777	0.436912
9840	-241.0475	-353.736	112.6885	1.303192	4.801129	3.036444	0.569663
9846	-247.1471	-359.8899	112.7428	1.248919	4.801129	3.036444	0.569663
9852	-237.528	-350.0351	112.5071	0.9974844	4.801129	3.937206	0.8330827
9858	-231.4083	-343.6995	112.2912	0.6478727	5.500253	3.937206	1.204341
9864	-238.0521	-350.1541	112.102	0.9999286	5.500253	5.061503	0.6111486
9870	-244.6897	-355.9298	111.2402	1.256968	2.86521	11.85332	0.9051984
9876	-238.3227	-351.1173	112.7947	0.7339679	2.86521	3.514329	1.549474
9882	-232.0612	-343.8108	111.7496	0.9632036	2.934313	9.768854	0.9720632
9888	-237.4668	-349.5529	112.0861	1.078547	2.934313	8.618814	0.6126442
9894	-228.0303	-340.0624	112.0321	1.090839	2.934313	8.618814	0.7005479
9900	-229.1628	-342.9941	113.8312	0.9386753	3.088066	2.427831	0.7584832
9906	-234.5706	-347.0706	112.5	0.7040855	4.905967	2.989319	1.412355
9912	-247.0226	-358.2813	111.2587	0.6656468	4.905967	4.92108	1.855745
9918	-246.8989	-359.8737	112.9749	0.3370544	4.905967	1.944546	1.718978
9924	-250.757	-362.4295	111.6725	0.2794459	4.905967	7.148622	1.448154
9930	-234.6937	-347.7755	113.0818	0.5075195	3.440369	3.10485	1.448154
9936	-232.4144	-345.8129	113.3985	0.4158224	3.153196	3.10485	1.361274
9942	-231.9506	-345.1667	113.2161	0.3717512	3.153196	3.10485	1.534362
9948	-232.0221	-345.1607	113.1386	0.2501427	3.67228	3.10485	1.534362
9954	-234.0468	-346.8807	112.8339	0.5581472	3.67228	4.46612	1.144719
9960	-234.5043	-347.2471	112.7428	0.7942733	3.67228	4.014575	1.144719
9966	-231.9385	-344.2288	112.2903	0.6042957	5.439766	4.014575	1.233208
9972	-234.94	-347.6939	112.7538	0.8804417	5.383688	2.447824	1.156752
9978	-231.6745	-343.688	112.0136	0.4976528	5.383688	4.174214	1.505692
9984	-231.1459	-343.9416	112.7957	0.7501772	3.267684	4.174214	1.223898
9990	-232.3335	-344.3392	112.0057	0.752754	3.437361	6.809643	1.246836
9996	-237.2464	-350.3478	113.1014	0.692606	6.656258	2.181993	0.8220685
10002	-231.0722	-344.4132	113.341	0.3329193	3.178712	2.186552	1.776728
10008	-231.1888	-344.0882	112.8994	0.9034355	3.178712	1.226236	2.127138
10014	-222.5826	-334.8045	112.2219	0.744258	3.178712	5.235165	1.464389
10020	-234.2395	-345.9028	111.6633	1.228578	3.59491	8.727307	0.584188
10026	-229.8542	-343.0095	113.1554	1.363399	3.6154	2.727383	0.4666104
10032	-239.7979	-351.6797	111.8819	1.680843	3.6154	5.403764	0.6647975
10038	-225.0942	-337.8111	112.7169	1.534247	3.341156	3.561475	0.6345777
10044	-226.6197	-338.0674	111.4477	1.374182	3.620872	9.059852	0.5931228
10050	-228.3559	-341.9092	113.5533	1.5343	2.778551	2.237498	0.5931228
10056	-233.7508	-344.2617	110.511	1.274228	2.719928	17.00146	1.08406
10062	-231.5026	-343.6311	112.1285	1.034868	2.074165	9.650735	0.9655724
10068	-233.1406	-344.6836	111.543	0.9262926	3.417218	9.650735	1.038046
10074	-231.4718	-344.6793	113.2076	0.9919836	3.275575	2.461574	1.244999
10080	-235.0692	-347.5775	112.5083	0.4822546	8.228454	2.461574	1.166919
10086	-239.1244	-351.636	112.5116	0.4359414	3.672991	2.878554	1.91345
10092	-242.57	-353.9671	111.397	0.609743	3.672991	9.236842	1.408685
10098	-237.4753	-349.9733	112.498	0.4880168	3.672991	3.537461	1.70301
10104	-244.6054	-356.4056	111.8003	0.8959361	3.593398	7.445229	1.135515
10110	-246.5662	-358.4962	111.93	0.9256784	5.615812	5.771818	0.6778443
10116	-243.8354	-355.1441	111.3087	0.9989949	8.146993	5.561714	0.7620303
10122	-237.4471	-351.1894	113.7423	0.9155115	4.842539	1.407666	0.9296595
10128	-230.0127	-341.0464	111.0337	0.8334693	3.883262	13.82668	0.8850817
10134	-228.5599	-339.6815	111.1216	0.9996562	2.505287	13.11726	1.259225
10140	-228.8754	-344.2419	115.3665	1.409025	1.545806	0.3388003	1.455937
10146	-232.2244	-344.5652	112.3408	1.343629	1.545806	8.072265	1.056321
10152	-226.8263	-340.9513	114.125	1.029438	1.545806	2.957567	0.9900382
10158	-230.7966	-344.5594	113.7628	0.4780955	3.230496	2.678583	1.134695
10164	-231.1024	-343.4896	112.3872	1.054011	3.230496	5.660402	0.9382808
10170	-235.723	-348.8001	113.0771	0.947094	2.263964	5.452951	0.8402122
10176	-235.1772	-347.7382	112.5611	1.173452	2.263964	6.872353	0.7795238
10182	-230.8342	-343.2693	112.4352	0.7540205	2.771568	4.308799	1.628435
10188	-219.5686	-332.4118	112.8433	0.5025116	2.617383	3.681685	1.718634
10194	-237.763	-349.5595	111.7965	1.062488	2.617383	5.25206	1.718634
10200	-231.7661	-343.9148	112.1487	0.7337286	3.239632	5.25206	1.505639
10206	-228.886	-340.6077	111.7217	0.5075601	2.856771	9.09147	1.505639
10212	-223.5087	-336.2307	112.722	0.7141304	3.170051	3.670179	1.479498
10218	-223.5915	-336.3794	112.7879	0.5540369	3.170051	3.745271	1.529857
10224	-230.3246	-342.2588	111.9342	0.6336469	3.065259	6.70631	1.529857
10230	-223.3129	-335.3204	112.0075	0.7314846	4.00769	6.70631	1.106013
10236	-227.7812	-340.2099	112.4287	0.7573671	3.142212	4.416124	1.488498
10242	-230.0782	-343.4128	113.3346	0.05969177	2.867651	2.985947	1.795073
10248	-232.5702	-344.5113	111.9411	0.5364132	2.867651	8.149461	1.441462
10254	-236.8429	-349.142	112.2991	0.7549325	2.867651	3.304332	1.938471
10260	-233.6934	-346.4114	112.718	0.870466	2.875991	3.304332	1.561198
10266	-231.6936	-343.8373	112.1437	0.4775042	8.21562	3.571172	1.075325
10272	-233.9563	-346.0208	112.0645	0.7269665	8.21562	3.133256	1.075325
10278	-228.0719	-340.4402	112.3683	0.8297451	4.062183	5.919163	0.7907435
10284	-234.4743	-346.5574	112.0831	1.172528	4.062183	5.919163	0.7035581
10290	-235.1039	-347.0615	111.9577	1.015296	4.988411	5.919163	0.7035581
10296	-235.1895	-346.8786	111.6891	1.476697	3.100801	8.313933	0.4480788
10302	-234.008	-345.7029	111.6949	1.591383	3.109996	7.544966	0.3894572
10308	-235.3271	-347.2953	111.9682	1.254131	2.803537	7.544966	0.9137685
10314	-227.9572	-340.7859	112.8288	1.254131	2.803537	4.846056	0.55606
10320	-225.1934	-338.0502	112.8568	1.063674	2.640975	4.846056	0.9337928
10326	-228.5557	-340.8222	112.2664	0.8618443	2.640975	4.846056	1.598766
10332	-233.1605	-346.0118	112.8513	1.169724	2.640975	4.846056	0.8163345
10338	-235.7942	-347.771	111.9768	1.169724	4.175076	6.469218	0.5670104
10344	-238.2734	-351.2735	113.0001	1.144845	5.286555	2.397202	0.5929529
10350	-242.2905	-354.0153	111.7248	0.8912991	5.286555	5.070555	1.231115
10356	-242.8215	-355.6565	112.835	0.669381	5.375188	3.306755	0.9169278
10362	-237.3622	-349.7133	112.3511	0.669381	5.375188	4.515929	0.9874375
10368	-240.0065	-353.2612	113.2547	0.5188164	4.219106	2.273714	1.39504
10374	-238.5653	-351.6767	113.1114	0.6714674	2.531699	2.936169	1.645823
10380	-236.8072	-349.802	112.9948	0.7014407	2.571498	3.001299	1.674062
10386	-234.6246	-347.6722	113.0476	0.6345616	2.571498	4.546259	1.265856
10392	-230.5369	-342.9453	112.4084	1.296448	2.521736	6.385105	0.7886418
10398	-232.4462	-345.2585	112.8123	1.425087	1.78338	6.385105	0.5177388
10404	-235.6054	-347.6463	112.0409	1.425087	4.470536	4.738552	0.3717082
10410	-240.2306	-353.3492	113.1187	1.325457	2.128101	4.738552	0.4234999
10416	-242.0323	-354.7277	112.6954	1.396696	2.852923	4.738552	0.5559792
10422	-246.9132	-359.3472	112.434	1.478585	2.523356	5.767186	0.6951435
10428	-242.5964	-355.3205	112.7241	1.081025	2.523356	5.767186	0.8485946
10434	-245.1364	-357.4985	112.3621	0.8443003	2.735689	3.539302	1.813748
10440	-242.5056	-354.0936	111.5879	0.2193557	4.04269	4.033746	2.28853
10446	-236.5263	-349.0144	112.4881	0.1039412	2.625513	3.403191	2.28853
10452	-238.0843	-351.1355	113.0512	0.1185862	2.485471	3.403191	1.954606
10458	-234.7495	-347.2179	112.4683	0.3085006	2.485471	3.403191	2.213226
10464	-234.9225	-348.455	113.5325	0.2429013	2.455682	3.403191	1.540014
10470	-234.2533	-347.5052	113.2519	0.3114062	2.457653	3.643716	1.628682
10476	-244.5569	-357.4447	112.8878	0.6690983	2.457653	3.801196	1.592529
10482	-236.5468	-349.2164	112.6695	0.466711	3.233129	3.801196	1.647027
10488	-238.9312	-351.3979	112.4667	0.5597875	3.717902	5.507933	1.193308
10494	-241.582	-354.3251	112.7432	0.6733766	3.717902	3.425549	1.404312
10500	-234.3384	-348.3074	113.969	0.9748544	1.444742	3.425549	1.082466
10506	-229.746	-342.8778	113.1318	0.8212414	3.290774	3.425549	1.089077
10512	-234.1046	-346.8407	112.7361	0.9234206	4.182764	3.425549	1.065816
10518	-225.5991	-339.0815	113.4824	0.9016151	2.458219	3.425549	1.029343
10524	-232.687	-345.6169	112.9299	0.8332825	3.152754	3.884913	1.159948
10530	-228.7703	-341.6788	112.9085	0.6483556	4.009422	3.884913	1.059504
10536	-233.2046	-346.1694	112.9648	0.7179848	4.009422	4.007081	0.8868078
10542	-224.4413	-337.1735	112.7322	0.3681123	2.727894	4.007081	1.775185
10548	-226.0584	-338.7071	112.6487	0.5460239	2.856544	4.007081	1.667872
10554	-245.258	-358.6666	113.4086	1.118676	2.856544	3.03695	0.8413595
10560	-254.7025	-367.6347	112.9321	0.4143508	3.765338	2.886706	1.60906
10566	-252.6959	-365.6001	112.9041	0.2143296	3.765338	2.886706	1.771017
10572	-233.1293	-346.0839	112.9546	0.7462277	2.644322	3.03695	1.635124
10578	-240.4635	-352.2978	111.8343	0.2391758	3.177271	7.510485	1.731539
10584	-236.678	-348.5737	111.8958	0.7477962	3.177271	7.114392	1.369957
10590	-239.7661	-351.5065	111.7403	0.6942994	1.929103	7.114392	1.959365
10596	-241.9774	-354.1874	112.2099	0.6113993	1.929103	7.114392	1.692929
10602	-244.0744	-355.3772	111.3028	0.9571679	1.929103	10.25252	1.692929
10608	-241.7906	-355.1023	113.3117	1.00178	1.929103	4.538603	1.011912
10614	-246.7927	-358.7248	111.9321	0.5826068	2.998547	6.10322	1.688889
10620	-238.2947	-349.8668	111.5722	0.7180099	3.403423	7.432995	1.521832
10626	-231.2807	-343.3844	112.1037	0.9451219	3.183933	7.788061	0.8723534
10632	-228.3086	-341.2693	112.9607	0.9319749	3.183933	4.279048	0.8925586
10638	-226.2043	-338.6242	112.4199	1.091795	4.92596	4.279048	0.5068496
10644	-227.7476	-340.9585	113.211	1.671844	4.240131	1.678287	0.5356706
10650	-230.9477	-343.2127	112.2651	1.525307	3.819588	4.361064	0.3671957
10656	-225.1852	-337.9759	112.7907	1.323082	3.819588	3.501202	0.5889436
10662	-238.0918	-350.208	112.1162	1.331684	3.819588	5.077602	0.8562746
10668	-233.4083	-346.704	113.2957	1.191992	3.819588	2.476914	0.7270932
10674	-231.3927	-343.7321	112.3394	0.910884	3.121789	6.20958	1.040675
10680	-234.9696	-347.4749	112.5053	0.9975694	2.671668	6.20958	0.9857606
10686	-232.6302	-346.6845	114.0543	1.313759	2.671668	1.716718	0.7485373
10692	-233.4996	-345.0332	111.5335	1.114402	3.331598	8.336747	1.113857
10698	-235.728	-348.9961	113.2681	0.8555851	3.331598	2.20957	1.393831
10704	-233.2331	-346.0015	112.7684	0.8030779	2.535218	3.151037	1.730627
10710	-231.777	-344.6789	112.9019	0.8444553	3.149261	3.151037	1.400923
10716	-237.9813	-350.9351	112.9538	0.9583548	3.149261	3.151037	1.268259
10722	-232.558	-345.2716	112.7136	1.070892	3.57492	2.950318	1.306411
10728	-236.2356	-348.0413	111.8057	0.7253618	4.122393	4.30917	1.728246
10734	-231.5626	-342.4497	110.8871	1.117234	2.156182	13.84211	1.426522
10740	-224.0832	-337.3327	113.2494	1.277445	3.055428	2.247699	1.135098
10746	-225.3409	-337.007	111.6661	0.9455765	2.812125	9.699941	1.130623
10752	-222.0602	-335.6457	113.5855	1.281085	2.286811	2.525735	1.021774
10758	-224.9009	-337.5319	112.631	1.017799	3.412182	3.245826	1.36594
10764	-224.0372	-336.893	112.8558	0.6622876	3.103792	3.245826	1.558617
10770	-224.2786	-336.7695	112.4909	0.9130459	3.825626	3.245826	1.438768
10776	-227.8047	-340.8379	113.0332	1.145102	2.415636	4.28369	0.9572922
10782	-236.3556	-349.0816	112.7259	1.067759	2.973588	4.28369	1.080735
10788	-231.2819	-344.4076	113.1256	0.6487209	2.973588	3.650682	1.284003
10794	-233.3722	-345.3327	111.9606	0.9071215	2.973588	8.593476	0.9998633
10800	-226.8419	-340.057	113.215	0.8538834	3.597724	3.104549	0.9876341
10806	-231.3356	-343.8487	112.5131	1.0264	3.597724	3.657495	1.272014
10812	-238.8313	-352.0874	113.2561	1.237814	3.638599	2.170054	0.9912079
10818	-238.3451	-351.7304	113.3853	1.25575	3.638599	2.170054	0.8272091
10824	-241.055	-352.8053	111.7502	1.445846	2.946917	8.522008	0.5369711
10830	-249.1246	-361.1159	111.9913	1.204761	2.946917	8.522008	0.5369711
10836	-245.7681	-357.6627	111.8946	1.225108	2.946917	7.868249	0.8870083
10842	-240.5248	-354.0847	113.5599	1.263665	2.946917	2.641452	0.5352596
10848	-245.1097	-358.6514	113.5417	1.283679	2.946917	2.641452	0.4830979
10854	-230.6052	-344.599	113.9938	1.558839	3.271479	1.16785	0.7117124
10860	-232.0135	-346.4767	114.4632	1.027664	2.621846	1.16785	1.101271
10866	-229.8963	-342.7685	112.8722	1.066374	2.621846	4.676529	0.9762431
10872	-238.9659	-351.6731	112.7072	0.9687596	3.074361	4.676529	1.037663
10878	-229.593	-341.918	112.325	0.7610559	3.074361	4.676529	1.525222
10884	-231.3123	-343.8562	112.5439	0.5938303	2.181676	5.248488	1.678932
10890	-234.4247	-347.4151	112.9903	0.8030699	2.181676	5.248488	1.170883
10896	-224.6627	-337.7303	113.0677	0.9916456	2.440922	3.92148	1.170883
10902	-232.9409	-345.5173	112.5763	1.336396	3.839351	3.92148	0.6898808
10908	-235.4828	-348.0323	112.5495	1.590847	2.201759	5.701454	0.4181703
10914	-229.6791	-342.8081	113.1289	1.554915	2.201759	3.851502	0.4177278
10920	-229.6515	-342.7944	113.1429	1.554915	2.201759	3.851502	0.5257546
10926	-231.9166	-344.2545	112.3379	1.346509	1.876138	8.866528	0.5257546
10932	-237.0106	-350.1298	113.1191	1.39665	2.288627	4.205394	0.6018016
10938	-238.3123	-351.1491	112.8368	1.022172	2.762042	4.205394	1.129171
10944	-235.5729	-348.1687	112.5958	1.344918	3.448376	4.205394	0.7235656
10950	-239.0675	-350.284	111.2164	1.538243	1.619533	15.76965	0.8472577
10956	-235.9382	-348.2214	112.2832	1.530943	2.386357	5.895098	0.8814969
10962	-246.2703	-358.5957	112.3255	1.141118	2.915949	5.895098	0.9875335
10968	-233.9958	-347.4691	113.4732	0.89923	2.109245	3.700522	1.117767
10974	-224.0997	-335.7805	111.6808	1.300044	2.548949	8.855543	1.032981
10980	-227.2636	-339.0175	111.7539	0.9166338	2.548949	8.855543	1.305019
10986	-238.3485	-350.2944	111.9459	1.151148	3.538512	6.596767	0.9415115
10992	-233.0778	-345.6985	112.6208	1.143024	2.283475	6.960167	0.6874281
10998	-231.3585	-343.7476	112.3891	0.8616565	1.80318	6.96651	1.458252
11004	-238.9752	-350.4152	111.44	0.3531775	1.80318	8.536054	2.250519
11010	-240.8789	-352.89	112.0111	0.4276257	1.407159	10.40864	1.799594
11016	-240.7615	-353.1641	112.4026	0.7411001	1.407159	6.701458	1.778038
11022	-236.5334	-349.2296	112.6961	0.9757963	1.567746	5.538061	1.511905
11028	-238.5215	-350.8163	112.2948	0.4667887	2.637651	3.902549	2.056954
11034	-234.3148	-347.6332	113.3184	0.6267044	2.851283	3.902549	1.106356
11040	-225.6316	-338.6384	113.0068	0.8906333	2.851283	4.031408	1.109946
11046	-238.0114	-350.7762	112.7648	0.9605978	4.269425	4.031408	0.7019884
11052	-236.2436	-349.2547	113.0111	0.8205089	4.038942	3.027055	1.098465
11058	-230.0883	-343.1195	113.0312	0.8408973	3.354773	3.959629	0.9556629
11064	-239.8894	-352.3914	112.502	1.099523	3.041752	5.802099	0.798195
11070	-233.7215	-345.1873	111.4659	1.116388	4.050786	9.011227	0.7775083
11076	-236.3351	-348.7733	112.4383	0.509123	4.050786	4.902376	1.300749
11082	-238.0638	-350.5862	112.5224	0.4570432	3.268309	3.049276	1.945701
11088	-231.3204	-343.0018	111.6814	0.579015	1.705503	8.114895	2.03768
11094	-232.7757	-344.8818	112.1061	0.5120757	1.705503	6.3864	2.03768
11100	-235.655	-347.8521	112.1971	0.8435251	2.283702	6.3864	1.503723
11106	-234.7818	-346.7138	111.932	0.6248111	2.897202	6.3864	1.642789
11112	-231.3009	-344.1241	112.8232	1.177706	3.943403	3.4604	0.7576565
11118	-235.5534	-348.9236	113.3701	1.169267	2.809993	3.4604	0.5317304
11124	-226.5419	-339.9529	113.4111	1.490922	2.809993	2.599462	0.4566092
11130	-228.162	-341.6707	113.5087	1.178693	2.683804	3.052654	0.7174731
11136	-232.5565	-344.7176	112.1611	1.178693	3.268	6.267489	0.8701927
11142	-237.5064	-349.3192	111.8128	1.166649	3.268	7.013445	1.071634
11148	-233.6587	-345.3657	111.7071	1.203738	3.388121	7.013445	1.091858
11154	-231.4756	-343.527	112.0515	1.331478	3.186759	6.970579	0.6042687
11160	-229.9877	-341.3822	111.3945	1.437036	2.656345	10.90615	0.7743515
11166	-230.4784	-344.2159	113.7375	1.554553	2.656345	1.884356	0.7109343
11172	-236.8273	-350.2218	113.3945	0.8343565	4.782446	1.677345	1.171316
11178	-235.2538	-348.0065	112.7526	1.06845	4.782446	1.677345	1.498318
11184	-242.3824	-355.5964	113.2141	0.5377367	5.407142	1.730449	1.392255
11190	-233.5902	-346.971	113.3808	0.8272815	5.283629	1.730449	1.029676
11196	-239.6007	-351.5793	111.9786	1.327649	5.283629	4.62086	0.4750562
11202	-239.1596	-351.1493	111.9897	1.494839	4.04075	5.011023	0.3248203
11208	-231.4407	-344.1639	112.7232	1.494839	2.417458	5.011023	0.5639663
11214	-228.0688	-341.0762	113.0074	1.460615	1.973459	5.011023	0.5065613
11220	-236.051	-349.0584	113.0075	1.460615	1.973459	5.011023	0.5043022
11226	-230.2666	-343.1394	112.8728	1.57213	2.546336	4.079691	0.5023764
11232	-240.2298	-352.9838	112.754	1.532534	2.546336	4.581334	0.5023764
11238	-236.9587	-350.0266	113.0679	1.532534	2.316901	3.883501	0.3939695
11244	-236.9441	-349.5022	112.558	1.029182	4.501863	3.883501	0.8633703
11250	-232.4502	-344.9839	112.5337	1.045854	4.501863	3.883501	0.8724372
11256	-236.9144	-350.1823	113.2679	1.3381	3.258316	2.831753	0.5463308
11262	-242.4358	-354.5603	112.1245	0.963322	3.522227	6.154022	1.058539
11268	-237.4859	-350.0976	112.6117	0.7567912	3.413632	5.319796	1.029396
11274	-241.8643	-354.2622	112.3979	0.9170448	3.413632	5.319796	1.080289
11280	-244.5203	-357.3143	112.7941	0.8535954	3.413632	3.21451	1.376249
11286	-236.7916	-349.7908	112.9991	0.7681833	3.413632	3.21451	1.280273
11292	-230.3019	-342.1582	111.8563	0.8683809	3.384985	7.071694	1.244956
11298	-233.5574	-346.3885	112.8312	0.7812333	3.318246	3.018102	1.4938
11304	-237.0907	-350.4304	113.3398	0.9845229	4.858272	1.590956	1.11989
11310	-230.875	-343.4783	112.6034	0.9917804	3.586686	3.928182	1.146846
11316	-227.228	-339.9287	112.7007	1.337581	3.586686	3.928182	0.6078505
11322	-233.7382	-345.7838	112.0456	1.342392	2.323347	9.003976	0.4048541
11328	-237.1935	-348.6955	111.502	1.426695	3.321629	9.003976	0.6356464
11334	-232.673	-344.1928	111.5198	1.427018	3.298614	9.003976	0.4018456
11340	-234.0744	-344.7153	110.6409	1.717586	4.818067	8.313293	0.2356396
11346	-229.905	-341.8733	111.9683	1.619259	5.093289	3.90407	0.4751165
11352	-226.8058	-338.6905	111.8846	1.619259	5.093289	3.90407	0.3211831
11358	-235.9848	-348.7267	112.7418	2.193099	4.391251	0.9626016	0.1526619
11364	-234.2042	-344.1782	109.974	2.286034	6.53652	3.36968	0.06541715
11370	-233.4888	-344.5785	111.0897	2.6226	3.505396	2.252195	0.07179576
11376	-247.9352	-359.0793	111.1441	2.6226	3.505396	2.252195	0.0765303
11382	-252.157	-364.1041	111.9471	2.6226	4.088491	0.9653575	0.08404283
11388	-240.9234	-352.9913	112.0678	2.153211	4.088491	1.830013	0.1286342
11394	-233.02	-346.3677	113.3476	1.487524	4.088491	1.830013	0.5199917
11400	-248.4184	-361.9113	113.4929	1.266065	4.991959	1.504606	0.6140042
11406	-246.7604	-358.1962	111.4359	0.9039626	5.799544	7.528208	0.8001546
11412	-238.5487	-350.4233	111.8745	1.245126	3.416443	7.528208	0.7226704
11418	-232.3334	-344.3462	112.0128	1.223254	3.416443	6.656808	0.8180724
11424	-239.0498	-352.0917	113.0419	1.223254	3.972593	2.990089	0.4202218
11430	-228.9321	-341.1025	112.1704	1.497008	3.972593	4.564148	0.3569666
11436	-229.1688	-341.9624	112.7936	1.455335	4.466702	2.690531	0.4556405
11442	-233.257	-346.4976	113.2407	1.398752	2.221922	3.99162	0.4801432
11448	-235.0574	-348.3259	113.2686	1.384895	2.642033	3.363738	0.4690757
11454	-233.7431	-346.5542	112.8111	1.535298	3.318437	3.363738	0.4082442
11460	-228.9027	-342.2314	113.3287	1.190149	2.809109	3.363738	0.6936698
11466	-230.2635	-343.551	113.2874	1.206726	2.809109	3.363738	0.7347792
11472	-234.1206	-347.6885	113.5679	1.206726	3.283129	2.133438	0.8536064
11478	-231.7659	-345.3458	113.5798	1.231511	3.283129	2.133438	0.8075088
11484	-237.8605	-349.7693	111.9088	0.3392366	2.750759	4.976649	2.140854
11490	-232.0914	-344.4023	112.3109	0.3292694	2.416454	4.976649	1.987889
11496	-236.477	-348.2524	111.7753	0.7313511	2.692422	4.976649	1.987889
11502	-229.6665	-343.4645	113.798	0.7329254	2.692422	2.182316	1.297532
11508	-222.7209	-336.3899	113.669	0.8117446	2.572301	2.332986	1.319028
11514	-228.9681	-342.298	113.3298	0.9220629	2.572301	2.332986	1.496578
11520	-236.6557	-349.2854	112.6297	0.8737962	3.763352	1.12932	2.23341
11526	-228.8055	-342.4767	113.6712	0.771926	2.408175	2.167684	1.480101
11532	-232.9501	-345.7506	112.8004	0.6165162	2.408175	5.360624	1.359006
11538	-243.0266	-355.8226	112.796	0.7724352	2.408175	5.360624	1.235711
11544	-243.3801	-355.8654	112.4853	0.7387516	4.424956	5.360624	0.7901558
11550	-236.6927	-349.5868	112.8941	0.8522605	4.474448	2.992737	1.061533
11556	-239.6082	-352.443	112.8348	0.9691032	1.996637	6.428022	0.9864731
11562	-246.1899	-358.8437	112.6538	0.9043268	1.888665	6.428022	1.266859
11568	-246.1285	-358.2251	112.0966	1.358293	3.287223	6.428022	0.6244143
11574	-246.1039	-358.6704	112.5665	0.4695329	1.494373	4.91102	2.107226
11580	-238.9026	-351.4846	112.582	0.6919556	2.264499	4.901756	1.618049
11586	-235.1018	-348.0932	112.9914	0.559698	2.264499	3.263755	1.809097
11592	-234.2415	-346.9923	112.7508	0.5925446	2.463568	3.263755	1.881359
11598	-244.6076	-358.1444	113.5367	1.189062	2.463568	2.492155	1.085267
11604	-233.6002	-345.4951	111.895	1.216447	3.761814	6.532417	0.8497559
11610	-236.8613	-348.7534	111.8921	1.479354	3.512084	6.532417	0.4984673
11616	-232.0152	-344.5179	112.5027	1.390888	3.512084	4.338052	0.6906508
11622	-229.6193	-342.8303	113.2109	1.447632	1.988472	4.338052	0.4861427
11628	-226.6474	-339.2689	112.6215	1.621419	2.795889	4.338052	0.467884
11634	-231.4946	-343.568	112.0734	1.621419	2.996227	5.893674	0.3838482
11640	-228.966	-341.1011	112.1351	1.621419	2.895363	5.948905	0.4861304
11646	-230.0883	-343.1323	113.0439	1.266823	3.133102	3.694223	0.5564453
11652	-232.484	-345.2902	112.8062	1.097528	4.045028	3.792086	0.6584682
11658	-239.4719	-352.4714	112.9995	1.140004	2.295119	4.483785	0.9966296
11664	-236.1837	-349.1531	112.9694	0.6737826	2.782569	4.483785	1.232314
11670	-237.3041	-349.8565	112.5524	0.8562804	2.231109	4.483785	1.622903
11676	-238.6269	-351.1769	112.55	0.4893186	3.795375	3.578298	1.622903
11682	-242.8943	-355.0858	112.1915	1.104914	3.234181	4.942124	1.249131
11688	-241.0225	-354.0088	112.9863	0.618573	2.2896	5.393688	1.249131
11694	-238.1563	-350.8425	112.6862	0.6984	3.338114	4.50257	1.249131
11700	-240.0588	-352.2782	112.2194	0.7187058	2.861603	7.058528	1.249131
11706	-240.454	-352.0523	111.5983	0.7379311	3.192489	7.058528	1.605857
11712	-233.6272	-344.7189	111.0917	0.4437023	3.239783	7.058528	2.140414
11718	-233.6984	-346.0519	112.3535	0.4704474	2.421796	6.583586	1.57834
11724	-227.4471	-339.6732	112.2261	0.7727344	4.610743	3.921972	1.36263
11730	-228.1581	-339.7172	111.5592	0.6544776	3.835216	8.836219	1.251866
11736	-233.7621	-345.27	111.5079	0.626976	3.38211	8.618497	1.475749
11742	-226.4084	-337.991	111.5826	1.506633	3.38211	7.655553	0.7512313
11748	-228.9183	-342.5156	113.5972	1.213173	2.326521	2.83552	0.9087658
11754	-224.6039	-337.6117	113.0078	1.026045	2.326521	5.259723	0.8508605
11760	-228.6939	-340.9616	112.2677	1.352047	2.165708	7.001761	0.9469048
11766	-233.5761	-346.49	112.9139	0.756565	3.768705	2.532957	1.489456
11772	-231.8804	-346.0397	114.1593	1.355808	3.187145	1.126354	0.8615722
11778	-237.5875	-351.8923	114.3048	1.493354	3.187145	0.847317	0.8615722
11784	-234.8471	-347.8957	113.0485	1.105915	3.396395	2.805248	1.101749
11790	-237.9421	-349.9351	111.993	1.272105	3.396395	7.072817	0.6388846
11796	-227.2728	-339.8504	112.5776	0.9107093	4.126746	4.277669	0.9598723
11802	-228.0687	-340.2473	112.1786	1.28251	2.784965	6.695182	0.853398
11808	-233.3276	-345.8784	112.5508	1.215429	4.987708	3.13208	0.81489
11814	-227.0498	-340.1869	113.1371	1.062856	3.306984	3.244713	0.9052984
11820	-241.4861	-354.7669	113.2808	0.8590274	3.306984	2.02561	1.468125
11826	-233.6159	-346.9844	113.3684	0.9935416	1.930663	3.909294	1.154617
11832	-247.9748	-361.5605	113.5857	0.4340969	2.768378	1.769856	1.830093
11838	-238.0523	-349.8266	111.7743	0.957071	2.424538	8.115202	1.411493
11844	-261.8413	-373.1022	111.2609	0.5807111	2.25447	12.36829	1.644909
11850	-244.4235	-355.6059	111.1824	0.8003458	1.878926	12.36829	1.697671
11856	-236.3784	-348.9951	112.6167	0.8328605	1.939169	5.16115	1.571278
11862	-240.1435	-352.4551	112.3116	0.6525779	1.939169	5.16115	1.912134
11868	-242.3972	-353.7845	111.3874	0.7523153	1.939169	10.62295	1.733851
11874	-237.6051	-350.9535	113.3484	0.9726997	2.628831	3.603255	0.9417111
11880	-244.0556	-356.2772	112.2216	0.4653912	2.668826	4.866648	1.894872
11886	-233.0454	-345.8177	112.7723	0.2153628	2.892613	4.866648	1.613706
11892	-243.7252	-356.2562	112.531	0.5020835	2.892613	3.056133	2.012554
11898	-237.4617	-350.2557	112.794	0.6552106	3.665078	3.056133	1.506348
11904	-230.4836	-343.9747	113.4911	1.040042	2.631746	2.940862	0.9951287
11910	-227.4607	-339.9965	112.5358	1.27584	2.04026	6.980069	0.8114415
11916	-224.8133	-338.1913	113.3779	1.090014	2.04026	2.803395	1.371322
11922	-228.5353	-340.7653	112.2299	0.5067188	2.931367	1.985422	2.531242
11928	-227.4376	-339.448	112.0104	0.5353248	2.931367	6.161971	1.677432
11934	-229.2323	-341.5116	112.2794	0.9192995	2.943507	6.161971	1.166899
11940	-236.6893	-348.8999	112.2106	0.8492411	3.08966	6.161971	1.232884
11946	-237.3231	-349.1233	111.8002	0.8375751	2.893823	6.161971	1.623155
11952	-229.9784	-341.1232	111.1448	0.5232031	3.889387	8.331055	1.719165
11958	-228.3812	-340.2618	111.8807	0.9036097	2.951675	6.189485	1.491946
11964	-230.4863	-341.999	111.5126	1.302721	2.415022	9.791505	1.103661
11970	-234.543	-346.3644	111.8214	1.15084	2.415022	8.853347	1.103661
11976	-229.2814	-342.9816	113.7002	0.9757101	2.415022	2.819679	1.009367
11982	-241.8229	-354.3711	112.5482	0.7833598	2.614679	4.279114	1.584716
11988	-241.474	-354.2783	112.8043	0.1113055	4.25453	3.775004	1.549034
11994	-236.4972	-349.0163	112.5191	0.1376308	4.25453	3.775004	1.735275
12000	-233.0407	-345.2963	112.2556	0.3545429	5.005348	3.775004	1.608177
12006	-234.0575	-346.6497	112.5922	0.1406368	5.005348	3.775004	1.517949
12012	-234.6105	-347.7304	113.12	0.4513347	2.656383	3.775004	1.517949
12018	-238.4617	-350.8278	112.3661	0.4146907	4.16345	3.775004	1.668222
12024	-241.6357	-354.0689	112.4332	0.2964913	3.080196	4.810083	1.751927
12030	-246.2629	-358.0417	111.7788	0.4304087	2.961493	7.144836	1.751927
12036	-244.6239	-356.9932	112.3693	0.1442629	2.317323	7.144836	1.751927
12042	-229.5941	-341.4871	111.893	0.05059497	2.317323	9.241579	1.874759
12048	-238.6205	-351.7491	113.1286	0.1833895	2.063813	6.305384	1.403259
12054	-234.4973	-347.806	113.3086	0.436084	3.057546	2.908673	1.50893
12060	-240.4633	-353.5486	113.0853	0.2763042	2.581108	3.073545	1.882534
12066	-243.9867	-356.304	112.3173	0.1043197	2.581108	6.114389	1.882534
12072	-236.0316	-350.3729	114.3412	1.569229	3.769922	0.7018214	0.6142642
12078	-232.8062	-346.0848	113.2786	1.402468	1.975163	4.268411	0.5653466
12084	-237.2557	-350.1125	112.8568	1.715755	1.975163	4.493345	0.3632179
12090	-226.6883	-338.9843	112.296	1.44745	3.884864	4.493345	0.3937633
12096	-244.011	-355.5919	111.5809	1.592565	2.810256	8.540403	0.730604
12102	-232.3826	-345.8522	113.4696	1.138676	2.717418	2.931436	0.8734463
12108	-229.969	-342.2812	112.3122	1.249824	6.54965	2.931436	0.6527062
12114	-224.6964	-337.0209	112.3246	1.495341	4.197436	4.004972	0.4676027
12120	-229.4233	-341.9124	112.4891	1.000903	3.214903	5.304912	0.9901675
12126	-227.8578	-340.4516	112.5938	1.517807	2.484435	5.304912	0.4928938
12132	-225.584	-338.2458	112.6618	0.9132959	7.824073	2.309413	0.6866449
12138	-235.3196	-347.4518	112.1323	1.28495	7.783056	2.547022	0.3065869
12144	-219.9625	-332.0397	112.0772	1.039594	5.297231	4.935706	0.7513877
12150	-231.3762	-344.0082	112.632	0.9998927	3.621964	4.935706	0.7593907
12156	-232.55	-345.9668	113.4169	1.236928	2.881271	3.018475	0.6389005
12162	-221.7855	-334.9839	113.1984	1.45921	2.872513	3.018475	0.6389005
12168	-232.6208	-344.7751	112.1543	1.648905	5.134303	3.018475	0.2998946
12174	-238.5117	-350.9256	112.4139	2.032857	3.026274	3.018475	0.2581952
12180	-244.7237	-357.0145	112.2908	1.667551	2.315757	6.243378	0.45202
12186	-237.5437	-350.1468	112.6031	1.95968	3.604495	2.364864	0.2810242
12192	-232.3206	-344.3212	112.0005	1.978907	4.618015	2.364864	0.1786032
12198	-229.8073	-341.9515	112.1442	1.978907	2.997939	3.608448	0.2123251
12204	-238.5881	-350.6107	112.0226	1.978907	2.997939	4.024558	0.2215309
12210	-232.9868	-345.204	112.2172	1.912549	2.997939	4.024558	0.2872071
12216	-238.2875	-351.4921	113.2045	1.068494	2.548556	4.024558	0.8736835
12222	-243.7148	-357.9827	114.2678	0.7959387	1.670051	2.56149	1.162519
12228	-238.7169	-352.5292	113.8122	0.7984208	1.670051	3.650085	1.162519
12234	-244.5367	-355.2754	110.7387	0.7308914	3.273479	6.947004	2.189899
12240	-237.7787	-349.7645	111.9858	0.5296837	1.825523	6.644689	2.015647
12246	-235.9674	-347.7297	111.7623	0.6738391	1.825523	6.644689	2.068199
12252	-230.3599	-342.2984	111.9384	0.5378167	2.748084	6.644689	1.706176
12258	-224.0342	-336.53	112.4958	0.5941238	2.748084	3.631189	1.866635
12264	-231.6909	-342.9062	111.2153	0.9480383	2.748084	7.517026	1.796642
12270	-238.4475	-351.308	112.8605	0.2322033	2.748084	4.938899	1.569174
12276	-242.4143	-354.8313	112.417	0.5017985	3.652842	4.469329	1.529159
12282	-231.6853	-343.5595	111.8742	0.755358	2.236811	6.987628	1.72367
12288	-225.6727	-338.4249	112.7522	0.8063335	2.236811	5.188626	1.35419
12294	-228.8493	-340.3396	111.4903	0.4937495	4.457594	10.17964	1.080755
12300	-224.331	-335.3763	111.0453	0.372745	4.223496	10.17964	1.595309
12306	-232.3066	-343.9979	111.6914	0.5512687	2.802522	8.461816	1.595309
12312	-234.6602	-346.8163	112.1562	0.602786	2.588413	5.084142	1.829782
12318	-240.9407	-353.5694	112.6287	0.6749774	2.252704	5.084142	1.563558
12324	-237.5253	-348.8962	111.3709	0.5146034	2.252704	8.763564	1.992407
12330	-231.764	-344.6987	112.9347	0.8873991	2.252704	3.809864	1.471888
12336	-226.7119	-340.7102	113.9983	0.8532635	2.502213	1.673978	1.36025
12342	-223.0263	-337.041	114.0147	1.234562	2.849496	1.108399	1.267054
12348	-232.0297	-343.5495	111.5198	0.9481353	6.280007	5.617028	1.009669
12354	-227.0178	-338.5808	111.563	0.9318155	3.229481	9.309378	1.134685
12360	-237.2285	-350.531	113.3026	0.9103667	2.858115	2.180638	1.488013
12366	-235.2401	-346.8185	111.5784	0.5963938	2.858115	8.577497	1.611454
12372	-244.6525	-356.9861	112.3335	0.7294776	3.241145	5.500053	1.314305
12378	-239.8444	-352.9624	113.1181	0.5121417	3.172951	4.065408	1.214953
12384	-243.586	-356.6962	113.1102	0.5740511	2.011367	4.065408	1.60915
12390	-241.1105	-350.968	109.8575	0.8262753	3.437113	21.04816	1.442769
12396	-238.3556	-350.6834	112.3278	0.7876662	2.898164	5.542356	1.377759
12402	-233.0868	-345.6725	112.5857	0.9968722	5.556572	2.680684	1.060563
12408	-228.2392	-341.7293	113.4901	0.7598387	4.621068	2.005531	1.005261
12414	-225.5759	-337.6755	112.0996	0.8229537	4.621068	5.056689	1.132004
12420	-231.2043	-343.379	112.1748	0.7734064	4.490922	5.056689	1.144298
12426	-231.1084	-344.4223	113.3139	1.083533	4.490922	2.259811	0.6973848
12432	-234.5551	-347.5416	112.9865	0.7256494	3.918955	2.259811	1.523212
12438	-235.1564	-347.5305	112.3741	0.936594	2.909824	6.779127	0.940199
12444	-225.9212	-338.1596	112.2384	1.076041	2.909824	6.779127	0.9361793
12450	-235.2745	-347.6871	112.4126	0.5104438	3.642262	3.933708	1.655241
12456	-226.4001	-339.2621	112.862	0.7925581	3.074363	3.808894	1.30103
12462	-234.2314	-346.8222	112.5908	0.7180255	4.486607	3.808894	1.169656
12468	-236.0235	-349.0169	112.9934	0.8567182	2.304159	3.808894	1.429969
12474	-232.0668	-345.683	113.6162	0.7168203	3.401809	2.518895	1.05824
12480	-242.7676	-356.4331	113.6655	1.150558	2.317301	2.518895	1.05824
12486	-263.1872	-374.9235	111.7364	0.8224669	5.199676	5.998559	1.091309
12492	-246.0529	-358.2001	112.1472	1.027959	4.124725	5.593654	0.8938016
12498	-246.9153	-358.4586	111.5433	0.7309884	6.119666	6.255278	1.082327
12504	-249.0159	-361.9729	112.957	0.5902612	5.195971	2.416365	1.286392
12510	-243.5026	-356.9726	113.47	0.7388776	4.41235	2.523149	0.8139741
12516	-235.1411	-348.7672	113.6261	1.55452	2.571374	2.265091	0.547643
12522	-240.6443	-354.2742	113.6299	1.55452	2.571374	2.265091	0.4847476
12528	-239.034	-351.5979	112.5639	1.230398	2.571374	5.660851	0.8657264
12534	-245.1488	-358.7735	113.6246	1.134545	1.955469	3.849489	0.7289149
12540	-241.7586	-354.9483	113.1896	1.029983	2.644616	4.088149	0.8575949
12546	-233.181	-345.7796	112.5986	1.448697	2.799223	4.918603	0.6140165
12552	-230.1363	-342.3345	112.1982	1.448697	3.843812	4.918603	0.4273093
12558	-224.7485	-337.0758	112.3273	0.8471461	4.844609	4.918603	0.8485843
12564	-224.4502	-336.9865	112.5362	1.275733	3.548774	4.384515	0.774926
12570	-222.4263	-335.142	112.7157	1.089823	3.566284	4.384515	0.774926
12576	-215.7575	-328.6533	112.8958	0.5319831	2.941621	4.384515	1.375094
12582	-214.9284	-327.3463	112.4179	1.027522	3.713405	2.1624	1.803338
12588	-223.1947	-335.0816	111.8869	0.7648232	2.717563	7.895	1.39635
12594	-228.7738	-340.2006	111.4268	0.6138411	5.339398	4.88278	1.699477
12600	-226.8108	-338.9504	112.1396	0.9978637	5.339398	4.88278	0.7252167
12606	-221.9725	-335.2716	113.2991	0.9858739	5.339398	1.265174	1.254387
12612	-222.8073	-336.0921	113.2848	0.8256726	5.899621	1.655941	1.019573
12618	-227.4721	-340.6469	113.1748	0.7021745	3.991529	3.156663	1.019573
12624	-223.1167	-335.5488	112.4321	1.015209	3.504652	4.979343	1.009667
12630	-223.0377	-336.605	113.5673	0.9209134	2.342201	1.860999	1.604324
12636	-226.9153	-339.0382	112.1229	1.311085	2.846318	7.486043	0.5545853
12642	-230.2604	-342.8469	112.5866	1.210835	3.38685	4.758689	0.7185626
12648	-226.4779	-338.8795	112.4015	0.8145073	5.45669	3.840776	0.9902514
12654	-223.6069	-336.1868	112.58	0.5456863	4.346698	3.840776	1.348592
12660	-223.0828	-336.2628	113.18	0.6554119	4.346698	2.000971	1.433307
12666	-219.4292	-330.6351	111.2059	0.6543057	2.576386	9.0716	1.862856
12672	-226.918	-338.3234	111.4054	1.056008	2.930942	9.0716	1.302608
12678	-225.667	-337.7946	112.1275	0.4824104	2.770153	3.962155	2.103088
12684	-224.3946	-337.0922	112.6977	0.363011	2.622136	4.045033	1.827931
12690	-231.9122	-344.2411	112.3288	0.438832	1.797212	4.045033	2.318855
12696	-241.8182	-353.0283	111.21	0.3289332	1.797212	12.28874	2.043011
12702	-235.9291	-347.1584	111.2293	0.4228035	2.606206	6.012138	2.393601
12708	-232.17	-343.961	111.791	0.379117	2.50885	4.301492	2.393601
12714	-233.172	-345.5343	112.3624	0.5535402	4.32421	4.491247	1.35232
12720	-233.1983	-344.4382	111.2399	0.7664696	4.702101	7.481407	1.399254
12726	-241.5477	-352.8494	111.3016	0.8368758	4.702101	7.931912	1.220782
12732	-235.5449	-348.2917	112.7468	1.102935	4.139271	3.706897	0.7502304
12738	-234.4931	-346.4922	111.9991	1.135563	4.720902	5.176222	0.8534479
12744	-232.3798	-344.7433	112.3635	0.9414872	3.856469	5.176222	0.9701985
12750	-238.6517	-351.2781	112.6264	0.8040834	2.646324	5.176222	1.294741
12756	-235.571	-346.7964	111.2254	0.9223049	3.197386	12.15606	1.075765
12762	-242.1654	-355.4291	113.2636	0.9309364	3.265582	2.672857	1.165704
12768	-233.3498	-346.1558	112.806	0.8696671	3.265582	4.11049	1.129902
12774	-228.964	-341.4832	112.5192	0.4320526	3.902494	4.620953	1.402777
12780	-232.6557	-345.0293	112.3736	0.6859661	5.180794	4.009438	1.152175
12786	-232.4569	-344.7561	112.2993	1.018518	5.180794	4.009438	0.8989641
12792	-223.1795	-335.8688	112.6893	0.8625687	5.180794	2.795275	1.132025
12798	-228.7579	-340.6242	111.8663	0.4825368	5.820625	6.01625	1.132025
12804	-227.5959	-339.4868	111.891	0.5696258	5.701482	5.68366	1.132025
12810	-222.7029	-334.9525	112.2496	0.7394266	3.711969	5.68366	1.188634
12816	-226.1561	-337.5469	111.3909	0.472719	3.738541	6.61224	1.860772
12822	-231.3109	-343.1186	111.8076	0.2938254	2.410115	6.61224	2.076517
12828	-225.9445	-337.4824	111.538	0.2048678	2.410115	6.61224	2.308845
12834	-223.3547	-335.5561	112.2014	0.7124422	2.410115	6.61224	1.511561
12840	-227.2223	-339.2324	112.0101	0.7622034	3.110137	5.524655	1.572844
12846	-227.216	-339.8597	112.6437	0.5270091	3.110137	5.524655	1.264534
12852	-229.4431	-341.0081	111.5651	0.5102052	3.110137	5.524655	2.055088
12858	-235.4536	-348.0849	112.6313	0.1361122	3.110137	5.524655	1.576439
12864	-234.5162	-346.8659	112.3497	0.3168144	3.110137	5.524655	1.649584
12870	-238.7823	-351.2705	112.4883	0.797698	1.83967	5.524655	1.663966
12876	-242.9266	-355.8551	112.9286	1.026401	3.392327	2.904142	1.239168
12882	-233.0476	-346.7895	113.7419	0.769834	2.906106	2.904142	0.9008725
12888	-237.7773	-350.649	112.8717	0.8386219	4.553953	2.904142	1.107869
12894	-236.1402	-349.2383	113.0981	1.174641	4.070784	2.904142	0.577396
12900	-235.3014	-348.3798	113.0785	1.195474	3.018609	3.421735	0.8761245
12906	-237.1352	-350.1546	113.0195	0.9594372	4.765543	2.442885	0.9971345
12912	-235.606	-349.3442	113.7381	1.00576	3.072973	2.373331	0.8387622
12918	-235.12	-348.9923	113.8723	0.7592605	1.638648	4.629121	0.8387622
12924	-228.5287	-341.0973	112.5686	0.4670391	2.808366	4.629121	1.656072
12930	-231.926	-345.4944	113.5684	0.2977764	2.498889	2.752288	1.656072
12936	-233.181	-345.5086	112.3276	0.3790728	2.376572	2.752288	2.465476
12942	-233.3876	-345.7654	112.3777	0.6750356	3.798081	4.434845	1.396023
12948	-233.9757	-346.2807	112.305	1.089218	4.724163	4.434845	0.7959024
12954	-234.1128	-346.7237	112.6109	1.09752	3.835503	4.434845	0.7530351
12960	-244.8927	-357.4068	112.5141	1.351015	3.835503	4.196342	0.5925854
12966	-225.0004	-337.1366	112.1362	1.274851	4.361747	4.196342	0.9886024
12972	-218.8506	-332.5554	113.7048	1.138182	2.6928	2.244613	0.9886024
12978	-223.6894	-336.9624	113.273	1.445385	3.368008	2.507458	0.5034575
12984	-228.0815	-341.7709	113.6893	1.445385	2.389295	2.507458	0.4145009
12990	-225.0386	-338.4027	113.3641	1.229521	3.453547	2.507458	0.7462101
12996	-223.7615	-336.8637	113.1021	1.133214	2.266302	3.657737	1.176854
13002	-230.6732	-343.9218	113.2486	0.6687549	2.266302	3.657737	1.435011
13008	-222.8109	-335.3188	112.5079	0.7325042	2.550557	5.392572	1.435011
13014	-229.8583	-341.9009	112.0426	0.6948126	4.904128	5.873982	1.028777
13020	-223.9624	-337.3513	113.389	0.9124038	2.163872	4.094889	1.028777
13026	-234.8493	-347.755	112.9057	0.8009635	4.748472	3.575807	0.7536156
13032	-224.8034	-337.2845	112.4811	1.2821	2.144035	7.044536	0.7790912
13038	-234.7948	-346.7515	111.9567	1.248926	1.971291	9.350254	1.032656
13044	-237.7388	-351.1053	113.3665	1.227013	1.971291	4.304184	0.7374317
13050	-226.6702	-339.9987	113.3285	0.9946972	3.778909	2.697578	0.82966
13056	-227.3622	-339.1196	111.7574	1.191279	3.778909	7.974548	0.6274019
13062	-237.3615	-350.6895	113.3281	1.357899	6.565175	1.132401	0.4502022
13068	-227.6394	-341.2878	113.6485	2.019013	3.016814	1.132401	0.3153515
13074	-228.1163	-338.9663	110.85	1.981475	3.681119	6.681621	0.1635284
13080	-226.9773	-337.9191	110.9418	1.969087	3.681119	6.681621	0.1847039
13086	-226.88	-339.0639	112.184	2.227787	3.681119	1.86398	0.1418575
13092	-229.8853	-341.8561	111.9708	2.227787	4.500463	1.86398	0.154113
13098	-224.9468	-336.9246	111.9777	2.021455	2.20339	5.297925	0.2204058
13104	-230.6621	-342.7994	112.1374	1.605278	3.170162	5.297925	0.3414172
13110	-229.903	-342.1089	112.2059	1.589077	3.170162	5.297925	0.4264163
13116	-230.678	-344.2152	113.5372	1.720318	3.187569	1.613357	0.3577448
13122	-232.9446	-344.3709	111.4263	1.720318	6.531893	3.239702	0.1954551
13128	-233.8781	-344.9923	111.1142	1.780466	4.742009	5.889783	0.2364572
13134	-234.7867	-347.1867	112.4001	1.503416	4.397714	3.512068	0.38775
13140	-242.2226	-354.7624	112.5398	1.584031	3.735263	3.512068	0.38775
13146	-249.8781	-361.4938	111.6156	1.660525	5.955984	3.971691	0.3391686
13152	-235.9684	-348.7965	112.8281	1.054217	5.955984	2.392198	0.7723912
13158	-229.4358	-342.4015	112.9656	1.404074	3.029415	3.292723	0.8145739
13164	-242.3976	-355.7467	113.349	1.404074	3.029415	2.47443	0.7841719
13170	-233.2414	-344.9978	111.7564	1.070633	3.23312	6.036605	1.397765
13176	-226.1631	-338.279	112.1159	1.138466	3.23312	6.036605	1.032758
13182	-225.9264	-338.6001	112.6737	0.9498324	2.924569	4.702228	1.138104
13188	-236.885	-348.6623	111.7773	1.01098	2.124812	11.52944	1.029622
13194	-236.8785	-350.5063	113.6277	0.6557965	2.990484	2.330055	1.32681
13200	-229.789	-343.1278	113.3387	0.7423224	2.921645	2.330055	1.506253
13206	-231.8229	-344.4097	112.5868	0.6275576	3.671265	4.345669	1.326019
13212	-228.9156	-342.4746	113.559	0.6944386	3.671265	1.584666	1.491252
13218	-228.0223	-340.3613	112.339	1.003555	3.671265	5.138594	1.008878
13224	-226.431	-338.6238	112.1929	0.7098424	4.242441	5.138594	1.23132
13230	-227.8027	-339.8375	112.0348	0.6022613	4.223672	4.379452	1.613284
13236	-221.9437	-334.8215	112.8778	0.9220985	4.223672	2.808641	1.15778
13242	-229.5989	-342.4838	112.8849	1.196835	4.072805	2.808641	0.9342414
13248	-225.1442	-338.5784	113.4341	0.7564212	4.072805	2.572971	0.9347675
13254	-239.1625	-352.7699	113.6074	1.373871	2.403308	2.179045	1.025878
13260	-237.6953	-351.3902	113.695	1.283386	2.558513	2.580243	0.682203
13266	-226.7629	-338.757	111.9941	1.415048	4.790929	4.496313	0.3318904
13272	-225.9269	-338.274	112.3471	1.527256	4.660367	3.369226	0.3818885
13278	-224.4525	-337.5472	113.0948	1.525143	2.66245	3.369226	0.617216
13284	-227.5762	-339.9147	112.3386	1.202537	2.66245	6.140014	0.9678572
13290	-232.8798	-346.5602	113.6804	1.051699	2.612149	2.557321	0.9781935
13296	-241.159	-354.4589	113.2999	0.6290756	2.873582	3.187185	1.337525
13302	-239.7235	-351.7752	112.0517	0.4264014	3.297969	5.976262	1.649407
13308	-237.2441	-349.5601	112.316	0.5609591	3.297969	5.976262	1.34975
13314	-238.6382	-350.3424	111.7041	0.8317297	3.964198	5.976262	1.4263
13320	-230.6115	-343.1849	112.5734	0.4477531	3.404077	3.019802	1.890078
13326	-226.242	-338.2282	111.9861	0.3513059	2.227006	6.322558	2.027159
13332	-227.0831	-340.6476	113.5646	0.1699201	3.30878	2.45101	1.598634
13338	-228.0254	-339.4561	111.4308	0.2578732	3.30878	5.467717	2.264284
13344	-242.5337	-354.5249	111.9912	0.3046374	4.545331	5.467717	1.56268
13350	-235.9284	-348.3716	112.4432	0.4311125	3.171081	4.972778	1.588847
13356	-247.7401	-360.2117	112.4716	0.8234582	3.606678	4.972778	1.119407
13362	-231.3593	-344.0223	112.663	1.255782	3.606678	4.178117	0.6739102
13368	-224.7747	-338.084	113.3094	1.248263	3.606678	2.586099	0.6393132
13374	-226.6085	-338.4976	111.8891	0.9225719	5.245278	6.241747	0.7261667
13380	-228.0251	-339.571	111.5458	1.208067	6.063062	5.389271	0.8141705
13386	-231.6555	-343.6454	111.9899	1.296906	4.448948	5.389271	0.6652512
13392	-235.7156	-347.5561	111.8405	1.296906	4.448948	6.166427	0.5181869
13398	-230.9142	-342.3951	111.4809	1.491632	4.985653	6.166427	0.4414018
13404	-235.6737	-347.0678	111.3941	1.580357	3.685698	7.962338	0.3751917
13410	-239.1296	-349.6186	110.489	1.389958	2.821612	19.58855	0.5739948
13416	-236.8862	-347.214	110.3277	1.389958	2.792505	19.58855	0.8678302
13422	-222.6938	-334.9976	112.3038	0.7812149	2.848722	4.754377	1.580536
13428	-231.6308	-344.3446	112.7138	1.030554	2.988263	4.754377	0.9832378
13434	-231.4246	-345.3236	113.8989	1.123353	2.451414	1.652757	1.253996
13440	-230.627	-344.3989	113.7719	1.049493	4.505293	1.451268	0.8161621
13446	-235.8126	-347.0512	111.2386	1.067403	2.786221	9.048842	1.477047
13452	-230.3589	-343.8349	113.476	1.183053	2.786221	2.385596	1.054733
13458	-228.1045	-339.2216	111.117	0.932911	2.80425	7.544828	1.853393
13464	-230.2638	-343.2884	113.0245	0.9965096	2.80425	3.449884	1.201982
13470	-234.8938	-348.1226	113.2289	1.010567	4.643692	1.930363	1.05236
13476	-231.9457	-344.9585	113.0128	1.041113	3.563461	3.030428	1.045244
13482	-234.2551	-347.1534	112.8983	0.8575769	4.329085	3.030428	1.080069
13488	-236.8315	-350.7976	113.9662	1.175156	3.141893	1.502847	0.9560572
13494	-247.4314	-359.8847	112.4533	1.067884	3.09719	5.476734	0.9609537
13500	-250.484	-362.8144	112.3304	0.6194001	3.09719	5.476734	1.453571
13506	-247.6446	-359.3148	111.6702	1.062174	3.09719	9.368785	0.9480047
13512	-238.9877	-350.6215	111.6337	0.968495	3.09719	9.368785	1.076718
13518	-236.3019	-349.4136	113.1117	0.801831	3.09719	3.463025	1.18159
13524	-241.8754	-353.6114	111.7359	0.7002076	3.838962	5.932634	1.541947
13530	-240.8277	-354.642	113.8143	1.301596	2.601199	1.663497	1.102814
13536	-244.4373	-357.2025	112.7652	0.9058071	4.51062	3.012347	1.113304
13542	-241.1153	-353.845	112.7297	1.037256	5.510174	3.110717	0.568127
13548	-234.7469	-347.4034	112.6565	1.173915	4.314064	3.751102	0.6592786
13554	-239.0646	-352.9042	113.8396	1.167095	4.370058	1.312909	0.7684925
13560	-246.6638	-360.5258	113.862	1.45551	3.546083	1.312909	0.7223161
13566	-241.18	-353.1261	111.9461	1.549884	3.546083	5.919366	0.4458392
13572	-236.8899	-349.4591	112.5692	1.323403	3.546083	4.390647	0.6330304
13578	-232.4005	-345.2141	112.8136	1.463808	2.659367	4.390647	0.587735
13584	-231.4131	-343.683	112.2699	1.53275	4.404842	3.594965	0.3102981
13590	-235.5203	-346.9407	111.4204	1.397186	3.232519	10.08761	0.5010224
13596	-232.1471	-343.4543	111.3072	1.338332	3.683958	10.08761	0.5208407
13602	-232.9681	-344.9244	111.9563	0.9939276	4.198037	6.227643	0.9442155
13608	-232.3497	-345.1198	112.7701	0.777881	5.148465	2.231835	1.373328
13614	-228.5	-341.3321	112.8321	0.6042715	3.010458	2.399423	1.910633
13620	-231.6673	-343.0033	111.336	0.8356191	3.531185	11.84406	0.9667803
13626	-233.744	-347.3141	113.5701	1.24398	3.343023	2.190719	0.7240021
13632	-237.1714	-351.0906	113.9192	1.618855	1.820937	2.359988	0.5693453
13638	-240.2494	-352.1471	111.8976	1.821364	2.59732	6.652021	0.4298384
13644	-233.3956	-345.3599	111.9643	1.547673	3.074563	6.652021	0.5537174
13650	-233.6361	-346.228	112.5919	1.231677	4.979653	3.334286	0.5537174
13656	-233.1867	-346.1794	112.9926	1.350927	5.276773	2.053257	0.5523583
13662	-238.27	-351.803	113.5329	1.415905	3.076175	2.053257	0.7966555
13668	-234.6135	-348.2414	113.6279	1.321153	3.260136	2.053257	0.679826
13674	-232.5626	-345.3905	112.828	1.05603	3.606282	4.108718	0.76814
13680	-238.535	-349.9641	111.4291	0.9852709	3.606282	9.401297	1.062052
13686	-239.0143	-350.9703	111.956	0.5826538	3.606282	4.907676	1.722358
13692	-243.9612	-355.9277	111.9665	1.01218	2.178013	4.907676	1.857064
13698	-237.4139	-349.3783	111.9644	1.540675	2.697511	7.477431	0.4586395
13704	-237.7872	-350.4247	112.6375	1.41434	1.661758	7.477431	0.6376666
13710	-236.1044	-349.7239	113.6195	1.611674	1.827355	2.991384	0.5970737
13716	-241.244	-354.0742	112.8302	1.514581	3.692596	2.991384	0.636712
13722	-238.6257	-350.8962	112.2705	0.970285	3.692596	4.822343	1.17789
13728	-242.5992	-355.9383	113.3391	0.8903828	2.194774	3.079519	1.396769
13734	-246.9363	-360.193	113.2567	0.3334647	2.717215	3.079519	1.677386
13740	-244.0999	-356.965	112.8651	0.7250174	2.717215	3.079519	1.677386
13746	-242.1784	-354.7657	112.5873	0.8081223	4.865771	3.079519	1.237296
13752	-239.7475	-352.3508	112.6033	0.4860943	5.355185	3.079519	1.375938
13758	-236.5884	-349.3453	112.757	0.9357744	5.355185	2.676377	1.0067
13764	-238.5317	-351.9546	113.4229	0.8354706	2.901974	3.276178	1.0067
13770	-240.3304	-353.3312	113.0008	1.353919	3.152014	3.444239	0.6684513
13776	-240.5559	-352.7154	112.1596	1.300159	4.386803	4.79575	0.6853779
13782	-237.1813	-350.8712	113.69	1.282193	4.862054	1.263283	0.6445931
13788	-233.6416	-347.5537	113.912	1.282193	4.124187	1.183174	0.7699814
13794	-229.2687	-341.3752	112.1065	1.23558	2.687115	7.390511	0.8733255
13800	-235.8203	-347.6067	111.7864	1.029234	2.687115	7.390511	1.356917
13806	-228.2595	-340.5685	112.309	0.960456	2.687115	6.49953	1.136817
13812	-220.9049	-334.0302	113.1253	0.6027547	2.687115	3.869944	1.361382
13818	-233.4427	-347.1307	113.688	0.8247306	2.021587	3.222338	1.197977
13824	-230.19	-343.3138	113.1238	0.7537567	2.547174	3.222338	1.483123
13830	-228.3088	-341.6277	113.3188	0.9894496	3.044413	3.222338	0.9133592
13836	-228.7364	-341.6114	112.875	1.137909	3.632495	3.389519	0.9133592
13842	-234.2909	-348.9339	114.643	1.140439	2.018103	1.315563	1.004201
13848	-229.1648	-343.3767	114.2119	1.235973	2.750118	1.031945	1.198645
13854	-231.5325	-343.8969	112.3645	1.071982	3.82485	5.464154	0.7280834
13860	-232.9305	-345.5984	112.668	0.7607619	2.445495	5.48012	1.309453
13866	-237.6063	-349.3912	111.785	0.5705732	4.791899	6.215805	1.319189
13872	-229.5322	-342.1753	112.6431	0.8497195	2.50891	6.225759	1.067785
13878	-231.1513	-343.094	111.9427	0.792247	3.508976	7.409951	1.135241
13884	-232.9587	-344.7453	111.7866	1.00993	3.508976	8.270247	0.9115499
13890	-235.6508	-346.9139	111.2631	0.9272912	3.508976	10.57186	1.131155
13896	-239.8664	-352.0213	112.1549	0.6917526	3.024054	5.910352	1.472086
13902	-234.2177	-344.2746	110.057	1.581425	6.20125	11.65252	0.3539161
13908	-228.5942	-339.4054	110.8112	1.412223	4.742085	10.25991	0.3539161
13914	-235.8961	-349.6308	113.7347	1.123813	4.532503	1.141233	1.04457
13920	-223.7267	-336.1581	112.4314	1.073067	3.87879	5.014568	0.7795178
13926	-225.9518	-338.1325	112.1807	0.9598741	4.775519	5.014568	0.8804011
13932	-234.6454	-347.5681	112.9227	0.8941331	4.344862	2.959254	1.046448
13938	-233.6724	-344.7446	111.0721	0.9171203	3.438587	11.15555	1.253459
13944	-229.9715	-342.2148	112.2433	1.300788	2.685938	6.903338	0.7420421
13950	-235.9295	-348.385	112.4554	1.522064	1.935641	6.903338	0.6769605
13956	-236.3051	-350.7393	114.4342	1.522064	2.494217	1.164642	0.5813861
13962	-236.6548	-349.6505	112.9957	1.221922	2.211005	5.409711	0.5650667
13968	-237.2201	-350.4984	113.2783	1.301016	2.933908	3.142596	0.6386598
13974	-238.3813	-351.7608	113.3796	0.9256072	2.933908	2.021953	1.460917
13980	-236.8571	-348.8225	111.9654	0.7930468	3.010382	8.709481	1.070391
13986	-240.1712	-352.4201	112.2489	0.8416526	3.010382	6.038972	1.259436
13992	-241.4745	-353.3186	111.844	0.7295777	3.679334	6.629126	1.356378
13998	-233.225	-347.5602	114.3352	1.169631	2.522696	0.894456	1.356378
14004	-227.508	-338.5062	110.9983	1.072962	3.189944	11.17065	1.264552
14010	-225.9231	-338.7416	112.8185	0.6943321	3.189944	3.983879	1.328536
14016	-218.2756	-330.7975	112.5219	0.6810338	3.189944	3.983879	1.565572
14022	-224.6669	-337.0209	112.354	0.6379695	4.241187	3.983879	1.440694
14028	-227.0757	-340.4474	113.3717	0.4769	3.429197	2.889549	1.320149
14034	-231.727	-343.4486	111.7216	0.4985514	3.630032	6.073145	1.726809
14040	-236.1799	-348.5136	112.3337	0.5305788	2.689041	4.133877	1.920479
14046	-224.5528	-337.0753	112.5225	0.9875445	2.689041	4.133877	1.460777
14052	-227.2675	-340.5038	113.2363	0.6779223	5.011392	2.230833	1.097219
14058	-228.3796	-342.0622	113.6826	1.046072	2.401318	2.523636	1.097219
14064	-229.5702	-342.7204	113.1503	1.110853	3.718633	2.523636	1.01215
14070	-233.2914	-344.5454	111.254	1.050916	3.718633	7.866944	1.355445
14076	-231.7524	-344.3375	112.5851	1.570421	2.024869	6.107119	0.4977025
14082	-228.6	-340.0216	111.4215	1.471389	3.481277	8.292157	0.8033695
14088	-233.8669	-345.7217	111.8548	1.219114	3.481277	6.290956	1.055921
14094	-240.3491	-353.0962	112.7471	1.449246	3.481277	3.479254	0.6983315
14100	-232.011	-344.7022	112.6911	0.6344934	3.481277	3.479254	1.523854
14106	-237.3192	-348.365	111.0458	0.962724	4.055608	8.257622	1.438352
14112	-237.701	-351.1857	113.4847	0.9358723	1.980042	3.23387	1.291492
14118	-238.8679	-351.571	112.7031	0.5040398	4.376786	3.23387	1.453742
14124	-235.7351	-348.9383	113.2032	0.6092845	3.023428	3.23387	1.363802
14130	-235.383	-347.1242	111.7412	0.765267	4.025771	6.616973	1.316071
14136	-233.4214	-346.4223	113.0009	0.7359899	4.025771	3.389873	1.054559
14142	-236.9388	-349.6945	112.7556	0.8813621	4.025771	3.389873	1.146116
14148	-229.5086	-342.3232	112.8147	0.7191189	4.025771	3.419494	1.225541
14154	-234.0726	-347.262	113.1894	0.5995445	6.973218	1.444889	1.225541
14160	-234.0997	-346.4578	112.3581	0.8540296	6.973218	2.748153	1.068554
14166	-240.3386	-352.6823	112.3436	0.8761842	6.759264	3.554163	0.7364734
14172	-233.9037	-346.5164	112.6127	0.8154766	4.337787	3.554163	1.18593
14178	-222.8181	-335.6497	112.8315	0.5965978	4.337787	3.554163	1.18593
14184	-236.9498	-350.4563	113.5065	0.2453738	5.718653	2.008354	1.18593
14190	-242.7101	-355.8983	113.1882	0.4634667	3.478684	3.618682	1.227186
14196	-233.3389	-346.0125	112.6736	0.6586264	4.399414	3.699398	1.206249
14202	-235.1349	-347.7283	112.5934	0.8374923	4.399414	3.198424	1.28296
14208	-230.8034	-342.8101	112.0067	0.6060879	6.388929	4.959745	1.015851
14214	-234.1519	-346.0648	111.9129	1.278387	6.727466	3.89267	0.4878298
14220	-234.038	-347.2097	113.1717	0.5516735	6.727466	2.161513	0.9010682
14226	-237.4332	-350.6151	113.1819	0.6684594	6.291059	2.161513	0.8682551
14232	-238.2827	-350.5833	112.3006	1.049783	2.340926	8.527605	0.8040788
14238	-241.5138	-353.5805	112.0668	0.8343651	2.340926	8.510864	1.251368
14244	-240.9667	-352.2351	111.2685	0.79841	3.909623	8.510864	1.39564
14250	-234.9432	-348.5234	113.5802	0.3551953	4.440428	2.080908	1.294764
14256	-237.0234	-348.1266	111.1032	0.4151766	3.205843	7.667468	2.079227
14262	-235.6726	-348.2623	112.5897	0.3989379	2.153807	7.667468	1.389465
14268	-231.0827	-343.4025	112.3197	0.5041556	2.698812	7.667468	1.301557
14274	-236.122	-349.1017	112.9797	1.074193	2.698812	4.804069	0.7502048
14280	-239.1757	-351.1344	111.9587	0.9037878	6.217206	4.804069	0.8352788
14286	-245.9324	-359.2645	113.332	0.8439337	3.411962	3.475105	0.7737318
14292	-239.353	-351.5804	112.2274	0.7262961	5.244782	3.602996	1.345109
14298	-229.9572	-341.8889	111.9318	0.974625	4.285886	6.679899	0.8453845
14304	-246.4854	-358.2297	111.7443	1.068114	4.128745	6.990218	0.933989
14310	-233.0929	-344.9214	111.8284	0.9839601	4.128745	6.990218	0.933989
14316	-225.2345	-337.3235	112.0891	0.781333	5.749611	3.552744	1.32176
14322	-220.165	-332.5771	112.4121	0.7621304	3.210577	5.095569	1.32176
14328	-228.5247	-339.6054	111.0807	0.8678629	6.116712	7.30632	1.169477
14334	-228.6681	-340.2073	111.5392	0.7187657	5.665194	7.30632	0.9835343
14340	-230.6325	-343.1047	112.4722	0.703943	4.506688	4.786629	0.9977782
14346	-221.4359	-334.9478	113.512	0.7968969	4.506688	1.448607	1.309695
14352	-217.623	-330.5559	112.933	0.523465	4.506688	2.903407	1.335651
14358	-229.8382	-342.7832	112.945	0.6823488	4.506688	2.903407	1.194254
14364	-227.1348	-339.7919	112.6571	0.3738797	4.506688	2.903407	1.655838
14370	-239.2775	-351.357	112.0795	0.6571995	4.334045	3.8708	1.636643
14376	-228.4917	-341.5598	113.0682	1.059151	2.98874	3.8708	0.8716528
14382	-230.1266	-343.0496	112.923	1.031287	3.060964	3.8708	1.02296
14388	-231.0114	-344.3984	113.387	0.7002924	3.732067	2.317135	1.257157
14394	-232.2049	-345.3516	113.1467	0.989509	4.210066	2.317135	1.072053
14400	-232.951	-345.9	112.9491	1.104083	2.307812	5.230366	0.8488771
14406	-238.5008	-351.6753	113.1745	1.151688	2.221038	4.972673	0.5838772
14412	-236.1389	-348.0115	111.8726	1.403214	3.450924	6.451036	0.8092759
14418	-241.1328	-352.7644	111.6315	1.514843	4.197261	6.451036	0.4501829
14424	-232.3799	-345.1875	112.8076	1.642525	2.532273	4.076736	0.4644362
14430	-239.2759	-353.1036	113.8277	1.306728	3.203181	1.51466	0.92768
14436	-237.0565	-350.5976	113.5411	1.334038	3.203181	1.481448	1.196901
14442	-236.7971	-350.3172	113.5201	1.271399	3.522241	1.481448	1.162152
14448	-232.5892	-346.044	113.4548	0.5571109	3.372124	1.481448	1.798916
14454	-233.0686	-345.5549	112.4862	0.9314856	3.466573	2.793723	1.666107
14460	-233.0586	-346.3449	113.2863	0.6981625	3.921497	2.266936	1.308919
14466	-236.7164	-348.0267	111.3104	0.9904739	3.610098	8.408278	1.308919
14472	-230.4926	-342.346	111.8534	1.034235	3.610098	4.114865	1.645557
14478	-228.8861	-341.966	113.0799	0.8755425	3.537626	2.883933	1.19968
14484	-225.9231	-339.2914	113.3683	0.8771933	3.537626	1.617174	1.516838
14490	-234.3009	-347.931	113.6302	1.000727	1.919007	3.396807	1.086065
14496	-228.6358	-341.7115	113.0757	0.9374753	3.399179	3.516	0.9552643
14502	-235.096	-347.772	112.676	1.005206	3.373241	3.758115	1.19362
14508	-235.7324	-348.9986	113.2661	0.9563296	3.373241	3.297987	0.8228473
14514	-238.3838	-352.2278	113.844	1.316842	3.388694	1.154477	1.115205
14520	-240.4512	-354.7068	114.2556	1.57555	2.722315	1.154477	0.6503024
14526	-236.9563	-349.9966	113.0403	1.57555	3.334094	2.732646	0.5702983
14532	-236.9964	-349.3165	112.3201	1.587554	3.650035	4.234717	0.3939667
14538	-235.3104	-348.9713	113.6609	1.479863	2.363853	2.53969	0.5648778
14544	-241.5596	-354.3195	112.7599	1.652378	3.484443	2.813731	0.2945464
14550	-238.9109	-351.6953	112.7844	1.927065	3.484443	2.026975	0.2379385
14556	-227.3651	-339.8445	112.4794	1.882089	2.371189	4.254482	0.2977695
14562	-233.9497	-347.1339	113.1842	1.261149	2.371189	4.254482	0.6326322
14568	-237.8403	-351.5672	113.7269	1.546337	2.622709	1.933806	0.3310186
14574	-237.0168	-350.2337	113.217	1.706812	3.498219	1.933806	0.3507375
14580	-236.4335	-346.5719	110.1384	1.874717	3.498219	15.0607	0.3592659
14586	-244.9065	-355.7912	110.8847	1.845118	4.164412	7.703897	0.2630594
14592	-248.4476	-358.9547	110.507	1.934206	4.314366	7.703897	0.1726041
14598	-237.3835	-349.8849	112.5014	2.056745	2.722863	2.836747	0.2134311
14604	-234.8344	-345.5659	110.7315	2.318447	2.730486	6.028418	0.1062215
14610	-234.0821	-345.4791	111.397	2.10035	4.196248	3.345105	0.1379619
14616	-230.8067	-343.5892	112.7825	2.10035	2.716921	2.153776	0.2076874
14622	-232.2816	-344.6563	112.3747	2.106649	2.517622	2.962449	0.1756781
14628	-237.1857	-349.6586	112.4729	2.100951	1.535935	5.272833	0.3022027
14634	-237.075	-350.5634	113.4885	1.623471	3.240597	1.870496	0.4461827
14640	-238.1067	-350.1623	112.0556	1.261445	3.20598	7.046758	0.6957653
14646	-240.1732	-352.0686	111.8953	1.144766	2.749818	9.600596	0.6957653
14652	-235.3121	-348.1031	112.791	0.9812176	1.919207	6.754866	0.9914104
14658	-240.6675	-352.7336	112.0661	1.296089	1.9115	6.754866	1.355011
14664	-239.0321	-351.1419	112.1098	0.884552	2.56842	6.754866	1.365765
14670	-230.8411	-343.8753	113.0342	0.5488248	5.30873	2.032816	1.398829
14676	-227.7533	-340.8267	113.0734	0.9078866	3.777169	2.032816	1.452561
14682	-231.0167	-341.6937	110.677	0.8891585	3.288728	16.32861	1.125957
14688	-220.9843	-333.7354	112.751	1.286976	2.619156	4.768645	0.8362031
14694	-227.3239	-339.0142	111.6902	1.068645	5.91289	4.836554	1.017407
14700	-231.8811	-343.7256	111.8444	1.081715	5.260052	4.836554	1.017407
14706	-237.6149	-349.5522	111.9373	1.005673	5.260052	4.836554	1.000736
14712	-232.6474	-346.5349	113.8875	1.109523	5.260052	0.7387388	1.118299
14718	-233.9344	-347.3169	113.3826	1.268036	5.815727	1.087149	0.9507984
14724	-240.162	-351.9352	111.7732	0.8630102	5.815727	5.581344	0.9611369
14730	-233.5215	-345.1595	111.638	1.0953	5.815727	5.581344	0.8527351
14736	-224.2306	-336.7331	112.5025	1.099702	3.138472	5.328458	0.8970035
14742	-235.1497	-348.8545	113.7048	0.9679206	5.794252	1.263693	0.7364918
14748	-233.0915	-345.9351	112.8436	1.142606	3.4096	3.887236	0.8297746
14754	-231.021	-344.6165	113.5955	1.13552	3.4096	2.228715	0.7789745
14760	-229.062	-341.5856	112.5236	0.838639	2.450621	7.528628	0.9465394
14766	-232.3593	-344.129	111.7697	0.877179	3.960351	7.528628	1.04594
14772	-235.4361	-347.5897	112.1536	1.03538	6.340384	3.435218	0.9468766
14778	-227.9828	-340.1176	112.1348	0.975407	6.340384	3.435218	1.026742
14784	-234.6408	-347.9091	113.2683	1.011369	7.433077	0.9266561	1.115783
14790	-228.8122	-343.2304	114.4181	1.438989	3.125317	0.9266561	0.6909336
14796	-229.217	-343.12	113.903	1.283412	3.125317	1.718201	0.7207075
14802	-231.5167	-343.0487	111.532	0.8288976	3.372394	8.484273	1.321439
14808	-240.9222	-352.6422	111.72	1.326615	3.372394	7.919896	0.7436594
14814	-243.3213	-355.7239	112.4026	0.8710842	3.372394	5.770482	1.024034
14820	-240.057	-352.6071	112.5501	0.6677858	2.737245	4.025135	1.685268
14826	-242.3552	-355.0581	112.7029	0.6091509	4.116748	4.025135	1.20432
14832	-229.0885	-341.2671	112.1786	0.9086261	4.116748	5.684509	0.9667427
14838	-239.8672	-351.1801	111.3128	0.8304643	1.950394	14.58261	1.342533
14844	-238.3034	-350.7083	112.4049	0.647754	2.64642	6.264876	1.377761
14850	-234.9451	-347.6549	112.7098	0.7184058	3.339167	3.741849	1.4145
14856	-240.9361	-353.1824	112.2462	1.273525	2.858584	4.615225	1.273636
14862	-221.5219	-334.9066	113.3846	1.313058	2.6278	2.923878	0.8191461
14868	-221.9213	-335.0233	113.1021	1.432056	2.6278	3.535978	0.6984194
14874	-232.9445	-344.4409	111.4964	1.320778	5.216069	6.59472	0.5224183
14880	-222.8283	-335.6604	112.8321	0.7250449	3.562219	2.746507	1.554538
14886	-232.2218	-345.6354	113.4136	1.083552	2.622647	2.958054	1.025696
14892	-231.9645	-345.4079	113.4434	0.9177275	3.103032	2.482581	1.157477
14898	-236.645	-350.08	113.435	0.6860583	3.353112	2.482581	1.276242
14904	-233.3524	-346.3295	112.9771	0.9474106	3.353112	3.778722	0.9669309
14910	-231.3796	-343.9194	112.5397	0.8564501	3.85376	4.3213	1.123995
14916	-240.2951	-353.0616	112.7665	0.5698586	3.261463	4.3213	1.358463
14922	-237.5311	-350.5864	113.0553	0.5433092	2.462617	3.838317	1.550629
14928	-236.371	-350.3489	113.9779	0.8657388	3.663919	1.592312	0.9899301
14934	-235.8484	-348.8511	113.0027	1.114616	1.984829	5.063689	1.022258
14940	-245.023	-357.2163	112.1933	1.08476	3.730587	6.416196	0.6550334
14946	-233.2973	-345.337	112.0397	1.433372	3.315349	6.416196	0.4955257
14952	-238.2113	-351.2276	113.0163	0.9706227	3.315349	4.403486	0.606163
14958	-235.0895	-347.4734	112.3839	1.29926	3.315349	5.472566	0.606163
14964	-227.7618	-341.5112	113.7495	1.14032	4.212008	1.678009	0.5500381
14970	-230.4744	-343.9255	113.4511	1.113253	2.469506	1.690205	1.582026
14976	-242.6425	-353.8695	111.227	0.6499441	2.929964	10.43991	1.582026
14982	-226.1429	-338.9705	112.8276	0.6388889	2.929964	3.01516	1.716884
14988	-239.9143	-352.7042	112.7899	0.3460603	3.099783	3.01516	1.895759
14994	-237.5775	-350.1318	112.5543	0.651605	2.757923	3.926653	1.710657
15000	-238.0386	-349.5717	111.533	0.9253067	3.053218	7.552878	1.482962
15006	-244.8668	-356.3723	111.5055	0.2444348	4.384493	4.388945	2.180512
15012	-232.7825	-345.6265	112.844	0.5619939	5.682633	2.190266	1.392202
15018	-232.5178	-344.792	112.2743	0.8499391	5.682633	3.655343	1.086431
15024	-232.438	-344.7863	112.3483	0.8323152	4.859664	4.707673	0.9073563
15030	-241.493	-353.9545	112.4615	1.072918	4.140984	4.707673	0.7355028
15036	-250.1519	-362.7252	112.5733	1.022597	2.89805	4.707673	1.171241
15042	-242.1938	-354.975	112.7812	0.7894789	2.485818	4.707673	1.350869
15048	-234.8811	-347.1466	112.2655	0.8692333	4.387518	5.437932	0.8898292
15054	-233.7081	-346.8878	113.1797	0.7094216	3.087301	3.951114	1.048692
15060	-239.7066	-351.6018	111.8953	0.5490066	2.343487	2.770154	2.634232
15066	-233.5366	-345.8774	112.3408	0.5181665	3.430832	1.90552	2.357013
15072	-231.1096	-342.9781	111.8685	0.7700526	3.47392	7.080147	1.286638
15078	-242.8303	-355.0742	112.2439	0.3633743	2.91892	7.011182	1.497788
15084	-240.4874	-351.6403	111.1529	0.1796979	2.91892	9.475292	2.066474
15090	-235.2718	-346.385	111.1132	0.2209686	3.03238	9.475292	2.033313
15096	-232.7043	-345.1752	112.4708	0.2261618	2.354309	4.653886	2.033313
15102	-229.8821	-341.9545	112.0723	0.4634199	2.824919	5.943277	1.754451
15108	-226.2971	-338.5012	112.2041	0.3616824	2.824919	7.686012	1.456319
15114	-220.0382	-331.985	111.9467	0.9910752	2.083275	7.686012	1.456319
15120	-231.8758	-343.4464	111.5706	0.6857676	3.514091	7.686012	1.477911
15126	-236.8947	-348.9383	112.0437	1.181069	3.826074	4.818025	1.151607
15132	-226.3313	-338.895	112.5637	0.966891	3.559793	3.578108	1.31431
15138	-226.729	-339.6974	112.9684	0.9010911	3.108836	3.578108	1.178355
15144	-228.8155	-341.5532	112.7377	0.9704464	3.267461	3.136353	1.398324
15150	-235.2903	-348.7505	113.4602	0.6745455	2.76284	1.560427	1.850346
15156	-234.1505	-347.0885	112.938	0.8047098	3.101904	3.569334	1.290072
15162	-234.4524	-346.7837	112.3312	0.738506	3.792797	3.517711	1.617806
15168	-234.4698	-347.6697	113.1999	1.501117	2.208431	3.543037	0.7656119
15174	-226.1818	-339.3462	113.1645	1.602772	2.209832	3.543037	0.3742424
15180	-224.266	-335.6108	111.3448	1.791775	4.056027	6.721472	0.477699
15186	-223.5213	-337.5039	113.9825	1.82212	4.056027	0.7186885	0.5689635
15192	-236.1202	-348.9329	112.8127	1.248884	4.056027	3.440356	0.5689635
15198	-245.6997	-359.2837	113.584	1.336473	1.753482	3.875893	0.6470694
15204	-236.7323	-349.6661	112.9338	1.308485	1.950728	5.820921	0.6236647
15210	-237.7133	-349.2712	111.5579	1.264875	5.903282	5.820921	0.4866103
15216	-232.9588	-344.2791	111.3203	1.135288	4.148785	9.361913	0.8241425
15222	-230.321	-341.8461	111.5251	0.7652945	4.111525	5.781819	1.608353
15228	-226.2831	-338.7047	112.4216	0.4704264	3.055603	5.781819	1.451624
15234	-227.6018	-339.8733	112.2714	0.3361083	3.804635	5.781819	1.450094
15240	-238.2303	-350.3584	112.1282	0.3401111	2.221515	8.007585	1.698755
15246	-227.4488	-339.8297	112.3808	0.7660231	3.123315	4.340232	1.541279
15252	-231.9974	-343.9687	111.9713	0.4889639	3.123315	4.340232	2.019781
15258	-233.8066	-346.5432	112.7366	0.4387142	3.579385	2.571606	1.877654
15264	-227.5938	-339.2119	111.6181	0.240085	3.36763	4.958223	2.229319
15270	-231.3487	-342.9417	111.593	0.1322286	3.307018	4.958223	2.329627
15276	-228.9194	-340.0785	111.159	0.4532686	3.307018	4.821285	2.425912
15282	-231.6226	-342.8326	111.21	0.2974041	3.495202	6.114124	2.231432
15288	-223.3095	-335.8223	112.5128	0.4083994	3.495202	3.154382	1.896544
15294	-224.561	-336.3773	111.8163	0.2214434	2.110597	9.157377	1.896544
15300	-225.8175	-337.4446	111.6271	0.8137964	2.617315	9.157377	1.419588
15306	-225.1575	-336.5265	111.369	0.7913279	3.06264	10.16366	1.356437
15312	-228.3332	-340.3397	112.0066	0.7981824	2.950465	6.882341	1.356437
15318	-237.6979	-348.9666	111.2687	0.4054453	2.950465	6.882341	2.152641
15324	-234.8665	-345.9679	111.1014	0.733592	2.950465	6.882341	2.04709
15330	-231.3809	-343.1861	111.8051	0.6793029	2.950465	6.882341	1.598787
15336	-233.28	-344.9183	111.6384	0.9478896	2.950465	6.882341	1.52388
15342	-234.435	-346.672	112.237	0.4430822	2.950465	3.977823	2.000574
15348	-245.3436	-358.7683	113.4246	0.4775051	6.172887	1.241461	1.410094
15354	-235.065	-348.7289	113.6639	0.9245607	4.88085	1.384283	1.008708
15360	-238.0103	-351.2462	113.2359	0.8579694	3.615017	2.746037	1.106653
15366	-239.545	-352.6684	113.1234	1.142571	3.615017	2.746037	0.93792
15372	-228.0084	-340.0948	112.0863	0.9860284	3.615017	7.204705	0.7807982
15378	-238.7949	-352.3593	113.5644	0.7489589	3.902396	1.284245	1.556379
15384	-240.0821	-353.4254	113.3433	0.9146095	4.639629	1.79469	1.114479
15390	-236.0011	-349.6552	113.6541	0.8670799	4.639629	1.79469	0.8437094
15396	-226.7714	-338.8051	112.0337	0.9845123	4.401664	5.402432	1.017723
15402	-232.2335	-345.058	112.8245	0.6950564	4.560391	2.732498	1.333168
15408	-228.9989	-341.9616	112.9627	1.055925	4.850644	2.732498	0.7596506
15414	-230.6375	-343.0769	112.4394	1.370201	6.280874	2.476911	0.6989435
15420	-227.9749	-340.0558	112.0809	1.541958	6.280874	3.007754	0.5603704
15426	-222.9364	-336.1047	113.1684	1.420742	4.962355	1.795869	0.4697913
15432	-226.3523	-339.2035	112.8512	1.077721	4.962355	2.936835	0.7077863
15438	-229.1917	-342.1231	112.9314	0.8684262	5.437481	2.936835	0.7077863
15444	-230.1593	-342.0303	111.871	1.101715	3.343741	7.221267	1.007536
15450	-238.0393	-350.031	111.9918	0.9809609	3.343741	7.221267	1.007536
15456	-232.0605	-345.5953	113.5347	0.899649	3.58293	2.409166	0.9433718
15462	-233.4698	-347.2224	113.7526	0.9424982	4.929868	1.213665	1.02786
15468	-223.7438	-336.5492	112.8053	0.6380007	4.762639	2.853101	1.302455
15474	-227.6121	-339.771	112.1589	0.7196753	2.900658	6.744562	1.338698
15480	-229.6276	-341.6947	112.0671	0.5328609	4.712484	3.993743	1.621876
15486	-224.8432	-337.5323	112.6891	0.9278751	3.692917	3.993743	1.071529
15492	-235.3298	-347.2238	111.8941	0.9091996	3.692917	6.272679	1.231218
15498	-231.7431	-344.2995	112.5564	1.051241	2.628682	6.272679	0.8785388
15504	-235.9249	-348.2562	112.3313	0.8696593	2.628682	6.272679	1.26361
15510	-226.788	-339.2559	112.4679	0.8223852	2.628682	6.272679	1.188193
15516	-228.7589	-340.1979	111.439	0.8223852	3.147755	11.98673	1.007688
15522	-224.2884	-336.096	111.8076	0.9725041	3.147755	8.632018	1.007688
15528	-232.4012	-344.4999	112.0987	1.113938	2.388521	7.329995	1.157765
15534	-244.7992	-358.2592	113.46	1.113938	2.388521	3.337909	0.9038457
15540	-238.6401	-351.5462	112.9061	0.921716	3.785559	2.659546	1.315533
15546	-237.9921	-350.8409	112.8488	1.138293	3.785559	3.620007	0.7708263
15552	-242.8265	-357.0074	114.1808	0.8985107	4.201813	1.100945	0.9646879
15558	-241.3583	-354.5696	113.2113	0.7794527	4.274183	2.706458	1.008391
15564	-239.6606	-351.5958	111.9352	0.8044253	3.466249	7.042681	1.211397
15570	-240.1093	-353.7384	113.6291	0.876687	3.058103	2.124203	1.211397
15576	-250.5941	-362.6749	112.0809	1.222737	3.148667	6.253211	0.9663913
15582	-245.311	-357.3108	111.9998	0.8431318	2.307844	11.23066	0.9147056
15588	-232.7928	-344.2041	111.4113	0.5187505	3.950314	6.551486	1.77348
15594	-233.1346	-345.381	112.2464	0.9549666	2.610455	6.551486	1.217116
15600	-239.0827	-351.3882	112.3055	0.895912	2.610455	6.551486	1.217116
15606	-243.707	-356.3165	112.6095	0.8931912	2.951268	4.797148	1.209227
15612	-250.8544	-363.0457	112.1914	0.6869107	4.159217	4.925473	1.322424
15618	-242.4341	-354.4454	112.0113	0.5684186	4.159217	5.797083	1.375895
15624	-240.2266	-352.4988	112.2723	0.6924936	3.294516	4.383154	1.614272
15630	-233.9087	-344.5514	110.6426	0.5913702	3.294516	9.116121	2.068762
15636	-251.13	-362.0572	110.9273	0.7210296	2.763537	9.116121	1.942179
15642	-240.5764	-352.9459	112.3695	1.042238	4.37618	3.552077	1.190332
15648	-229.6962	-341.5017	111.8055	1.043807	3.670869	5.767703	1.300184
15654	-230.8398	-344.992	114.1522	0.9556357	2.762148	1.376257	1.227606
15660	-233.1354	-347.3196	114.1842	1.200844	2.834708	1.376257	0.9383559
15666	-240.774	-354.6193	113.8453	1.486923	3.049696	1.581588	0.6839281
15672	-232.7673	-345.9208	113.1535	1.603476	4.883616	1.581588	0.4949341
15678	-231.57	-343.9089	112.339	1.412492	5.264691	3.276807	0.4030047
15684	-234.8647	-347.2388	112.3741	1.815005	3.053493	4.055805	0.378113
15690	-228.0363	-340.1061	112.0699	1.251491	3.053493	5.974253	1.05349
15696	-233.5446	-345.7512	112.2066	0.4475057	2.063997	5.974253	1.930959
15702	-227.0078	-340.1245	113.1167	0.7552322	3.141997	2.691776	1.460109
15708	-235.0953	-347.4605	112.3653	1.296377	2.748502	6.569129	0.5954756
15714	-227.2833	-341.522	114.2387	1.521255	2.748502	1.261991	0.5442934
15720	-221.2312	-335.2376	114.0064	1.280144	3.661796	1.261991	0.7688208
15726	-231.0358	-344.211	113.1752	1.063894	3.661796	3.133919	0.7415271
15732	-230.8792	-343.2864	112.4073	1.017025	5.770256	3.133919	0.9681875
15738	-231.7896	-344.5971	112.8075	1.371138	5.128805	2.442929	0.4734009
15744	-235.6268	-347.9821	112.3553	0.9141545	6.359115	3.852116	0.603537
15750	-234.4127	-347.9687	113.556	1.226517	6.359115	1.041746	0.6564142
15756	-235.6993	-348.5822	112.883	1.401829	6.359115	1.720069	0.4862159
15762	-237.9792	-349.882	111.9028	1.153162	7.883538	3.603701	0.5218688
15768	-233.1426	-345.1455	112.0029	1.225662	4.569452	5.548597	0.6199375
15774	-229.6647	-342.0904	112.4256	1.225662	3.626634	5.133648	0.6193108
15780	-233.0157	-345.9582	112.9425	1.288286	2.293565	5.133648	0.6193108
15786	-239.5396	-352.3095	112.7698	1.693249	5.007633	1.973419	0.4472272
15792	-231.344	-343.8452	112.5012	0.9163467	5.007633	3.786414	0.9263794
15798	-244.693	-355.4319	110.7389	0.975574	4.219645	10.57089	1.324989
15804	-241.4649	-352.516	111.0512	1.44546	3.623823	10.57089	0.7543016
15810	-235.8092	-348.4269	112.6176	0.882519	3.404823	2.911766	1.585864
15816	-233.7845	-347.1604	113.3759	0.9027208	2.375657	2.934414	1.331133
15822	-229.7056	-342.8651	113.1595	0.9976678	2.624147	3.650016	1.088861
15828	-238.9076	-352.7131	113.8054	1.088313	2.624147	2.430543	0.863247
15834	-242.2696	-353.7309	111.4612	0.9789299	4.04176	9.866561	0.7824704
15840	-232.701	-344.281	111.58	0.9078786	3.726006	9.866561	0.8607326
15846	-231.5325	-344.2176	112.6851	1.412405	3.294161	4.133902	0.4585968
15852	-225.3478	-338.1683	112.8205	1.385103	3.294161	3.816624	0.4625316
15858	-229.757	-342.4722	112.7152	1.385103	3.576268	3.816624	0.4804713
15864	-234.0747	-346.1751	112.1004	1.765599	3.370204	4.221552	0.2583571
15870	-231.1936	-343.5652	112.3716	1.926114	2.338332	4.221552	0.244162
15876	-236.1713	-348.3965	112.2252	1.716017	3.056837	4.831982	0.3689254
15882	-227.8158	-339.9083	112.0925	1.658736	3.056837	5.505189	0.3607774
15888	-225.8925	-338.5251	112.6326	1.524784	3.923564	2.910295	0.2604535
15894	-220.9968	-333.656	112.6592	1.595897	3.923564	2.910295	0.33009
15900	-225.5527	-337.9651	112.4124	1.465569	5.41477	2.910295	0.4420614
15906	-238.4902	-349.6959	111.2057	1.627789	1.863868	14.99796	0.4240708
15912	-235.5043	-347.9452	112.4409	0.8039362	3.730884	4.399619	1.270062
15918	-232.5571	-344.0962	111.5391	0.5597558	3.730884	8.165248	1.467783
15924	-229.1688	-341.2174	112.0486	0.7664279	3.730884	4.657877	1.543025
15930	-232.0704	-345.784	113.7136	1.111501	3.031114	1.934623	1.032485
15936	-238.5276	-351.7299	113.2022	1.041959	3.418145	3.23604	0.8041336
15942	-228.0179	-341.2586	113.2407	0.9832267	3.418145	3.23604	0.8302935
15948	-231.428	-342.9645	111.5365	0.5787049	3.268448	5.78555	1.941647
15954	-233.2835	-345.2714	111.9879	0.543409	3.268448	5.78555	1.653191
15960	-228.0206	-339.9017	111.8811	0.3704315	3.456595	5.78555	1.798795
15966	-236.5174	-349.1521	112.6347	0.2860609	2.764807	3.857786	1.921704
15972	-242.014	-354.5633	112.5493	0.2071411	2.764807	6.068785	1.5948
15978	-234.7539	-346.2798	111.5259	0.1826606	3.654497	6.068785	2.069092
15984	-236.3359	-349.648	113.3121	0.4728149	3.654497	2.141948	1.585441
15990	-228.4322	-340.2105	111.7783	0.9468655	3.654497	6.784221	1.21162
15996	-244.9629	-357.1204	112.1575	0.9468655	3.650182	6.784221	0.8391204
16002	-237.1892	-350.2847	113.0955	1.194793	3.320199	3.16436	0.8307609
16008	-235.6801	-348.2065	112.5264	1.03588	3.320199	5.579043	0.7742806
16014	-234.5749	-347.5307	112.9558	0.6523644	3.320199	3.121834	1.463747
16020	-234.0629	-346.566	112.5031	0.6772808	2.893619	4.899021	1.463747
16026	-242.477	-355.2898	112.8128	0.8825793	2.893619	4.801237	1.057964
16032	-235.6439	-348.3553	112.7114	1.011206	3.953543	3.572496	1.025469
16038	-228.3251	-341.1458	112.8207	1.121006	3.953543	3.572496	0.7775669
16044	-233.1415	-346.3213	113.1797	1.255632	3.953543	2.546436	0.6788252
16050	-229.3109	-342.4758	113.1649	1.344676	3.953543	2.490798	0.5508616
16056	-235.4675	-347.64	112.1725	1.038474	3.953543	5.993125	0.7983228
16062	-247.5988	-359.8049	112.2061	1.230307	3.658603	5.993125	0.4439401
16068	-249.761	-361.8093	112.0483	1.583498	1.554846	10.46632	0.4429336
16074	-245.1031	-357.9537	112.8506	1.332775	3.180604	4.010215	0.5474752
16080	-238.287	-351.8364	113.5495	1.295007	3.180604	2.350458	0.6257752
16086	-237.5769	-349.4197	111.8428	0.9759412	3.081711	7.509368	1.191936
16092	-237.1974	-349.7086	112.5111	0.8267915	3.075907	6.330863	0.9429346
16098	-237.3788	-349.2384	111.8596	0.8267915	4.45081	6.330863	1.10103
16104	-224.7472	-336.4499	111.7026	0.9837966	4.45081	6.330863	1.10103
16110	-227.7781	-339.3	111.5219	0.9687405	4.925213	6.330863	1.150856
16116	-228.9145	-340.8682	111.9537	0.5153677	5.730416	5.829369	1.084531
16122	-229.9788	-341.6267	111.6479	1.159803	5.22045	5.829369	0.8732596
16128	-228.0347	-340.7494	112.7148	0.5558153	4.842424	4.466071	0.8935211
16134	-225.4131	-338.3414	112.9283	0.1906938	4.842424	3.146725	1.441328
16140	-228.7389	-341.468	112.7291	0.130893	4.435716	3.146725	1.719813
16146	-235.3964	-347.5546	112.1582	0.1319349	2.273455	8.520969	1.737868
16152	-229.5803	-342.2878	112.7075	0.146931	2.959541	4.9623	1.669079
16158	-231.1669	-342.8621	111.6951	0.1585289	3.303724	9.804344	1.558779
16164	-235.1941	-346.6137	111.4196	0.1886575	3.977701	9.804344	1.558779
16170	-232.9195	-344.0783	111.1588	0.4552216	3.977701	10.28132	1.498787
16176	-225.5638	-337.6713	112.1075	0.5272657	3.977701	5.375043	1.46342
16182	-230.3536	-342.5663	112.2127	0.6861322	5.249343	5.375043	0.8930541
16188	-231.9365	-343.5684	111.6319	1.038353	5.113368	5.457483	1.13482
16194	-225.6391	-339.4398	113.8007	1.002421	4.788713	0.8751379	1.261089
16200	-225.0362	-338.6526	113.6164	1.086025	4.788713	1.459634	0.8514017
16206	-225.1466	-338.1273	112.9807	1.551617	5.364023	1.569576	0.30754
16212	-236.6022	-348.895	112.2929	1.71092	4.272491	3.151692	0.3008237
16218	-241.0013	-353.7147	112.7134	1.436219	3.790831	3.338244	0.3572042
16224	-237.0779	-348.3146	111.2367	1.534737	3.790831	9.076787	0.533292
16230	-237.2669	-350.214	112.9472	1.530027	3.790831	2.680033	0.5391677
16236	-225.9787	-338.7774	112.7987	1.574127	4.048056	2.670246	0.3986814
16242	-230.282	-343.0356	112.7536	1.612913	4.048056	2.670246	0.3871266
16248	-233.1226	-346.0546	112.9321	1.558201	3.666583	2.670246	0.3735347
16254	-227.9224	-340.7553	112.8329	0.7538404	3.844537	3.613986	1.170789
16260	-227.98	-340.4523	112.4723	0.7805142	5.909523	3.613986	0.9163503
16266	-237.5446	-348.8031	111.2585	0.4524753	3.561529	5.859617	2.123182
16272	-229.9891	-342.4183	112.4293	0.2981825	1.895583	5.859617	1.967442
16278	-231.7561	-343.9556	112.1996	0.6241104	4.912542	5.37803	1.064819
16284	-234.8183	-348.6213	113.803	0.6979672	3.633965	2.370154	0.8704641
16290	-231.8536	-343.6638	111.8102	0.7588438	3.633965	6.637542	1.371524
16296	-239.4102	-352.4342	113.0241	0.8838613	3.633965	2.45209	1.374763
16302	-243.7205	-354.6551	110.9346	0.7977608	3.395532	8.464646	1.782731
16308	-244.6204	-354.9471	110.3267	0.6365531	3.395532	11.94554	1.937249
16314	-255.3628	-368.0159	112.6531	0.7646182	5.623032	3.209946	0.9813637
16320	-244.9892	-358.1256	113.1365	0.8800735	3.989684	1.771833	1.491047
16326	-243.0617	-354.9025	111.8407	0.5969848	3.989684	6.035204	1.48366
16332	-242.4201	-354.7541	112.334	1.105622	3.184576	6.035204	0.8565422
16338	-250.1601	-362.622	112.4619	1.139349	3.184576	6.035204	0.5855529
16344	-241.7286	-353.6703	111.9417	1.228441	3.184576	7.416515	0.8134123
16350	-240.5268	-352.1101	111.5833	1.352761	4.162337	7.416515	0.6068708
16356	-233.0828	-346.7621	113.6793	1.352761	3.114389	1.816986	0.8516842
16362	-229.9578	-343.3893	113.4315	1.281689	3.135287	2.32287	0.8760445
16368	-227.6196	-340.6899	113.0702	1.364814	3.135287	3.172247	0.7274072
16374	-226.8753	-339.5927	112.7174	1.167992	4.951688	3.172247	0.5947074
16380	-228.9387	-340.7156	111.7769	1.30792	4.951688	5.754649	0.5502852
16386	-233.5166	-346.7081	113.1915	0.8714046	8.171755	1.380398	0.7453243
16392	-232.0194	-344.5489	112.5295	0.4770665	13.27517	1.380398	1.069148
16398	-231.7015	-344.7458	113.0442	0.741747	6.391615	2.352141	0.7920739
16404	-236.5759	-350.2507	113.6748	0.5932837	3.843814	1.877943	1.28081
16410	-232.6513	-344.2635	111.6122	0.7544295	4.48403	5.423145	1.532853
16416	-229.0925	-341.8225	112.73	1.234776	2.350567	5.423145	0.8666499
16422	-234.777	-347.1675	112.3905	0.8930763	2.560605	6.075398	1.260593
16428	-238.9248	-351.3339	112.4091	0.9070079	2.515317	5.891251	1.288575
16434	-232.5192	-345.7714	113.2522	0.4445088	2.045354	2.646874	1.973385
16440	-229.279	-341.8428	112.5638	0.8202341	2.045354	4.112861	1.796679
16446	-233.4029	-346.2352	112.8324	0.6095043	2.045354	6.27342	1.314749
16452	-234.6046	-347.0137	112.4091	0.69852	2.045354	8.060317	1.282823
16458	-238.4192	-350.6614	112.2423	0.8886494	2.698013	6.500012	1.25161
16464	-235.6048	-347.9653	112.3606	0.7937964	3.064551	6.500012	1.090471
16470	-235.4757	-347.6979	112.2222	0.722275	1.842655	6.500012	1.737819
16476	-233.0644	-344.8113	111.747	0.6659519	4.211592	5.797658	1.490885
16482	-233.4079	-346.5422	113.1343	1.035061	3.527222	3.049229	0.9340499
16488	-226.7262	-340.7855	114.0593	0.9889713	3.527222	1.145475	1.175717
16494	-225.4487	-338.5231	113.0744	1.143834	4.538496	2.441392	0.8040259
16500	-226.3177	-338.7005	112.3828	0.8469178	3.066526	6.682162	0.977205
16506	-231.9154	-344.3136	112.3982	0.7880745	3.066526	6.682162	1.020751
16512	-238.2822	-350.6155	112.3333	1.305288	2.934163	5.975611	0.7505809
16518	-243.5238	-355.7561	112.2323	0.9869202	2.934163	5.975611	1.191256
16524	-230.7634	-343.2343	112.4709	0.9134517	4.212767	3.292044	1.338226
16530	-240.3737	-352.6192	112.2454	0.9297704	3.722074	4.076132	1.411036
16536	-240.9861	-354.0446	113.0585	0.7408986	3.772069	3.657446	0.9805903
16542	-232.8315	-345.4419	112.6104	0.820208	3.772069	3.657446	1.309669
16548	-232.893	-345.5146	112.6216	0.7406326	2.135545	4.416052	1.708359
16554	-235.3819	-347.7007	112.3188	0.3677214	2.039841	4.535217	2.176066
16560	-233.9116	-345.3645	111.4529	0.654825	2.039841	5.493464	2.374777
16566	-238.4348	-351.1794	112.7446	1.099039	2.039841	5.493464	1.139809
16572	-232.6801	-345.4238	112.7437	0.6201411	2.039841	5.493464	1.525418
16578	-243.5991	-357.1364	113.5373	1.088202	3.090812	2.847037	0.6668805
16584	-232.6007	-344.9398	112.339	1.218368	3.645016	5.378935	0.6668805
16590	-245.1337	-357.9816	112.8479	0.8913312	3.658714	4.386173	0.8179058
16596	-225.697	-338.6464	112.9493	0.8868081	3.658714	2.947398	1.23973
16602	-237.3934	-350.2072	112.8139	0.4819823	6.184966	1.725055	1.592492
16608	-230.8244	-344.352	113.5276	0.9261368	4.954892	1.893517	0.7248746
16614	-239.0401	-351.3418	112.3016	0.7976745	4.366709	5.756346	0.8432009
16620	-227.817	-340.046	112.2289	0.8055719	9.15159	2.701045	0.8432009
16626	-228.6793	-340.0981	111.4188	0.6882471	9.15159	5.782139	0.7088056
16632	-231.0452	-344.8189	113.7737	0.8003146	4.899241	1.195994	1.161627
16638	-234.6089	-348.1312	113.5223	0.8992718	4.899241	1.195994	1.290399
16644	-231.4006	-345.1815	113.7809	0.9320072	3.223848	1.195994	1.502163
16650	-229.8551	-343.1977	113.3426	0.9888112	3.681647	2.217484	1.107022
16656	-232.0043	-343.6951	111.6908	0.9425912	2.498057	11.72981	0.9607881
16662	-230.3658	-341.3378	110.9721	1.099498	4.681438	11.72981	0.5703531
16668	-229.8184	-341.6187	111.8004	1.365855	4.681438	5.693982	0.597003
16674	-240.0869	-352.2494	112.1625	1.026289	4.681438	4.880268	0.9002129
16680	-241.0046	-352.7483	111.7437	1.020129	5.013768	4.880268	1.214678
16686	-232.4069	-344.6595	112.2527	1.13585	3.632282	5.378543	0.9080384
16692	-238.2008	-350.1675	111.9667	1.191021	4.301364	5.378543	0.9120365
16698	-242.8623	-355.0853	112.223	1.173433	3.171219	6.358006	0.8227922
16704	-257.0462	-370.6163	113.5702	1.116101	4.614892	1.557409	0.8465368
16710	-247.8748	-360.5165	112.6416	1.121371	2.196336	4.298505	1.415754
16716	-244.4549	-358.1121	113.6572	0.8249203	2.196336	2.433069	1.428876
16722	-242.6244	-355.0571	112.4328	0.8916743	3.069956	4.319948	1.428876
16728	-244.2625	-355.887	111.6245	1.179554	2.469214	8.210961	1.322467
16734	-234.5755	-346.3449	111.7694	1.192123	3.465715	8.210961	0.7350835
16740	-229.6603	-342.5229	112.8626	1.192123	2.708595	3.923375	1.057719
16746	-237.3605	-350.2722	112.9117	0.7094011	3.818903	3.923375	1.047955
16752	-241.4034	-353.4403	112.0369	0.9998879	2.600645	9.338108	0.8594124
16758	-236.3398	-348.425	112.0852	0.5910972	2.883015	9.338108	1.097366
16764	-230.0898	-341.7555	111.6657	0.8861766	4.151598	6.38878	1.287249
16770	-231.0746	-343.4775	112.4029	0.6184249	4.151598	4.272488	1.366842
16776	-241.0434	-354.0658	113.0224	0.2705074	2.720227	4.077196	1.624669
16782	-240.8263	-352.7099	111.8836	0.7532423	2.720227	4.69667	1.946117
16788	-233.8518	-347.099	113.2472	0.7276363	4.401696	2.453702	1.100679
16794	-229.8375	-342.7355	112.8981	0.7942413	5.004565	2.453702	1.193408
16800	-235.7415	-348.3099	112.5684	1.017695	3.278335	3.974121	1.242356
16806	-237.8085	-350.9232	113.1147	0.4935039	3.278335	3.974121	1.223774
16812	-229.4425	-341.5004	112.058	0.6813	6.831249	3.974121	1.091126
16818	-227.5088	-340.0793	112.5705	0.7062616	4.847864	3.243445	1.284524
16824	-230.6731	-344.0658	113.3927	0.5661394	4.421979	2.071852	1.284524
16830	-227.9987	-341.8242	113.8255	1.241903	2.859947	1.572907	1.096002
16836	-232.3319	-345.4726	113.1407	0.553935	6.308425	1.572907	1.346854
16842	-230.8912	-344.4346	113.5434	0.5881501	4.276941	1.572907	1.434159
16848	-233.1029	-345.9376	112.8347	1.190962	4.648489	3.071064	0.5529886
16854	-229.7423	-340.7226	110.9803	1.541545	3.230382	11.81429	0.6636314
16860	-236.2108	-349.7523	113.5415	1.837772	2.593127	1.858911	0.3903394
16866	-234.833	-348.3554	113.5224	1.837772	2.622939	1.858911	0.3819134
16872	-233.7476	-346.2795	112.5319	2.088718	2.655813	2.893482	0.2364563
16878	-230.6358	-343.2153	112.5795	2.096219	2.569131	2.831076	0.2304757
16884	-232.8755	-344.707	111.8315	2.096219	3.235291	3.719054	0.1927459
16890	-229.4456	-340.5454	111.0999	2.137286	3.49141	6.28946	0.2478159
16896	-243.2207	-354.7451	111.5245	1.968657	3.491328	5.115353	0.2294158
16902	-231.8973	-343.9565	112.0592	0.8824832	3.049883	5.549279	1.460455
16908	-237.7673	-349.8999	112.1326	0.9928834	3.049883	5.549279	1.316727
16914	-237.7021	-350.5755	112.8734	0.9827149	3.558365	2.773201	1.316727
16920	-231.1867	-344.4969	113.3102	0.4816461	1.801377	2.955829	1.915357
16926	-236.6834	-349.0785	112.3951	0.823833	1.801377	4.75754	1.87441
16932	-234.3179	-346.9824	112.6646	0.3525539	1.801377	4.886132	1.985526
16938	-231.949	-343.9433	111.9943	0.5003833	2.101653	4.886132	2.21049
16944	-233.0946	-346.647	113.5524	0.7485176	2.101653	3.293672	1.312395
16950	-236.9709	-349.6874	112.7165	1.11647	2.500278	4.879934	1.078633
16956	-243.0779	-355.9116	112.8337	1.035196	2.370857	4.879934	1.105406
16962	-238.5266	-350.6469	112.1202	0.8471404	2.421163	7.087059	1.388005
16968	-234.8098	-347.917	113.1072	1.2932	2.64065	3.896055	0.6964496
16974	-233.4561	-345.3665	111.9103	0.5296277	2.904898	6.266886	1.742921
16980	-234.0001	-346.68	112.6799	0.4705123	2.587514	4.19449	1.742921
16986	-239.6137	-351.7311	112.1174	0.7532687	2.587514	4.19449	1.935103
16992	-237.91	-349.4995	111.5895	1.303928	3.096912	9.950888	0.520666
16998	-239.3373	-350.8496	111.5123	1.171542	3.196702	9.950888	0.8502522
17004	-242.6587	-353.8984	111.2396	0.8347212	3.610046	6.350884	1.788275
17010	-232.3498	-345.453	113.1032	0.8106332	4.879975	2.340321	1.078479
17016	-238.5211	-351.0371	112.516	0.594407	4.879975	4.371005	1.07578
17022	-251.5074	-363.3375	111.83	1.13378	4.879975	4.246038	1.23988
17028	-258.5971	-370.9229	112.3259	1.262417	8.211082	2.251741	0.5000886
17034	-249.8582	-361.5229	111.6647	0.8031514	4.528693	7.626738	1.023801
17040	-240.3579	-352.6832	112.3253	0.5438773	4.528693	4.151483	1.423271
17046	-240.5555	-353.487	112.9315	0.6479622	4.227913	3.155599	1.218896
17052	-238.4172	-351.2378	112.8206	0.5584441	4.180873	3.721243	1.218896
17058	-227.3425	-340.4075	113.0651	0.6697693	3.378895	3.721243	1.15642
17064	-234.2443	-347.1144	112.8701	0.6065527	3.843732	3.721243	1.232083
17070	-234.4676	-347.9284	113.4607	0.2107358	2.802796	3.721243	1.405319
17076	-236.7345	-349.9869	113.2523	0.1349604	2.408294	4.460768	1.576291
17082	-227.8996	-341.2395	113.3398	0.143684	4.216055	2.576698	1.500638
17088	-231.2915	-344.1859	112.8944	0.08260938	4.216055	3.811416	1.503049
17094	-233.3471	-346.372	113.0249	0.1974101	3.509202	3.811416	1.503049
17100	-235.9313	-347.939	112.0077	0.4096845	2.816566	5.285153	1.953127
17106	-224.1087	-336.7428	112.6341	0.4489077	2.816566	5.285153	1.482435
17112	-220.5048	-333.3705	112.8657	0.9997239	2.560312	4.073747	1.242501
17118	-231.9713	-345.317	113.3457	0.8886509	2.560312	4.073747	0.8928243
17124	-244.6611	-355.6059	110.9448	0.5432727	3.99482	6.304188	2.099499
17130	-236.1764	-347.9489	111.7724	0.8636735	3.610931	6.304188	1.384771
17136	-224.301	-336.3312	112.0302	1.327268	3.003813	6.304188	0.9607584
17142	-231.2687	-343.4653	112.1966	1.428714	3.003813	6.304188	0.5174054
17148	-229.17	-341.539	112.3691	1.440989	3.605832	4.674186	0.4542892
17154	-237.1421	-350.581	113.4389	1.524533	2.526122	2.646222	0.3543213
17160	-233.6811	-346.8087	113.1276	1.751104	2.526122	2.646222	0.2813305
17166	-232.3224	-345.2433	112.9209	1.43396	4.024149	2.646222	0.3450497
17172	-227.376	-340.2933	112.9173	1.531932	3.925295	2.646222	0.4945906
17178	-228.8172	-341.7713	112.954	1.609568	3.533713	2.646222	0.3957412
17184	-229.5568	-342.4603	112.9035	1.24193	2.054522	5.465357	0.8293679
17190	-235.8118	-347.5516	111.7398	1.231309	4.223659	5.465357	1.100145
17196	-230.0524	-341.9563	111.9039	0.9547282	2.191835	9.35956	1.230194
17202	-225.7222	-338.2256	112.5034	0.9965995	2.118975	6.286046	1.229987
17208	-229.997	-342.2333	112.2363	1.022114	3.883694	5.798603	0.8296466
17214	-232.0396	-344.2063	112.1668	1.105918	3.883694	4.733189	1.112918
17220	-244.3889	-357.6894	113.3004	0.7741373	2.768974	2.907733	1.352175
17226	-239.1282	-352.5006	113.3724	0.7045923	3.980127	2.907733	0.9255661
17232	-243.3081	-355.3445	112.0364	0.05103694	3.818359	5.060028	1.95088
17238	-241.4331	-352.9017	111.4686	0.1819762	3.394204	5.060028	2.337448
17244	-228.7054	-341.4551	112.7497	0.4351854	3.484882	4.445275	1.379221
17250	-234.8784	-347.0762	112.1978	0.3025379	3.991574	4.445275	1.750503
17256	-233.8681	-345.9822	112.114	0.3442326	2.343942	7.528116	1.726067
17262	-233.9093	-346.4203	112.511	0.3471585	2.343942	4.078322	2.049732
17268	-228.217	-341.1222	112.9053	0.2172859	2.343942	4.078322	1.87225
17274	-229.0469	-341.3636	112.3166	0.231027	4.455229	4.078322	1.694532
17280	-237.0726	-349.4352	112.3626	0.1422475	3.617448	4.858066	1.753155
17286	-228.1198	-340.3889	112.2692	0.4347497	3.820128	4.858066	1.558601
17292	-227.9488	-341.4644	113.5156	0.1922869	1.997067	2.743666	1.954636
17298	-237.1226	-350.6426	113.5201	0.1351563	2.64495	2.1703	1.954636
17304	-232.7536	-345.7369	112.9834	0.05232681	2.559544	3.662935	1.955415
17310	-238.0819	-350.6355	112.5536	0.04464859	3.417221	3.662935	2.002336
17316	-247.1933	-360.9075	113.7142	0.02326136	2.613202	2.146915	1.917989
17322	-238.5172	-350.1781	111.6609	0.03086502	2.26498	10.59995	1.917989
17328	-237.3033	-349.9638	112.6604	0.05859322	3.113535	4.023407	1.917989
17334	-238.4684	-351.2449	112.7765	0.4034002	3.113535	4.023407	1.595479
17340	-235.6561	-348.5355	112.8794	0.6566645	3.113535	5.0518	1.052981
17346	-236.2653	-347.9191	111.6538	1.107811	2.334441	7.770423	1.474056
17352	-228.4505	-340.7258	112.2753	0.9540954	2.888241	7.770423	0.8073097
17358	-234.3113	-345.841	111.5296	1.087555	4.535098	7.770423	0.8277977
17364	-227.4662	-339.383	111.9168	0.9078027	4.032333	6.209627	1.123181
17370	-229.442	-341.8108	112.3688	0.9346754	2.458752	6.209627	1.259156
17376	-222.5493	-334.9164	112.3671	0.857696	2.458752	6.209627	1.323385
17382	-224.9826	-338.0019	113.0193	0.4429055	2.624154	2.896069	1.85159
17388	-224.1164	-335.8999	111.7835	0.4029861	2.624154	5.34257	2.154086
17394	-224.192	-336.1581	111.966	0.7552863	2.167662	7.294438	1.639529
17400	-225.9578	-339.4648	113.507	0.7147715	2.167662	2.675883	1.54837
17406	-222.7995	-335.2378	112.4384	1.081966	2.167662	5.282354	1.393895
17412	-217.8886	-331.6029	113.7143	0.8875601	3.673817	1.70175	1.14392
17418	-224.4398	-338.1954	113.7556	1.091357	3.673817	1.310915	1.180751
17424	-231.7708	-345.7571	113.9863	1.347324	3.086511	0.9948058	1.202728
17430	-230.3909	-344.6698	114.2789	1.777987	3.818586	0.5956901	0.5533667
17436	-230.0407	-342.5249	112.4841	2.004215	4.504795	1.785341	0.2269877
17442	-239.0987	-352.8871	113.7884	2.121993	4.504795	0.4436581	0.2603038
17448	-240.7429	-354.1138	113.3709	2.121993	5.720686	0.4886764	0.2585012
17454	-240.9218	-355.0371	114.1153	2.121993	3.379095	0.4886764	0.271459
17460	-238.6474	-352.9485	114.3012	1.939631	3.379095	0.5839566	0.5009856
17466	-237.8656	-352.3271	114.4616	1.81667	3.028306	0.5839566	0.7639737
17472	-235.0578	-348.9351	113.8773	1.569649	5.468142	0.5839566	0.809359
17478	-240.1774	-354.3206	114.1432	1.303719	5.468142	0.5839566	0.809359
17484	-239.3337	-352.8733	113.5396	0.8610301	5.468142	0.5332314	1.759583
17490	-233.4246	-346.7846	113.36	1.215343	2.612111	3.075133	0.8977046
17496	-231.4815	-345.0524	113.5709	1.052777	2.781701	2.020562	1.262845
17502	-230.3281	-343.5995	113.2714	0.8686451	4.193914	2.020562	1.218424
17508	-241.833	-354.1237	112.2906	0.5923922	4.193914	4.337373	1.447492
17514	-239.4509	-351.8122	112.3613	0.5768402	4.193914	4.076008	1.469854
17520	-236.6452	-349.4042	112.7591	0.2600874	4.07064	4.076008	1.438878
17526	-234.4485	-347.0966	112.6481	0.5658283	3.367947	4.250161	1.438878
17532	-228.7161	-341.8756	113.1595	0.765185	3.706373	2.315603	1.395747
17538	-225.3647	-338.0678	112.7031	0.5714223	4.313234	2.315603	1.724487
17544	-228.4221	-339.602	111.1799	0.5496883	2.266993	12.31862	1.724487
17550	-231.3056	-342.4741	111.1685	0.9887148	2.266993	10.8065	1.568884
17556	-222.8663	-336.0153	113.1491	1.181375	3.258461	3.050702	0.8686553
17562	-231.4721	-344.9372	113.4651	1.388926	3.239863	1.908201	0.9320692
17568	-234.982	-348.0828	113.1009	1.536597	4.555372	1.908201	0.5356365
17574	-233.7995	-346.7827	112.9831	1.344902	6.03624	1.751813	0.4258711
17580	-239.3554	-351.6283	112.2729	1.468199	6.03624	2.876017	0.461321
17586	-240.2807	-353.5786	113.2979	1.500033	2.39053	3.246436	0.6245649
17592	-241.9932	-354.6114	112.6182	1.146169	5.285491	3.246436	0.5924731
17598	-247.0751	-358.8538	111.7788	0.8019267	5.453556	6.521589	0.8754043
17604	-239.6898	-352.5054	112.8156	0.7701704	3.721649	3.187655	1.343729
17610	-234.5478	-348.1431	113.5953	1.191676	3.721649	2.035413	0.6773612
17616	-238.3351	-351.3487	113.0137	1.191676	3.721649	3.047549	0.8092921
17622	-238.9694	-352.3241	113.3548	0.9225139	3.25505	3.047549	0.9315166
17628	-244.0384	-357.3594	113.321	1.069724	2.675623	3.047549	1.067381
17634	-241.8062	-353.189	111.3829	0.9000034	2.596882	13.05435	1.086402
17640	-243.6859	-355.1502	111.4642	0.7586747	2.443019	12.16288	1.302408
17646	-241.6008	-352.5616	110.9608	0.5219586	2.508939	12.16288	1.824752
17652	-239.4772	-351.9971	112.5199	0.6509142	2.567783	6.335144	1.300241
17658	-240.0688	-352.5722	112.5034	0.9629859	2.567783	6.335144	1.041578
17664	-238.6383	-351.1016	112.4634	1.05036	2.567783	7.421624	0.7067476
17670	-241.3683	-354.4067	113.0384	1.269303	2.866498	3.986139	0.6087969
17676	-236.3225	-350.4974	114.1749	1.269303	2.281593	2.039255	0.5808576
17682	-228.4254	-341.4332	113.0078	1.289522	2.281593	4.96117	0.5829098
17688	-226.0909	-336.945	110.8542	1.357348	4.121049	12.02878	0.5401118
17694	-234.8027	-345.6221	110.8194	1.158497	4.169647	12.02878	0.909604
17700	-238.6171	-350.5507	111.9336	0.8762717	2.597021	9.333698	1.09547
17706	-225.2182	-337.802	112.5838	0.8413823	4.651625	3.577038	1.09547
17712	-216.058	-328.4331	112.3751	0.6086224	4.026418	3.577038	1.606117
17718	-221.8971	-334.3847	112.4875	0.799304	2.672815	4.399263	1.569728
17724	-229.525	-343.1909	113.6658	0.7388201	3.426459	1.767715	1.349357
17730	-220.7677	-334.4319	113.6643	0.6995418	2.723051	1.767715	1.602818
17736	-229.8818	-340.4651	110.5833	0.4886417	1.952648	10.20449	2.473108
17742	-233.2088	-345.6338	112.425	0.4250489	2.036192	5.885346	1.823093
17748	-218.9746	-331.5741	112.5996	0.9855082	2.343919	5.885346	1.134094
17754	-220.2495	-332.5037	112.2542	0.9855082	2.343919	6.336237	1.334579
17760	-232.5447	-343.4556	110.9109	0.747686	2.145912	19.20225	1.263852
17766	-236.3691	-347.4534	111.0843	0.8343506	2.145912	19.58819	0.998847
17772	-243.4779	-356.8147	113.3367	1.43893	2.562854	3.156081	0.4974808
17778	-241.9069	-354.7784	112.8715	1.266782	3.495145	3.757069	0.5880505
17784	-228.1678	-339.5213	111.3535	0.654296	2.691368	9.444661	1.678435
17790	-230.8176	-343.2104	112.3929	1.137084	2.691368	5.399541	1.141635
17796	-226.4585	-338.5335	112.075	0.8424835	2.574476	8.482735	1.141635
17802	-223.8113	-335.0862	111.2749	0.8748295	3.792625	8.482735	1.366498
17808	-231.4868	-343.3175	111.8307	0.8364796	3.85331	8.482735	0.8733448
17814	-232.0223	-344.993	112.9707	0.7767793	3.85331	2.915512	1.267587
17820	-234.7152	-347.4417	112.7265	0.6279371	3.488226	2.915512	1.667018
17826	-248.7011	-362.3666	113.6655	0.9576442	3.24192	2.072345	1.065785
17832	-231.761	-343.8302	112.0692	0.8526845	4.682406	4.910868	1.152879
17838	-242.0527	-354.5371	112.4845	1.159398	2.619355	5.095848	1.143146
17844	-231.8296	-344.2457	112.4161	0.783115	3.113384	5.095848	1.333384
17850	-233.1111	-345.7228	112.6117	0.9538159	3.113384	5.095848	1.012692
17856	-236.4727	-349.4032	112.9306	0.9538159	1.655881	6.918537	1.012692
17862	-225.7231	-337.7946	112.0716	1.051154	2.251616	6.918537	1.363198
17868	-228.5359	-341.1789	112.643	1.114134	2.517224	5.555379	0.9653992
17874	-238.676	-352.5678	113.8918	1.407291	2.441843	1.646309	1.013945
17880	-232.2745	-345.4305	113.156	0.9711317	2.441843	4.24485	1.008601
17886	-234.5741	-346.3334	111.7593	0.9313104	2.887357	7.216646	1.412006
17892	-234.4603	-345.3742	110.9139	0.5378219	2.887357	7.216646	2.268476
17898	-243.9754	-356.5991	112.6237	0.5717302	1.774126	4.419787	1.970768
17904	-238.0746	-351.0678	112.9932	0.8126426	3.907745	2.609364	1.318136
17910	-241.0596	-352.9676	111.908	0.8371978	1.992856	11.03	1.201903
17916	-240.0499	-351.8418	111.7919	0.3835484	2.29339	7.847566	1.896348
17922	-237.7966	-349.1927	111.3962	0.8417802	2.29339	7.847566	1.853733
17928	-228.8804	-341.2196	112.3393	0.6986356	2.354968	5.086188	1.715831
17934	-228.742	-341.043	112.301	0.8018476	2.354968	5.086188	1.669767
17940	-232.4742	-343.2105	110.7363	0.9179131	2.2145	13.88504	1.658398
17946	-235.7038	-347.6237	111.9199	0.6163718	2.224849	6.99131	1.792827
17952	-245.5121	-357.5526	112.0405	0.802191	2.224849	6.99131	1.574767
17958	-240.6517	-352.5224	111.8707	0.5999197	2.255966	6.99131	1.826654
17964	-251.292	-364.2182	112.9262	0.2261908	2.475537	2.097795	2.361748
17970	-245.1603	-358.0635	112.9032	0.3798613	2.977926	2.097795	2.129084
17976	-233.4527	-346.3011	112.8485	0.3628872	2.977926	2.097795	2.175789
17982	-242.4629	-353.1761	110.7132	0.7261992	2.977926	7.799703	2.175789
17988	-248.437	-359.7601	111.3231	0.6013449	3.425098	7.799703	1.727697
17994	-242.4276	-354.8642	112.4366	0.709894	2.633256	4.206407	1.727697
18000	-233.6788	-346.6383	112.9594	0.7100439	3.535095	3.193368	1.329329
18006	-240.8259	-353.0514	112.2255	0.1458453	3.65851	3.193368	2.20989
18012	-241.7357	-353.1512	111.4156	0.3799328	2.578772	11.38348	1.656665
18018	-233.9832	-346.2193	112.2362	0.410737	2.578772	5.612258	1.813573
18024	-232.8892	-345.0492	112.16	0.172591	4.141562	5.612258	1.601577
18030	-232.4864	-345.3094	112.823	0.1494585	2.356856	3.976642	1.991986
18036	-233.756	-345.6405	111.8845	0.1073444	2.356856	5.554489	2.328631
18042	-232.5434	-343.511	110.9676	0.1324577	2.397855	10.62098	2.259702
18048	-246.2614	-356.0351	109.7738	0.2272668	2.411335	17.50344	2.428973
18054	-239.2343	-352.5031	113.2688	0.3803687	2.411335	2.732437	1.844938
18060	-237.3251	-350.0215	112.6964	0.191007	3.956962	3.730674	1.652358
18066	-247.0387	-359.7779	112.7392	0.09218054	3.087869	2.876364	2.141363
18072	-239.4765	-350.7059	111.2295	0.2625764	3.196814	6.249408	2.29536
18078	-240.0707	-351.8043	111.7337	0.271849	3.196814	6.222338	1.963787
18084	-238.729	-350.2854	111.5564	0.357364	1.698553	7.324243	2.365271
18090	-240.9125	-353.0133	112.1008	0.9344167	1.883892	7.324243	1.526198
18096	-235.7219	-348.024	112.3021	1.351301	2.851976	6.182043	0.7056418
18102	-239.328	-352.5619	113.2339	1.144681	1.664675	5.166818	0.9326969
18108	-231.2001	-344.2851	113.085	1.253717	1.543984	6.400613	0.690381
18114	-227.6802	-340.5933	112.9131	1.187488	1.543984	6.175883	1.040778
18120	-242.0843	-355.6007	113.5164	1.321265	1.543984	4.241011	0.8140181
18126	-235.5424	-347.1751	111.6327	1.531668	3.591177	7.340406	0.5501379
18132	-250.2813	-361.6108	111.3295	1.849808	2.020859	9.953559	0.2288282
18138	-245.7335	-359.2555	113.522	1.849808	1.939659	2.402516	0.3254678
18144	-235.5106	-348.9293	113.4187	1.702165	2.458699	2.48028	0.4365228
18150	-239.5178	-354.0826	114.5648	1.702165	1.940162	1.117323	0.3647987
18156	-234.1892	-348.0717	113.8824	1.890931	2.123548	1.603088	0.3647987
18162	-230.4366	-343.8714	113.4348	1.080063	3.134554	3.097146	0.6355406
18168	-237.534	-350.5529	113.0189	0.8962065	3.134554	3.097146	1.289007
18174	-239.945	-350.9627	111.0177	0.511608	3.134554	8.683468	1.965186
18180	-233.6256	-346.1523	112.5267	0.5330295	3.90373	3.547098	1.58916
18186	-232.041	-344.5786	112.5376	0.6774446	3.90373	3.148001	1.58916
18192	-237.795	-350.4308	112.6358	0.6820187	3.90373	4.527888	1.121352
18198	-234.221	-346.8083	112.5872	0.6820187	3.980272	4.256384	1.215056
18204	-237.4796	-350.298	112.8184	0.898648	2.911393	4.256384	1.18134
18210	-237.9718	-350.8578	112.886	0.898648	2.911393	4.101352	1.166301
18216	-241.5039	-352.7637	111.2598	0.9799946	2.543116	12.48009	1.212658
18222	-237.7522	-348.7282	110.976	0.9174975	3.581729	12.48009	1.133523
18228	-231.0948	-343.5445	112.4497	0.750536	3.374881	4.281598	1.43962
18234	-234.9351	-347.1534	112.2184	0.819877	3.740615	5.14854	1.257354
18240	-234.9071	-347.8789	112.9718	1.001708	4.912563	1.910197	1.230445
18246	-238.9275	-352.4445	113.517	1.509017	3.141072	1.910197	0.7697612
18252	-237.3505	-350.7105	113.3601	1.055025	3.436739	2.477084	0.984947
18258	-237.3539	-350.6033	113.2494	1.295771	2.736502	2.820872	0.984947
18264	-243.7634	-357.2159	113.4526	1.189301	2.736502	2.730906	0.9262254
18270	-240.2156	-353.0248	112.8091	1.009783	3.566701	2.475287	1.453767
18276	-242.2306	-355.0132	112.7826	0.7920047	3.566701	2.475287	1.634531
18282	-233.0915	-345.7882	112.6967	0.4372747	3.566701	4.048393	1.492574
18288	-234.1957	-345.848	111.6523	0.866913	4.206918	4.048393	1.776522
18294	-228.0225	-339.6872	111.6647	0.5257322	4.206918	7.521107	1.368528
18300	-217.0072	-329.3272	112.32	0.6075402	4.023967	3.141806	1.766779
18306	-223.8255	-336.7239	112.8984	0.6089727	3.95219	3.141806	1.357069
18312	-234.7515	-347.4092	112.6577	0.3306321	5.362431	3.258629	1.396531
18318	-226.2387	-338.7432	112.5045	0.5878454	3.619027	4.512605	1.396531
18324	-227.0002	-339.7157	112.7155	1.196857	4.628591	3.156292	0.742086
18330	-220.8252	-334.2968	113.4716	1.027323	3.503907	2.47033	0.8699778
18336	-218.741	-330.2142	111.4732	0.6462966	5.498488	8.275647	0.9760723
18342	-218.8817	-331.5654	112.6837	1.092262	3.613863	3.897641	0.9760723
18348	-221.7841	-333.821	112.0369	0.8555518	3.412155	3.897641	1.746435
18354	-225.4785	-337.605	112.1265	0.7713103	4.648396	3.897641	1.438946
18360	-228.1084	-341.6456	113.5372	0.7518214	1.780744	3.897641	1.298454
18366	-234.0182	-347.0224	113.0042	1.025309	1.796141	6.718543	0.7939743
18372	-233.6837	-346.5608	112.8771	0.7976691	5.182075	2.737252	1.042224
18378	-225.4953	-338.3946	112.8992	0.6614795	5.22076	2.737252	1.137955
18384	-225.212	-337.6437	112.4317	0.8355158	4.668559	3.81714	1.155546
18390	-231.333	-343.7564	112.4234	1.061094	4.668559	4.298153	0.7519546
18396	-230.0532	-343.2799	113.2267	1.237854	2.769919	3.074445	0.9392908
18402	-227.569	-340.1467	112.5777	0.7497137	3.948526	1.890027	1.936007
18408	-231.3509	-344.0881	112.7372	0.7893652	2.908805	1.890027	2.069092
18414	-230.0534	-341.773	111.7196	0.794652	3.295908	3.930388	2.027023
18420	-233.9921	-345.8486	111.8565	0.9049964	3.331233	5.435927	1.53238
18426	-228.1983	-340.311	112.1127	0.5833857	3.331233	5.435927	1.580553
18432	-241.4292	-355.0866	113.6574	0.9453837	3.381436	2.099517	1.017849
18438	-247.762	-359.1294	111.3674	0.6541014	3.381436	13.19454	0.998086
18444	-231.36	-344.355	112.995	0.47441	3.381436	2.987968	1.590923
18450	-232.4724	-345.0959	112.6235	0.3705749	2.137069	2.987968	2.298756
18456	-222.2498	-334.3227	112.0729	0.5416787	3.454712	2.79554	2.21101
18462	-219.2359	-331.9616	112.7257	0.300333	3.060306	2.556996	2.117771
18468	-223.7146	-336.9186	113.204	0.1968585	3.91287	2.556996	1.642199
18474	-227.5612	-340.02	112.4588	0.4430465	1.626513	4.773489	2.159263
18480	-229.5934	-341.9869	112.3935	0.7436909	2.650369	4.773489	1.604356
18486	-217.5914	-330.3351	112.7437	0.7710806	2.650369	4.773489	1.316794
18492	-225.4671	-338.4627	112.9956	0.3766064	4.645965	3.114358	1.297594
18498	-231.4083	-342.9046	111.4964	0.5527521	3.752646	9.428783	1.327604
18504	-229.1044	-341.6579	112.5535	0.8768088	5.028613	4.330885	0.646612
18510	-229.9784	-342.5598	112.5814	1.025434	2.926938	6.137017	0.7450087
18516	-223.9477	-336.2696	112.3219	1.084036	6.37632	3.383468	0.6747604
18522	-233.0997	-345.5133	112.4136	1.009431	6.37632	3.383468	0.6391095
18528	-225.0387	-337.9039	112.8651	0.9907044	4.70619	3.383468	0.6391095
18534	-223.1628	-336.064	112.9012	0.6969897	4.210753	3.383468	1.128716
18540	-221.341	-334.0849	112.7439	0.7455276	4.210753	3.383468	1.223329
18546	-225.9056	-339.1942	113.2886	1.284871	5.401184	1.533131	0.7212968
18552	-222.3982	-334.5214	112.1233	0.9074671	3.934167	5.419936	1.143612
18558	-224.5561	-337.9001	113.344	0.9428033	4.332123	2.374207	0.8413237
18564	-229.6566	-342.8792	113.2226	1.163629	3.900919	2.628189	0.7273395
18570	-225.7276	-338.8107	113.083	1.122836	4.455454	2.628189	0.7273395
18576	-226.7072	-339.7052	112.998	1.007786	4.956637	2.628189	0.8028918
18582	-220.8882	-332.8666	111.9784	1.11983	3.971677	6.040615	0.9130543
18588	-219.2355	-331.4176	112.1821	1.13876	3.971677	6.040615	0.5262894
18594	-221.0951	-334.075	112.9799	0.8818695	4.535345	2.708999	1.053611
18600	-226.3485	-339.2171	112.8686	0.9932071	4.535345	2.708999	1.053611
18606	-234.6993	-348.2952	113.5959	0.4748355	2.80235	2.708999	1.413155
18612	-233.2838	-346.5084	113.2246	1.046756	2.914591	2.708999	1.210751
18618	-231.3897	-343.5761	112.1864	1.137629	2.914591	5.821858	1.139837
18624	-227.9445	-340.2447	112.3002	0.8754004	3.801639	5.649038	0.9949149
18630	-229.1706	-342.1898	113.0192	1.311202	3.801639	2.911673	0.6587003
18636	-232.4063	-343.0777	110.6714	1.346645	4.182159	13.22347	0.6118814
18642	-225.2448	-338.434	113.1892	1.185543	4.182159	2.567465	0.6239945
18648	-244.303	-356.9406	112.6376	0.9626224	6.305193	2.567465	0.9114417
18654	-240.625	-352.2944	111.6694	0.7523253	4.305566	8.542612	0.96624
18660	-232.7553	-345.9561	113.2008	0.6570727	4.436581	1.896378	1.442577
18666	-239.3023	-350.474	111.1717	0.6589438	3.723422	7.324198	1.782519
18672	-243.5522	-355.1933	111.6411	0.3557017	3.723422	7.307335	1.66798
18678	-247.4029	-357.2611	109.8582	0.1849091	2.969993	18.09782	2.199834
18684	-244.482	-356.2719	111.7898	0.4161916	3.027278	3.172894	2.476876
18690	-234.9744	-346.9609	111.9865	0.370426	3.027278	6.113099	1.789466
18696	-236.2138	-347.9881	111.7743	0.2070859	2.691019	6.113099	2.141278
18702	-236.6543	-348.2572	111.6029	0.8206029	4.168537	4.188243	1.819593
18708	-234.4508	-346.2161	111.7653	0.9121032	2.529382	7.450757	1.511295
18714	-232.0708	-344.7291	112.6583	0.9994685	2.529382	5.526533	1.0648
18720	-235.5091	-347.6311	112.122	1.384705	2.916052	6.634588	0.730578
18726	-234.2761	-346.0717	111.7956	1.44783	2.916052	7.825952	0.7560327
18732	-241.4605	-354.7613	113.3008	1.44783	2.559637	3.176571	0.6075578
18738	-240.5669	-353.4634	112.8965	1.546457	3.261482	3.205073	0.4400422
18744	-239.2819	-351.5284	112.2465	1.530097	3.173718	5.39069	0.4550574
18750	-233.4846	-345.9665	112.4819	0.9830468	3.578175	5.39069	0.8379669
18756	-243.0022	-355.0405	112.0383	0.9973928	2.966766	7.526646	1.035783
18762	-242.857	-353.3494	110.4924	0.955903	2.966766	16.08379	1.357348
18768	-232.6492	-346.3665	113.7172	1.074677	4.542455	1.246438	1.016903
18774	-229.6135	-344.009	114.3955	0.8410814	4.39349	0.9904589	0.8397882
18780	-231.0504	-345.2416	114.1912	1.233822	3.340188	0.9904589	1.031305
18786	-221.4683	-334.9132	113.445	0.5282186	3.265214	1.974621	1.625604
18792	-222.8151	-334.9244	112.1093	0.6757064	3.888819	4.682463	1.518811
18798	-223.3505	-336.6775	113.327	0.5924437	3.888819	2.698837	1.194231
18804	-227.6049	-341.1557	113.5507	0.5927426	3.888819	2.698837	0.9868677
18810	-229.6836	-343.1353	113.4516	0.9496371	3.761886	2.698837	0.7280085
18816	-236.888	-349.6304	112.7424	0.8644476	5.502249	2.698837	1.042723
18822	-230.2828	-343.5555	113.2727	0.8316239	3.691668	2.698837	1.091511
18828	-234.0343	-346.8513	112.8169	1.028084	5.485343	2.698837	0.7819178
18834	-231.5072	-344.1432	112.636	0.9890893	6.221298	1.072512	1.717232
18840	-228.7894	-341.7591	112.9697	0.8473962	3.27639	3.701201	1.125219
18846	-232.1209	-344.8789	112.7579	1.080067	3.27639	4.769926	0.717346
18852	-231.73	-344.0542	112.3242	1.133907	4.458829	4.769926	0.6597348
18858	-227.3164	-340.1476	112.8312	0.8236473	4.826766	3.321678	0.9115605
18864	-228.2652	-339.6512	111.3859	0.7318985	5.576448	8.817797	0.8475471
18870	-238.4758	-349.446	110.9702	0.7726712	8.033331	8.817797	0.5445758
18876	-238.286	-351.4981	113.212	1.032172	5.190103	1.818785	0.9615194
18882	-230.8674	-343.3983	112.5309	0.8779982	5.190103	3.578806	0.9615194
18888	-233.6983	-345.972	112.2737	1.272032	4.848021	4.175009	0.6115777
18894	-239.7504	-352.7152	112.9648	1.027662	5.549273	2.448444	0.7161786
18900	-238.9275	-351.3988	112.4712	1.027662	3.863037	5.206838	0.7161786
18906	-235.8136	-348.6684	112.8547	0.5926036	2.460733	5.206838	1.346647
18912	-241.8263	-353.0826	111.2563	0.3600019	2.460733	5.206838	2.588986
18918	-238.6837	-350.5854	111.9017	0.6120389	2.460733	5.206838	2.01493
18924	-243.715	-353.8795	110.1645	0.6994894	3.31784	12.35132	1.987677
18930	-243.4173	-356.816	113.3987	0.876971	2.573132	2.233758	1.517715
18936	-242.2714	-355.9884	113.717	0.8842289	3.656264	2.233758	0.8256551
18942	-234.7183	-348.675	113.9566	1.378736	3.051191	1.654293	0.5154098
18948	-232.2552	-344.2413	111.9861	1.477197	3.450431	6.094464	0.3828037
18954	-232.5914	-345.1361	112.5447	1.328759	2.519381	6.094464	0.612625
18960	-233.7537	-345.3464	111.5927	1.473011	4.718549	6.094464	0.5664621
18966	-221.9338	-334.0528	112.119	0.9972054	7.272582	3.453328	0.7840589
18972	-233.5948	-346.3497	112.7548	1.049241	3.693845	3.453328	1.076815
18978	-225.3497	-337.7735	112.4238	0.8288104	3.693845	4.508365	1.246818
18984	-232.1316	-344.0758	111.9442	0.7071954	5.316973	4.508365	1.329665
18990	-224.7764	-337.6127	112.8362	1.016947	3.939524	3.150088	1.062041
18996	-226.7817	-340.3869	113.6052	1.079013	1.801138	4.005607	0.8833926
19002	-236.7535	-350.2068	113.4533	0.5213871	3.805403	3.397352	0.8833926
19008	-225.5596	-338.5203	112.9608	1.005645	2.01938	4.92305	1.178414
19014	-235.2104	-348.2154	113.0051	0.8014011	2.498009	4.595161	1.178414
19020	-241.0416	-352.6191	111.5775	0.8472974	2.498009	7.467658	1.703391
19026	-237.1158	-349.3864	112.2706	0.9817907	3.181127	4.390121	1.432174
19032	-230.6008	-343.8963	113.2955	1.265093	2.257574	3.587979	0.8890391
19038	-231.0696	-343.282	112.2123	0.9057117	4.502335	5.443193	0.8664666
19044	-249.5115	-362.4838	112.9723	1.190773	2.253923	5.308196	0.7045026
19050	-246.6525	-358.9105	112.258	1.171508	1.880278	10.40093	0.54461
19056	-232.718	-346.4265	113.7084	1.363491	3.724595	1.646199	0.5717566
19062	-229.3635	-343.0019	113.6384	1.174634	3.742637	1.913326	0.7430276
19068	-237.5627	-350.7646	113.2019	1.031442	3.908701	2.434419	1.017433
19074	-237.8794	-350.56	112.6806	1.154742	4.616793	3.570944	0.5705488
19080	-250.6515	-362.429	111.7775	1.2264	3.959789	6.731498	0.8432787
19086	-246.6666	-359.9186	113.252	0.7552735	3.959789	1.746078	1.518083
19092	-237.7978	-349.8721	112.0744	0.4941172	3.959789	6.095097	1.379953
19098	-231.8993	-343.8108	111.9115	0.6779356	3.34702	6.095097	1.533418
19104	-237.5123	-350.7128	113.2005	0.7072502	3.34702	2.21567	1.550313
19110	-236.5219	-349.7372	113.2153	0.6165221	3.34702	2.459672	1.512673
19116	-241.1725	-353.9502	112.7777	0.6525124	5.944862	2.459672	1.205348
19122	-236.3004	-349.3623	113.0619	0.574844	5.944862	2.211204	1.137699
19128	-239.9048	-351.273	111.3682	0.5592287	4.299919	6.136556	1.761922
19134	-229.6002	-340.7956	111.1954	0.7595939	4.69462	7.913856	1.374766
19140	-233.3674	-346.0566	112.6892	0.6480288	4.500993	4.694313	0.8535368
19146	-242.6668	-354.6848	112.018	0.5987568	4.500993	6.109693	1.195012
19152	-233.0246	-344.7401	111.7155	0.8848429	4.555032	6.109693	1.195012
19158	-242.8049	-354.637	111.832	0.7254859	5.186926	6.109693	1.071002
19164	-248.3541	-360.7867	112.4325	0.609039	2.910332	6.980322	1.156477
19170	-242.7961	-354.5242	111.7281	1.001759	4.417016	6.195611	1.099681
19176	-241.6861	-354.5707	112.8846	0.7613797	4.417016	3.203997	1.09016
19182	-231.6233	-345.4084	113.7851	0.8329754	2.843032	1.780718	1.36356
19188	-240.2593	-353.2051	112.9457	0.6314112	2.838669	4.769075	1.194598
19194	-230.2145	-342.9992	112.7846	0.3610649	3.904863	4.769075	1.208858
19200	-242.1889	-354.5477	112.3588	0.2284566	3.904863	6.554089	1.295248
19206	-236.3449	-349.1521	112.8072	0.07336275	3.904863	4.558117	1.470843
19212	-237.3435	-350.2082	112.8646	0.09973569	3.904863	4.558117	1.406601
19218	-237.0145	-350.2096	113.195	0.1264092	3.904863	3.619163	1.370984
19224	-228.654	-341.6342	112.9802	0.058465	3.418076	3.619163	1.711385
19230	-230.1923	-343.2086	113.0163	0.09822571	2.858512	3.619163	1.818777
19236	-226.507	-339.0606	112.5536	0.578191	2.564886	3.619163	1.899506
19242	-237.9346	-352.2339	114.2993	0.60874	1.249658	3.619163	1.18906
19248	-236.0477	-349.2904	113.2427	0.7067066	2.853918	3.335962	1.28017
19254	-232.8603	-345.6659	112.8056	0.8992384	6.059271	2.642482	0.8132566
19260	-235.7027	-348.3666	112.664	0.8992384	4.263076	1.814447	1.734972
19266	-226.0633	-338.5119	112.4486	0.7788326	5.165035	3.088078	1.303764
19272	-226.3122	-338.27	111.9578	1.427616	3.733978	5.932603	0.6661053
19278	-231.5892	-344.6777	113.0884	1.000783	3.430701	3.056466	1.048748
19284	-231.9083	-345.0522	113.1438	1.531931	4.266247	1.917529	0.6720309
19290	-231.5263	-344.6496	113.1233	1.115354	4.266247	2.599479	0.7866538
19296	-231.9195	-344.5642	112.6447	1.115354	3.746651	4.395272	0.7407295
19302	-234.9389	-348.3569	113.418	1.140501	3.746651	2.421504	0.69802
19308	-237.194	-350.9148	113.7209	0.738754	3.287017	2.421504	1.026006
19314	-232.721	-345.1587	112.4377	0.5898549	2.495447	5.141897	1.662034
19320	-239.8334	-351.9241	112.0906	1.124281	4.907023	4.699177	0.8548866
19326	-244.5268	-356.7776	112.2507	1.124831	4.246062	4.699177	0.9001548
19332	-236.3916	-350.3105	113.9189	1.070543	2.067376	2.575305	0.9956177
19338	-239.8247	-353.0186	113.1939	0.9075218	2.067376	3.602708	1.392904
19344	-243.8809	-357.3918	113.5109	1.036295	1.809879	3.602708	1.153008
19350	-238.4957	-351.9311	113.4354	0.1288774	3.72035	2.63608	1.544648
19356	-242.9168	-355.9309	113.0141	0.4077091	6.264754	2.63608	1.068472
19362	-233.4884	-346.7312	113.2428	0.501978	3.212807	2.617237	1.559844
19368	-228.3881	-340.6858	112.2977	0.5236932	2.521077	5.822652	1.673772
19374	-224.0405	-336.2481	112.2077	0.5732747	2.09214	5.822652	1.859132
19380	-230.6846	-342.7013	112.0167	0.4961658	2.09214	4.125278	2.351392
19386	-233.2813	-345.7119	112.4306	0.9642736	2.09214	4.944804	1.589991
19392	-233.1889	-345.1817	111.9928	0.4721032	1.767205	9.233765	1.735573
19398	-233.5443	-343.8939	110.3496	0.6261303	3.727067	9.233765	2.118916
19404	-230.2639	-341.7321	111.4682	0.3646735	1.869802	9.233765	2.118916
19410	-236.5185	-348.5654	112.0469	0.3550123	2.085224	9.233765	1.643591
19416	-228.6452	-341.3549	112.7098	0.9683755	2.085224	3.149349	1.821199
19422	-229.9514	-343.6027	113.6513	0.7402854	2.085224	3.291581	1.246219
19428	-222.8354	-336.0439	113.2085	1.048091	1.2005	5.700634	1.246219
19434	-239.7631	-353.6862	113.9231	1.176498	1.22212	3.911227	0.9310439
19440	-235.9961	-349.3137	113.3176	1.248002	1.149277	6.005605	0.9310439
19446	-235.1022	-348.0875	112.9853	1.009224	2.548802	3.879797	1.19336
19452	-238.0564	-349.6963	111.64	1.075178	2.354612	13.07656	0.7304211
19458	-236.7714	-348.5015	111.7301	1.048866	1.523612	15.09755	0.9770544
19464	-230.3061	-344.2332	113.9271	0.975174	1.752761	3.317183	0.9522647
19470	-228.9648	-341.0586	112.0937	0.737024	2.380555	6.74787	1.562068
19476	-228.0931	-340.6269	112.5337	1.219137	2.359302	6.74787	0.7173918
19482	-225.8346	-338.4307	112.5961	1.219137	2.359302	6.74787	0.5793348
19488	-228.4224	-341.2176	112.7952	1.232374	3.630537	3.842785	0.6642503
19494	-239.177	-352.9367	113.7597	1.203583	1.72354	3.842785	0.6191192
19500	-236.9988	-348.6475	111.6486	1.707688	2.862077	7.797293	0.4187317
19506	-230.6283	-343.8565	113.2282	1.265517	2.790748	3.593445	0.5597995
19512	-227.0723	-340.2022	113.1299	1.198078	3.085444	3.593445	0.6653398
19518	-228.1773	-340.1148	111.9375	1.163668	4.033107	5.774329	0.957683
19524	-224.2032	-336.3861	112.183	0.6212432	2.987375	4.421889	1.80815
19530	-229.109	-342.3172	113.2082	0.8915333	2.181052	4.368711	1.126005
19536	-229.8957	-343.0204	113.1246	0.9213677	3.88426	2.419987	1.202519
19542	-229.3848	-342.745	113.3602	0.9117135	3.879806	2.460608	0.9755669
19548	-228.1413	-342.0561	113.9148	1.076562	2.397306	2.408194	0.8921461
19554	-244.709	-356.3505	111.6415	1.140998	2.397306	8.690908	1.298649
19560	-231.4028	-343.9549	112.5522	0.972168	2.397306	4.674917	1.429265
19566	-230.6677	-343.5865	112.9188	0.9260156	1.829106	4.674917	1.429265
19572	-232.9803	-346.0632	113.0828	1.146918	2.43443	2.697313	1.429265
19578	-234.9783	-347.1316	112.1534	0.7746823	2.43443	6.6359	1.487728
19584	-239.8409	-353.6939	113.8531	1.113071	2.43443	2.182213	1.023593
19590	-253.7314	-365.5989	111.8675	0.9780834	2.500705	10.82935	0.866539
19596	-252.0107	-363.7615	111.7508	0.7599762	2.715042	10.82935	1.104126
19602	-239.2258	-351.1336	111.9077	1.070119	2.97148	8.240599	0.9537681
19608	-231.5808	-344.6732	113.0924	0.8124699	5.50112	1.98894	1.109594
19614	-232.2741	-345.1411	112.867	0.8500217	5.50112	1.98894	1.271734
19620	-226.6113	-339.1202	112.5089	0.9797625	3.011809	5.010015	1.146177
19626	-231.3538	-344.3279	112.9742	1.357038	2.95174	3.450772	0.8279721
19632	-218.7419	-331.7352	112.9933	1.357038	4.690182	2.290957	0.6391674
19638	-227.3106	-339.2859	111.9753	1.273443	2.763138	8.008414	0.7948268
19644	-237.3425	-349.8486	112.5062	1.120931	2.319579	7.625505	0.6499979
19650	-227.9283	-341.0348	113.1066	1.110887	2.787416	3.76899	0.9099988
19656	-226.3556	-338.585	112.2294	1.070682	2.787416	6.01405	1.169201
19662	-229.5587	-341.927	112.3683	1.025983	2.787416	5.551654	1.187386
19668	-232.8758	-344.3427	111.4669	0.9035399	2.787416	6.830713	1.739424
19674	-234.5206	-345.9123	111.3917	1.054601	3.632809	8.460606	1.172103
19680	-224.6305	-337.5583	112.9278	0.8826329	3.930475	3.727833	0.881903
19686	-221.3992	-334.1122	112.7129	0.3516095	3.377965	3.305749	1.787175
19692	-225.0649	-337.5291	112.4641	0.2878627	4.270153	3.305749	1.787175
19698	-224.7746	-335.9628	111.1882	0.484432	4.270153	7.164086	1.787175
19704	-237.4538	-351.1514	113.6976	0.9149845	3.258982	1.274281	1.516776
19710	-239.6253	-353.0378	113.4126	1.30829	1.835049	3.684102	0.9428393
19716	-249.1702	-361.5603	112.3901	0.9418842	2.411087	8.63859	0.7517673
19722	-234.3374	-347.0972	112.7598	1.443127	2.411087	4.66931	0.7922897
19728	-235.0522	-347.6217	112.5695	1.332627	2.411087	5.722179	0.8109182
19734	-240.6486	-352.1546	111.506	0.8583478	2.522208	8.337482	1.618635
19740	-234.4804	-347.192	112.7116	0.6272211	2.522208	3.527766	1.794878
19746	-227.7874	-340.6227	112.8353	0.9631265	2.522208	3.527766	1.462781
19752	-233.2184	-345.1214	111.903	0.8736457	2.908035	8.432068	1.139393
19758	-238.5838	-350.3876	111.8037	1.276292	2.908035	7.060139	1.10778
19764	-236.4463	-349.9146	113.4683	0.9816093	2.872967	3.013449	0.9331423
19770	-231.5096	-345.2385	113.7289	0.9489928	2.464991	3.013449	0.8917968
19776	-237.3426	-348.6899	111.3473	0.6532321	3.10592	14.28357	0.9977566
19782	-233.4119	-345.6446	112.2327	1.271604	2.405445	7.908303	0.6958839
19788	-229.1746	-342.3207	113.1461	0.8469548	3.878496	2.99993	1.007505
19794	-228.2	-341.3134	113.1133	1.428239	3.431736	2.67987	0.7111803
19800	-231.5722	-344.3477	112.7755	1.541152	2.835153	4.050173	0.5468865
19806	-234.3631	-347.1535	112.7905	1.586511	2.835153	3.88176	0.4787334
19812	-235.9565	-348.8225	112.866	1.586511	2.835153	3.518886	0.3512178
19818	-235.3097	-347.7297	112.42	1.663211	2.073533	6.295185	0.5087095
19824	-237.2846	-350.4832	113.1986	1.707569	2.686165	2.717049	0.5253852
19830	-243.0485	-356.129	113.0806	1.74495	2.686165	2.717049	0.3239907
19836	-248.37	-361.1316	112.7616	1.935682	2.071627	3.670836	0.2810247
19842	-240.0715	-352.8834	112.812	1.843267	2.071627	3.670836	0.2566029
19848	-241.3177	-353.3421	112.0244	1.997984	3.851939	3.072046	0.2188686
19854	-239.3302	-352.0493	112.7191	1.997984	2.900385	2.454883	0.2375327
19860	-234.0375	-346.0309	111.9934	1.997984	2.244757	4.721643	0.1730946
19866	-232.0659	-343.8209	111.755	2.01608	2.244757	6.883395	0.3200417
19872	-232.7064	-346.2024	113.496	1.971626	2.021312	1.934858	0.2494936
19878	-226.9646	-338.7639	111.7993	1.724096	6.178932	2.859644	0.2494936
19884	-226.0662	-338.0932	112.027	1.624036	6.178932	2.859644	0.339131
19890	-236.4186	-348.7859	112.3673	1.519508	5.429528	2.859644	0.4138337
19896	-225.8823	-339.8817	113.9994	1.457986	3.964353	1.056396	0.4186546
19902	-234.6463	-348.756	114.1097	1.484789	3.615964	1.056396	0.5126723
19908	-235.028	-348.7316	113.7035	1.351748	3.615964	1.733429	0.5610007
19914	-234.0218	-347.7021	113.6803	1.356715	3.615964	1.733429	0.6206794
19920	-244.5165	-356.9901	112.4736	1.393605	3.990763	4.055193	0.5586739
19926	-238.7844	-351.2703	112.4859	1.381298	3.990763	4.055193	0.5586739
19932	-232.4863	-343.1976	110.7112	1.461256	3.990763	12.63838	0.4518097
19938	-232.004	-342.8714	110.8675	1.837964	2.499946	12.63838	0.3313045
19944	-226.7325	-338.9593	112.2268	1.837964	2.95609	4.281227	0.287837
19950	-231.2662	-344.434	113.1678	1.916736	2.977524	1.623169	0.2042276
19956	-230.7065	-342.0474	111.341	1.916852	3.7007	6.264684	0.3038188
19962	-229.3962	-341.0899	111.6937	1.921534	2.8067	6.264684	0.3038188
19968	-235.1958	-347.6298	112.434	1.722473	3.833384	2.800754	0.2229621
19974	-235.4458	-346.9511	111.5053	1.80075	3.833384	5.674089	0.2713744
19980	-239.462	-352.1011	112.639	1.43696	3.833384	3.619538	0.5419448
19986	-237.7068	-351.432	113.7252	1.286551	1.782643	3.555975	0.6561812
19992	-228.3132	-341.3157	113.0025	0.8354959	3.905279	3.555975	0.9304164
19998	-226.781	-339.976	113.195	0.7177	2.030579	2.930721	1.743855
20004	-232.4446	-345.3196	112.875	0.7177	3.724368	1.350202	2.061704
20010	-233.3106	-346.0656	112.755	0.6826707	3.231368	3.840941	1.413171
20016	-244.5178	-357.4039	112.8861	0.9355788	6.067585	2.500288	0.7425732
20022	-226.9126	-339.5921	112.6795	1.004413	4.380312	3.46497	0.9649482
20028	-225.2183	-337.8648	112.6465	1.012262	4.461488	3.46497	0.9649482
20034	-227.0237	-339.5964	112.5727	0.7512595	4.247264	3.497538	1.314348
20040	-227.9065	-340.5646	112.6581	0.7670299	2.688702	3.497538	1.686711
20046	-233.6536	-346.2246	112.5709	0.9875044	3.341375	3.32807	1.432273
20052	-234.5615	-347.1801	112.6186	0.6057752	3.341375	3.32807	1.678691
20058	-242.703	-355.208	112.505	0.5964803	3.384329	3.696532	1.656052
20064	-234.5424	-347.1199	112.5776	0.4569636	1.86691	3.696532	2.196759
20070	-228.7387	-342.2831	113.5444	1.060338	1.709497	3.696532	1.129461
20076	-234.545	-347.2594	112.7144	1.017777	2.931739	2.479171	1.701702
20082	-225.5677	-338.1097	112.542	0.946786	2.502968	2.793139	1.904387
20088	-232.5392	-346.5128	113.9736	1.05892	2.540781	2.023304	0.9945604
20094	-233.3077	-347.2608	113.9532	1.02833	3.987276	1.398205	0.8734046
20100	-242.1507	-354.803	112.6522	2.048244	2.510156	2.656958	0.1991903
20106	-239.7171	-350.9986	111.2814	2.090575	4.660987	3.123373	0.1254615
20112	-246.6018	-357.1764	110.5747	2.090575	9.679133	2.364688	0.129587
20118	-240.014	-352.4983	112.4843	2.090575	5.851254	0.9075673	0.1495423
20124	-240.5976	-351.6614	111.0638	1.634341	3.1688	11.05072	0.5094791
20130	-231.0254	-343.5614	112.536	1.548253	3.1688	4.336541	0.5322294
20136	-228.8628	-341.5061	112.6433	1.589319	3.182094	3.849932	0.4353591
20142	-233.3862	-346.462	113.0759	1.871458	2.400383	2.675904	0.2949051
20148	-228.2414	-340.7625	112.5211	1.588653	2.400383	5.425231	0.4258136
20154	-238.2915	-352.1962	113.9047	1.764069	2.400383	1.590303	0.577437
20160	-239.1371	-352.2563	113.1191	1.646686	3.457313	2.317467	0.4195447
20166	-229.3521	-342.3414	112.9893	1.512977	4.212043	2.317467	0.4195447
20172	-226.9019	-339.5228	112.6209	1.512977	2.184234	5.825783	0.4992145
20178	-224.1007	-337.0438	112.9431	1.718734	2.184234	3.98208	0.468224
20184	-236.0136	-347.6386	111.625	1.718734	2.184234	9.820137	0.5457767
20190	-234.0213	-345.3948	111.3735	1.870622	2.325445	9.820137	0.3906013
20196	-238.6681	-348.7626	110.0945	1.873259	3.34674	14.50715	0.2395366
20202	-231.6931	-343.9682	112.2752	1.716398	3.274099	4.249134	0.3255512
20208	-230.5974	-342.16	111.5626	1.893287	4.083442	4.249134	0.1976495
20214	-233.6622	-346.3012	112.639	2.025834	5.57699	1.067516	0.1976495
20220	-235.0477	-346.8653	111.8177	1.991634	3.031908	4.36883	0.1976495
20226	-236.3967	-348.9098	112.5131	1.832203	3.031908	2.914808	0.1985055
20232	-238.1266	-351.5547	113.4281	1.78252	3.091474	1.656076	0.3027641
20238	-232.1631	-343.8279	111.6647	1.612561	3.091474	7.368062	0.324745
20244	-233.2182	-344.0625	110.8443	1.572621	2.942318	13.76833	0.6018162
20250	-230.5986	-343.813	113.2144	1.433258	2.392135	3.382483	0.7902408
20256	-226.4211	-340.3802	113.9591	1.273643	2.600253	1.628034	1.015455
20262	-231.7067	-346.166	114.4592	1.122437	1.629977	1.716017	1.148533
20268	-236.7606	-349.8656	113.1051	1.589616	1.629977	3.538873	1.148533
20274	-228.7386	-341.2016	112.463	1.197987	3.616367	4.868188	0.7479238
20280	-226.3191	-339.108	112.7889	1.293457	3.979463	3.15668	0.7936955
20286	-236.0429	-348.956	112.9131	1.291219	3.979463	3.15668	0.5418598
20292	-225.5063	-337.8134	112.3071	0.3712249	3.37453	4.20063	1.83494
20298	-223.8204	-336.3926	112.5722	0.6292122	2.258793	4.20063	1.821372
20304	-233.5422	-346.9037	113.3615	1.144259	2.619343	1.981095	1.43471
20310	-232.8907	-344.9029	112.0122	0.7995712	2.830903	6.020835	1.540782
20316	-231.7632	-344.4992	112.736	1.091461	2.830903	5.705146	0.6014765
20322	-228.8442	-342.8441	113.9998	1.076366	2.162238	2.151543	1.071443
20328	-232.8358	-344.3496	111.5139	1.586906	3.196073	8.484719	0.481114
20334	-235.0064	-347.5644	112.558	1.47474	3.18914	3.732604	0.938602
20340	-236.8961	-349.8719	112.9758	1.032609	4.262103	3.269727	0.6954193
20346	-233.7653	-347.2681	113.5027	0.9788908	2.809565	2.580867	1.119918
20352	-227.0087	-340.2719	113.2631	1.021503	4.152906	2.593325	0.7776902
20358	-234.3232	-347.1417	112.8185	0.7044087	6.681211	2.593325	0.8888518
20364	-239.3064	-351.9682	112.6618	0.8216798	2.698172	4.771804	1.324453
20370	-233.2053	-345.5551	112.3499	1.008644	2.698172	6.538454	1.041615
20376	-226.2025	-339.2221	113.0197	0.7966219	5.879356	1.963392	1.117196
20382	-230.8028	-343.1576	112.3548	0.4852476	5.879356	4.451276	1.057847
20388	-225.2411	-337.7419	112.5009	0.5368418	4.67038	4.451276	1.173788
20394	-226.1477	-338.1669	112.0192	0.5920012	3.688647	4.451276	1.745364
20400	-233.3424	-346.9358	113.5935	0.4767171	2.123891	2.99733	1.572566
20406	-238.6924	-350.9342	112.2418	0.5364594	3.785236	5.496521	1.379393
20412	-233.1608	-345.4685	112.3077	1.078325	2.643812	5.496521	1.262279
20418	-240.1503	-352.2615	112.1112	0.5792421	3.299559	5.799952	1.525443
20424	-240.4648	-352.6046	112.1397	0.4200147	2.485165	5.799952	1.872246
20430	-246.0897	-358.4337	112.3439	0.4821413	2.171232	5.397549	1.872246
20436	-243.3716	-354.609	111.2374	0.8329221	2.171232	12.3834	1.50894
20442	-248.4839	-359.6275	111.1437	0.620237	2.171232	14.16785	1.571783
20448	-234.9212	-348.1788	113.2577	0.8983712	3.104605	3.429802	0.9626496
20454	-236.1245	-349.0911	112.9667	0.7127644	3.053286	4.161534	1.187964
20460	-238.4427	-351.7167	113.274	1.104027	2.034796	2.498666	1.550952
20466	-234.7835	-348.0397	113.2562	0.8843443	2.034796	2.498666	1.721964
20472	-243.1085	-357.0151	113.9067	1.063289	2.034796	1.722659	1.436532
20478	-230.7991	-343.977	113.1778	0.9741695	2.034796	4.486686	1.120175
20484	-230.4102	-343.4798	113.0696	0.9590431	2.393313	4.176093	1.144313
20490	-233.325	-345.9681	112.6431	0.8573716	2.833196	4.176093	1.40731
20496	-227.123	-339.6558	112.5328	0.569273	3.936557	4.176093	1.384213
20502	-231.4071	-343.2529	111.8457	0.6856273	3.962221	4.176093	1.795167
20508	-241.2681	-354.3078	113.0396	0.4657933	3.920919	3.223971	1.34063
20514	-232.4162	-344.6323	112.2161	0.8558041	6.99644	3.675088	0.8108172
20520	-239.0994	-351.9842	112.8848	1.242861	4.954519	2.530861	0.6892615
20526	-233.1194	-346.0231	112.9037	1.148788	4.954519	2.530861	0.803667
20532	-238.4409	-351.5428	113.1019	0.938528	4.954519	2.530861	0.8193614
20538	-233.6162	-344.9696	111.3534	0.6836398	4.353161	10.43653	1.023588
20544	-239.0353	-352.0432	113.0079	1.058165	3.705445	3.482274	0.7717042
20550	-233.8881	-347.0764	113.1883	1.032015	3.705445	3.207724	0.6973468
20556	-239.7171	-352.5345	112.8174	1.10764	3.393479	4.101811	0.8234044
20562	-232.6229	-344.6978	112.0749	1.361214	5.412837	4.101811	0.5071279
20568	-228.5341	-340.4339	111.8998	1.170905	6.200083	4.597744	0.5886383
20574	-229.8313	-341.4186	111.5873	1.04971	7.454443	5.184878	0.5634993
20580	-231.4778	-343.889	112.4111	0.8382476	4.314413	5.401342	0.7881235
20586	-242.1026	-354.579	112.4764	0.9923907	4.91156	3.807347	0.8914188
20592	-240.2631	-352.8141	112.5509	0.742203	4.26886	3.807347	1.241758
20598	-238.6825	-351.4009	112.7184	0.5887311	5.119064	3.156771	1.224913
20604	-237.4985	-350.5875	113.089	0.9398439	3.128997	3.211844	1.154996
20610	-232.8786	-345.7193	112.8407	0.5764327	3.128997	4.072659	1.400218
20616	-234.1042	-345.2147	111.1105	0.7497471	3.128997	8.747773	1.731981
20622	-231.7518	-345.4358	113.684	1.139334	3.128997	2.269235	0.7752718
20628	-230.6942	-344.055	113.3608	1.12542	3.911637	2.269235	0.8333167
20634	-228.1202	-340.4846	112.3644	0.9423833	5.254093	3.88834	0.9345386
20640	-227.4067	-340.2524	112.8457	0.6911498	4.982456	3.492215	0.9206001
20646	-229.9242	-342.3546	112.4304	0.622884	4.571873	3.492215	1.449024
20652	-227.4399	-339.7625	112.3225	1.060375	3.94332	4.537757	1.045511
20658	-232.654	-345.1215	112.4675	0.915402	3.94332	4.537757	1.045511
20664	-232.1912	-344.3309	112.1397	0.6032959	4.977636	5.567009	1.077056
20670	-231.4902	-344.6791	113.1889	0.7215356	4.977636	2.199387	1.124702
20676	-244.4507	-357.814	113.3634	0.5204389	5.663553	2.360974	0.8825683
20682	-229.8452	-341.4557	111.6105	0.6709578	4.629281	6.616094	1.343675
20688	-232.395	-345.1398	112.7447	0.5757176	4.629281	3.553923	1.201725
20694	-239.447	-352.411	112.964	0.4599384	8.154973	1.664981	1.201725
20700	-241.2462	-352.6606	111.4144	0.5288195	4.045091	10.77413	1.155749
20706	-235.3789	-348.3209	112.942	0.568487	4.58415	2.710451	1.34277
20712	-232.7039	-345.1546	112.4507	0.6928144	4.58415	3.276389	1.440797
20718	-236.2884	-348.5289	112.2405	0.7538499	3.716777	3.276389	1.756491
20724	-235.5914	-347.3666	111.7752	0.6863266	2.324563	7.333328	1.758412
20730	-229.278	-341.6997	112.4217	0.6560912	2.131257	5.221313	1.746132
20736	-233.7565	-344.9188	111.1624	1.060249	4.446689	8.67205	1.094451
20742	-240.5664	-352.6813	112.1149	1.367297	2.272212	8.67205	0.5795843
20748	-235.2329	-346.9185	111.6856	1.261579	3.931204	7.792759	0.5795843
20754	-231.8656	-343.3769	111.5113	0.7905409	3.931204	9.381698	1.062937
20760	-235.0255	-348.7931	113.7675	0.4120429	3.530345	1.833959	1.460948
20766	-236.4489	-349.9576	113.5086	0.8995167	3.530345	1.833959	1.280905
20772	-238.7928	-352.3499	113.5571	0.9744022	3.258341	1.833959	1.265495
20778	-229.9649	-342.7401	112.7752	0.6213374	3.584092	2.872556	1.624666
20784	-226.7392	-339.2941	112.5549	0.6282375	4.248558	3.843306	1.326854
20790	-230.5778	-343.3832	112.8054	0.7336439	4.248558	3.843306	1.014881
20796	-233.7998	-346.5883	112.7885	0.7633593	6.929397	2.726406	0.6887831
20802	-237.3787	-349.3891	112.0104	0.5004648	5.359041	4.245623	1.493565
20808	-241.9024	-355.2722	113.3698	0.6029855	3.67565	3.178891	1.024743
20814	-234.213	-347.4962	113.2833	0.4053659	3.67565	3.178891	1.27678
20820	-225.0339	-337.8538	112.8199	0.7514255	3.367953	3.72842	1.295995
20826	-235.9591	-349.162	113.2029	1.377164	3.634113	2.566912	0.5725806
20832	-236.8025	-349.7047	112.9022	1.234613	3.377962	3.785825	0.6748706
20838	-231.9368	-343.9274	111.9906	1.444997	3.899969	5.484511	0.6748706
20844	-236.0421	-348.2312	112.1891	1.683566	3.544175	4.531631	0.5631006
20850	-229.8692	-341.7335	111.8643	1.156528	3.544175	7.657407	0.7611072
20856	-224.7264	-336.5365	111.8101	0.7426292	3.544175	6.506679	1.432559
20862	-230.8652	-343.6875	112.8223	0.4819392	3.544175	3.609508	1.485978
20868	-237.5867	-350.5116	112.925	0.6492466	2.576858	4.503172	1.361577
20874	-229.0516	-341.6422	112.5906	0.8667896	2.576858	4.503172	1.452221
20880	-236.2313	-349.1471	112.9158	0.9763063	3.316713	1.758404	1.763811
20886	-239.1007	-352.8456	113.7449	1.152427	3.316713	1.758404	0.9538279
20892	-238.1694	-351.1987	113.0294	1.362312	3.707619	2.920013	0.4322097
20898	-241.0445	-352.5398	111.4953	1.412792	2.323927	11.51689	0.7745538
20904	-239.6843	-352.153	112.4687	1.217247	2.323927	5.773726	1.076659
20910	-228.1568	-340.3493	112.1925	0.6743911	3.760938	5.773726	1.258126
20916	-228.6468	-340.9729	112.3261	0.669018	3.705749	5.773726	1.165706
20922	-232.0565	-344.5235	112.467	0.8603452	1.866849	5.773726	1.576084
20928	-242.4229	-355.6299	113.207	0.8671271	1.866849	3.544308	1.520909
20934	-241.2944	-353.2114	111.917	0.7789456	3.016908	5.723604	1.619931
20940	-245.6936	-357.732	112.0383	0.2269344	4.711934	4.287014	1.790818
20946	-239.5656	-351.8532	112.2876	0.1245825	4.065383	4.451883	1.793279
20952	-233.6322	-346.6641	113.0319	0.2147798	2.956897	4.451883	1.493075
20958	-234.892	-346.4597	111.5677	0.2196082	2.956897	4.960488	2.381096
20964	-235.1254	-348.2719	113.1464	0.1570399	2.956897	3.088091	1.801303
20970	-229.0832	-342.0169	112.9337	0.2371098	3.614028	3.088091	1.712234
20976	-232.6849	-345.8691	113.1843	0.6984352	2.777841	3.088091	1.438804
20982	-230.5153	-343.0912	112.5759	1.035884	3.510906	3.088091	1.415752
20988	-232.8606	-346.7362	113.8756	1.002821	3.147704	2.075269	0.8332235
20994	-231.1279	-343.1335	112.0056	1.315686	3.147704	7.165631	0.6857015
21000	-233.0739	-344.3659	111.292	1.621716	4.263125	7.165631	0.3446393
21006	-236.953	-349.7335	112.7805	1.537388	2.612053	4.340457	0.4284612
21012	-230.2925	-343.8648	113.5723	1.037769	3.633448	1.986368	0.9814534
21018	-234.7197	-347.7891	113.0694	1.007572	3.939128	1.986368	1.35565
21024	-233.1597	-344.7668	111.6071	0.8456646	3.108219	8.883146	1.275049
21030	-243.5236	-355.4935	111.9699	0.7518831	3.108219	8.343452	1.127032
21036	-247.053	-358.5594	111.5063	0.6005227	3.108219	8.979489	1.531153
21042	-247.5893	-361.3958	113.8065	0.6492855	1.286045	4.309618	1.34394
21048	-247.085	-360.8011	113.7161	1.094184	1.282423	4.309618	1.039973
21054	-235.5087	-348.8665	113.3579	0.6489641	3.102759	3.883885	0.9473285
21060	-238.5152	-352.4919	113.9767	0.6031227	5.678482	1.29837	0.8613202
21066	-240.3818	-352.8895	112.5078	0.942228	11.58853	1.29837	0.9109293
21072	-234.6287	-347.6745	113.0458	0.4236547	11.58853	1.29837	0.8890425
21078	-233.869	-347.0838	113.2148	0.8917867	6.179469	1.927832	0.7420507
21084	-236.9556	-349.2439	112.2883	1.224294	4.828597	4.294146	0.4017954
21090	-230.7193	-341.5298	110.8105	2.084448	3.17931	7.464752	0.1728667
21096	-233.6587	-345.0257	111.3669	1.335983	5.381992	6.856082	0.4222639
21102	-227.4044	-341.0786	113.6742	1.46942	4.794282	1.119809	0.435506
21108	-228.0663	-341.1223	113.056	0.831214	4.182309	3.176059	0.9364024
21114	-241.0971	-354.496	113.3989	0.6122461	4.182309	2.882255	0.9364024
21120	-243.6901	-357.923	114.2329	1.138526	3.622899	0.9779973	0.9914271
21126	-243.5308	-357.8339	114.3032	1.313255	3.622899	0.9779973	0.6814962
21132	-229.6256	-343.9239	114.2984	1.196194	3.622899	1.087955	0.7074115
21138	-232.598	-346.5407	113.9427	1.145408	4.85506	1.087955	0.7219716
21144	-230.7634	-343.5115	112.7482	0.6833946	2.958392	4.996243	1.218756
21150	-225.2445	-338.0557	112.8112	0.7304008	2.778567	4.996243	1.192462
21156	-232.406	-345.33	112.9241	0.4227878	3.003476	4.996243	1.273426
21162	-224.05	-335.8975	111.8476	0.841292	4.765258	4.996243	1.308413
21168	-234.1441	-347.1693	113.0252	0.3475829	6.172127	2.818821	1.056149
21174	-231.0187	-344.0324	113.0137	0.8979851	3.854224	2.818821	1.163983
21180	-231.6622	-345.0887	113.4265	0.9045624	3.854224	2.457255	0.924269
21186	-228.0908	-340.8905	112.7997	1.138195	3.205876	4.64829	0.6504481
21192	-225.2879	-337.5295	112.2416	0.6912756	5.904608	4.64829	0.8947896
21198	-224.6051	-336.5074	111.9023	1.175302	5.904608	4.64829	0.6988119
21204	-229.3968	-342.0513	112.6545	0.7162422	5.972127	2.715784	1.144677
21210	-225.0714	-338.6202	113.5488	0.5587417	3.140669	3.037162	1.144677
21216	-232.4373	-345.2201	112.7828	0.6318433	3.140669	3.037162	1.684216
21222	-233.801	-346.7968	112.9957	0.7537188	1.764309	5.096195	1.441739
21228	-226.1295	-339.7012	113.5717	0.6150871	1.752841	3.76036	1.431245
21234	-226.1688	-339.3173	113.1486	0.9205575	1.752841	4.753391	1.271475
21240	-227.3749	-340.7034	113.3285	1.096616	1.752841	4.753391	0.9452675
21246	-235.226	-348.3078	113.0817	1.066024	1.752841	3.801162	1.450097
21252	-238.7989	-351.9051	113.1063	1.301296	1.33929	4.601352	1.275106
21258	-233.772	-346.4694	112.6974	1.301296	2.110822	5.606752	0.920755
21264	-228.0802	-341.5375	113.4572	0.8932526	2.121818	3.037336	1.34718
21270	-242.1269	-356.0074	113.8805	0.9980725	2.412029	1.260876	1.607712
21276	-237.6901	-349.7515	112.0614	1.200554	2.412029	7.823935	1.00959
21282	-230.6948	-344.2073	113.5125	0.6750689	2.799257	2.921736	1.244181
21288	-230.5058	-342.1003	111.5945	0.7256281	2.799257	9.541456	1.398456
21294	-230.0241	-343.2418	113.2176	1.260676	2.799257	2.971254	0.956823
21300	-229.2685	-341.4186	112.1501	1.176093	3.279341	6.354947	0.8569601
21306	-236.2916	-349.3672	113.0756	1.176093	1.562041	6.354947	0.8167013
21312	-227.7641	-339.9943	112.2303	0.942444	2.411494	6.577883	1.316509
21318	-231.3413	-344.7865	113.4452	1.189935	2.320405	3.705707	0.6793346
21324	-244.1234	-356.5986	112.4752	1.231711	2.07661	5.700673	1.194633
21330	-245.7541	-359.408	113.6539	0.9404693	1.951322	3.880603	0.9278241
21336	-239.4758	-352.7047	113.2289	0.9743506	2.571337	3.880603	0.99005
21342	-236.6018	-348.9845	112.3827	0.9915066	2.571337	6.165175	1.160786
21348	-249.498	-363.2618	113.7638	0.7116896	2.571337	2.600045	1.213965
21354	-244.8893	-358.196	113.3066	0.451301	2.419471	3.310058	1.592726
21360	-237.826	-350.4078	112.5817	0.7319435	3.442698	3.310058	1.591329
21366	-242.848	-355.8379	112.9899	0.5239869	2.849816	5.056811	1.174183
21372	-244.4134	-357.0897	112.6763	0.9233769	2.661296	5.056811	1.174183
21378	-230.0104	-342.7952	112.7848	0.8942906	2.661296	3.895053	1.402413
21384	-228.8207	-341.0903	112.2696	0.5954438	4.453404	4.520643	1.353522
21390	-226.0489	-338.4588	112.4099	0.909447	4.857187	3.493546	1.164356
21396	-217.9884	-330.3746	112.3862	1.094551	4.857187	3.990234	0.8200024
21402	-231.8613	-343.3542	111.4929	1.574708	2.884696	9.066205	0.6983496
21408	-227.4724	-338.6694	111.1971	1.101746	4.629004	9.066205	0.8921268
21414	-227.9376	-339.7961	111.8584	0.5938542	2.678361	8.704615	1.449013
21420	-229.7942	-343.0263	113.2321	0.7857049	2.348327	4.310632	1.136069
21426	-241.7851	-353.9492	112.1642	0.8469167	2.348327	6.336338	1.5092
21432	-229.2123	-341.1038	111.8915	0.86605	2.348327	8.717529	1.335228
21438	-236.9983	-348.5177	111.5193	0.5310205	2.090822	9.163729	1.894827
21444	-240.9039	-352.6678	111.7639	0.4080054	1.992146	8.789278	1.894827
21450	-236.4425	-349.4605	113.0179	0.6183582	1.977351	3.141377	1.894827
21456	-243.945	-357.9207	113.9757	0.5165133	2.307972	2.950738	1.176676
21462	-234.8516	-347.7229	112.8713	0.4526811	2.307972	6.047314	1.336481
21468	-234.4289	-347.6886	113.2596	0.5606533	2.307972	4.401409	1.297522
21474	-236.9041	-350.4205	113.5164	1.131561	1.5185	2.503323	1.596167
21480	-238.1191	-351.6631	113.544	1.081758	1.5185	2.503323	1.612318
21486	-234.7866	-347.8237	113.0371	0.7976005	2.366756	2.503323	1.807602
21492	-232.5471	-345.416	112.8689	0.7292583	2.864595	2.503323	1.807602
21498	-235.6039	-349.3433	113.7394	0.8701155	2.864595	1.956006	1.275405
21504	-1182.259	-1289.567	107.3074	0.764555	21.94687	26.73796	0.8298189
21606	-7.81928e+08	-5773.487	-7.819222e+08	459.2507	589618.4	9.834632e+17	3.909608e+08
21702	-1.57734e+14	-1816.052	-1.57734e+14	220.1805	7.827052e+07	6.892946e+30	7.8867e+13
21708	-1.044003e+14	-8019.635	-1.044003e+14	484.3744	1.548904e+08	3.324819e+31	5.220015e+13
21804	-1.102558e+18	-6951.388	-1.102558e+18	130.0861	8.560131e+08	4.161947e+43	5.512791e+17
21906	-4.901253e+20	-5759.294	-4.901253e+20	384.5976	1.060263e+10	2.284719e+54	2.450626e+20
22002	-2.175665e+27	-11809.87	-2.175665e+27	190.4408	6.854786e+11	2.752168e+65	1.087833e+27
22008	-2.72533e+27	-12037.36	-2.72533e+27	313.4812	9.236666e+11	2.013681e+66	1.362665e+27
22104	-9.310441e+35	-8905.119	-9.310441e+35	192.924	2.706535e+13	2.299855e+74	4.65522e+35
