Iteration	Posterior	Likelihood	Prior	rate_log_sd	rate_loss	rate_neo	tree_length
0	-235.5673	-346.5255	110.9582	0.1346042	1.985331	12.64112	2.228896
6	-235.9297	-348.9906	113.0609	0.9329365	4.242188	2.658331	1.037291
12	-227.9619	-340.624	112.6621	0.9998941	3.075295	4.677308	1.050524
18	-226.9517	-339.2081	112.2565	0.5083816	4.658544	4.005091	1.50961
24	-230.8095	-341.2288	110.4193	0.7302886	3.20014	14.0659	1.676101
30	-230.5065	-343.0705	112.564	1.047455	3.773626	3.400899	1.239082
36	-236.8774	-350.0737	113.1963	0.9456507	2.766665	3.400899	1.127296
42	-245.7844	-358.5918	112.8074	0.4799245	4.749507	1.986617	1.750423
48	-246.6107	-358.7047	112.094	0.6834108	4.155992	4.881392	1.412646
54	-237.0302	-351.0594	114.0292	1.494414	4.038577	0.6058482	1.133558
60	-235.7464	-348.927	113.1806	1.307147	3.354663	3.025625	0.514774
66	-244.2663	-356.5392	112.273	1.35164	3.887361	4.873488	0.6369971
72	-229.4657	-341.7842	112.3185	0.7404269	3.02979	5.106292	1.467422
78	-230.5982	-344.1557	113.5575	0.8237698	3.02979	1.640717	1.553121
84	-237.145	-350.3292	113.1842	1.072248	7.392656	1.31092	0.7652606
90	-240.913	-353.5973	112.6843	0.7959204	4.027529	3.505849	1.242593
96	-232.6146	-344.0869	111.4724	0.6654781	4.027529	8.958248	1.242593
102	-255.6291	-368.3357	112.7066	0.6386144	3.186211	4.464971	1.339772
108	-248.1108	-360.7194	112.6086	1.018691	3.761218	4.464971	0.879721
114	-244.8685	-357.158	112.2895	0.8905656	5.53813	4.464971	0.7695906
120	-239.5629	-352.2462	112.6833	1.090583	3.488414	4.464971	0.8226081
126	-239.3018	-351.9944	112.6927	1.081258	3.488414	4.464971	0.8226081
132	-245.8034	-357.4264	111.623	0.8676464	4.034775	3.581442	1.9466
138	-233.6797	-346.5955	112.9158	0.8087836	2.927572	3.581442	1.360337
144	-242.2433	-353.7418	111.4984	1.243708	2.663262	11.13144	0.8442765
150	-233.047	-344.9225	111.8755	0.4904167	3.01972	6.863455	1.665856
156	-239.006	-351.086	112.08	0.858149	1.887358	6.863455	1.665856
162	-229.6661	-341.9388	112.2728	1.573661	3.13582	5.098247	0.3893637
168	-232.2931	-344.8305	112.5374	1.362406	3.487318	4.491731	0.4219301
174	-234.6669	-347.0329	112.366	1.608805	3.2279	4.354873	0.3240193
180	-228.0141	-340.5362	112.522	1.667314	3.662798	3.470285	0.4473858
186	-234.8073	-347.6768	112.8695	1.580273	1.988884	5.02324	0.4481099
192	-230.5404	-343.3397	112.7994	1.755442	1.988884	4.658718	0.4481099
198	-229.2099	-342.3043	113.0944	1.6981	3.80468	1.984137	0.3630491
204	-229.0198	-342.2603	113.2405	1.6981	3.469805	1.984137	0.4024986
210	-229.9632	-343.3701	113.4069	1.6981	3.011737	1.984137	0.3735714
216	-240.7762	-352.6295	111.8533	1.6981	2.985058	6.297837	0.3220856
222	-244.0385	-357.1199	113.0814	1.394387	3.008808	3.401267	0.5280703
228	-234.5331	-347.3799	112.8468	1.394387	2.886117	4.192113	0.5757674
234	-234.7629	-347.7214	112.9585	0.9318846	2.886117	4.845911	0.8406814
240	-243.6781	-356.6828	113.0047	0.9318846	3.906496	2.520464	1.246356
246	-245.9362	-358.7143	112.7781	0.8019138	3.906496	2.520464	1.525783
252	-232.7347	-345.8454	113.1106	0.7075651	2.423436	4.215142	1.298969
258	-240.6873	-351.6396	110.9524	1.212804	4.018842	9.64883	1.121151
264	-230.7348	-344.1727	113.4379	1.182333	3.767409	2.011095	0.90395
270	-228.972	-341.9774	113.0055	0.4696421	3.2327	2.585624	1.758004
276	-238.403	-350.4498	112.0468	0.598293	3.976325	4.685159	1.599212
282	-235.3643	-348.2712	112.9069	0.5877607	4.526157	1.59346	1.827837
288	-235.9656	-349.1863	113.2208	0.6237992	4.285719	1.59346	1.634382
294	-226.7523	-338.492	111.7397	0.7498118	4.285719	6.143418	1.348718
300	-225.5146	-337.7148	112.2001	1.006406	3.3367	6.143418	1.014657
306	-236.5176	-349.4835	112.9658	0.813485	4.298375	3.325441	0.9482783
312	-238.2883	-351.0428	112.7545	0.9930875	4.298375	3.325441	0.9812698
318	-236.3308	-349.5398	113.2089	0.7896657	2.928221	3.325441	1.215425
324	-233.883	-345.3415	111.4585	0.8007311	3.5936	9.308206	1.218378
330	-230.7966	-342.0321	111.2355	0.7172618	4.166244	9.308206	1.308207
336	-234.3213	-345.9063	111.5849	1.118913	1.981021	9.308206	1.455945
342	-230.9051	-344.0555	113.1504	1.269319	4.041978	2.622938	0.5238156
348	-230.9809	-343.3503	112.3694	0.9833405	5.14868	3.803994	0.947287
354	-232.3594	-345.7857	113.4263	1.053489	2.457707	4.000141	0.6448309
360	-235.2049	-347.9934	112.7885	0.7462416	3.218431	3.685484	1.384453
366	-239.546	-352.6422	113.0962	0.5634217	3.218431	2.995136	1.495417
372	-239.8683	-353.4122	113.5438	0.8638726	3.188975	2.09294	1.263276
378	-240.9673	-353.917	112.9497	0.8944101	3.247131	4.559942	0.8152605
384	-236.4808	-348.6431	112.1623	0.8944101	4.420713	4.648022	1.171237
390	-239.4009	-351.0499	111.649	0.6754978	4.280509	6.872553	1.350318
396	-236.7925	-348.8858	112.0933	0.8433344	3.207787	6.872553	1.159569
402	-241.8841	-353.3407	111.4566	1.194938	2.765456	11.31741	0.8647122
408	-234.0159	-345.7761	111.7602	1.27331	3.56542	7.801945	0.6813259
414	-229.9227	-342.8723	112.9495	1.27331	3.56542	3.078109	0.8428195
420	-227.7637	-341.1325	113.3688	1.334048	2.821969	2.672119	0.8428195
426	-230.5911	-345.3163	114.7252	1.582505	2.821969	0.5144123	0.9643281
432	-237.0967	-350.2233	113.1266	0.9512787	3.086013	2.327243	1.457117
438	-233.7971	-346.5028	112.7057	0.8473407	3.393881	3.687235	1.314621
444	-229.2429	-341.3297	112.0868	0.9669466	4.637161	5.554641	0.8601837
450	-231.1821	-344.2951	113.1131	0.9404304	4.637161	1.098838	1.69191
456	-227.1325	-340.0318	112.8992	0.6661017	3.938947	3.058055	1.342116
462	-236.4219	-348.9392	112.5173	0.3619676	3.096512	5.017525	1.598398
468	-239.0019	-352.0256	113.0237	0.5516623	4.404772	2.399514	1.45215
474	-238.1793	-351.3056	113.1264	0.7211953	4.093243	2.520674	1.267996
480	-236.109	-349.2906	113.1816	0.8721576	3.408777	3.568244	0.8855187
486	-232.9557	-345.8972	112.9415	1.236136	3.472965	3.568244	0.6774809
492	-223.9451	-336.6258	112.6807	1.241623	4.121537	3.568244	0.7248387
498	-228.4811	-342.437	113.9559	1.429714	4.121537	1.091698	0.5189568
504	-230.6313	-344.6698	114.0385	1.400425	4.234695	0.7469375	0.9732485
510	-236.3525	-349.7725	113.42	1.963386	5.22294	0.7469375	0.3645382
516	-237.4343	-352.1189	114.6846	1.963386	1.970956	0.7469375	0.6530281
522	-234.5875	-347.8545	113.267	0.9760337	3.853106	2.517136	0.9860532
528	-233.4912	-344.4108	110.9196	1.401096	2.344901	17.41907	0.5010907
534	-238.6325	-349.4985	110.866	1.275052	2.344901	17.41907	0.8623442
540	-232.3614	-344.0249	111.6635	1.073573	3.011249	9.165118	1.01479
546	-237.2665	-347.8015	110.535	0.9178993	3.011249	17.15648	1.249019
552	-243.6078	-357.0854	113.4776	1.772584	3.083423	1.723771	0.6220154
558	-246.1877	-357.9246	111.7369	1.119979	3.083423	10.04079	0.6297759
564	-243.3905	-354.6321	111.2416	1.184479	2.411229	13.56212	0.97474
570	-232.7464	-343.9457	111.1993	1.085217	2.93831	13.56212	0.8596621
576	-225.5883	-336.6873	111.099	1.125453	2.93831	13.56212	0.9278657
582	-228.3623	-341.5131	113.1507	1.149171	2.394687	3.789126	1.012612
588	-222.1936	-335.4087	113.2151	0.8392768	2.788779	3.789126	1.067538
594	-228.1994	-341.0187	112.8193	1.03532	3.312904	3.789126	1.048204
600	-227.8265	-340.3218	112.4952	1.038602	3.312904	3.789126	1.326242
606	-233.8457	-346.9013	113.0556	0.6631655	2.710772	2.560814	1.75251
612	-233.0014	-345.8519	112.8504	0.2424137	2.710772	2.560814	2.172996
618	-226.9128	-339.0498	112.1369	0.6235133	3.449199	2.569733	2.185889
624	-227.0092	-339.0142	112.005	0.8219113	2.598217	5.702144	1.664708
630	-226.0729	-338.5457	112.4728	0.6999166	2.598217	5.702144	1.408069
636	-222.6378	-335.252	112.6141	0.8546577	3.587741	4.950017	0.9650055
642	-224.5265	-336.5319	112.0054	1.030077	3.587741	6.558733	0.9951307
648	-237.3037	-348.1416	110.8379	1.020207	3.587741	15.10432	0.8458039
654	-241.8199	-355.1595	113.3396	1.026994	2.844448	3.366814	0.8805801
660	-238.069	-351.7518	113.6828	0.9701744	3.361593	2.296934	0.8565368
666	-243.4546	-356.348	112.8934	0.6080871	7.640047	2.296934	0.8534364
672	-241.1645	-354.0153	112.8508	0.2630798	3.893438	4.717537	1.251714
678	-230.1613	-342.8876	112.7263	0.7670295	3.679884	4.717537	0.9742857
684	-226.5284	-339.3173	112.789	0.7039353	3.223003	4.717537	1.139679
690	-226.6666	-338.7444	112.0778	0.7733558	3.880703	4.522674	1.507332
696	-225.8949	-338.9493	113.0544	0.8508965	2.977699	3.443035	1.2379
702	-230.4047	-340.7572	110.3526	1.039125	2.637033	19.631	1.24532
708	-229.7477	-341.0801	111.3324	1.040213	2.803661	11.71612	1.077819
714	-224.0569	-335.7263	111.6694	0.8722412	2.221686	11.71612	1.182652
720	-217.4207	-329.7321	112.3114	0.8722412	2.221686	5.366744	1.607601
726	-223.6743	-335.2721	111.5978	0.773063	2.221686	5.366744	2.162155
732	-239.8904	-351.5644	111.674	0.4215454	2.646537	2.777816	2.754496
738	-226.9575	-340.2273	113.2699	0.4305961	2.867414	2.777816	1.643645
744	-229.4294	-342.7307	113.3013	0.7461942	2.733106	2.777816	1.431049
750	-229.5948	-342.2566	112.6618	0.7010056	4.285873	2.777816	1.504172
756	-230.553	-343.7298	113.1768	0.932982	2.998604	2.777816	1.289129
762	-227.746	-341.0613	113.3153	0.9636424	2.890444	2.777816	1.186365
768	-235.2746	-346.8154	111.5408	1.01888	3.275077	7.730953	1.306025
774	-221.4891	-333.7916	112.3025	1.007358	3.275077	3.438217	1.605396
780	-228.8968	-341.7019	112.8052	0.6538426	2.423972	3.438217	1.768672
786	-224.514	-337.4393	112.9253	0.5827876	2.191186	3.634234	1.768672
792	-230.7859	-342.2294	111.4435	1.076225	2.191186	10.4204	1.368776
798	-224.0749	-337.2119	113.137	0.5073065	1.920242	5.462669	1.371299
804	-235.6043	-348.0651	112.4609	0.8326814	1.758073	5.462669	1.706965
810	-230.9962	-343.6716	112.6753	0.9113928	1.93051	5.820115	1.340068
816	-229.7237	-343.4616	113.7379	0.7205012	1.93051	2.575494	1.509298
822	-226.2363	-339.3239	113.0876	0.7787129	3.001527	2.536859	1.562987
828	-235.6547	-348.2889	112.6342	0.5206916	4.936688	3.659391	1.233503
834	-236.0297	-348.7151	112.6853	0.5344582	3.571102	3.659391	1.528155
840	-235.4478	-348.2046	112.7568	0.5311722	1.934292	4.932337	1.734889
846	-239.0786	-350.8445	111.7659	0.7451873	1.934292	4.932337	2.254266
852	-238.3706	-350.0457	111.6751	0.5855835	3.231741	4.932337	2.005634
858	-238.6446	-350.7626	112.118	0.8021172	3.231741	4.932337	1.545631
864	-242.0808	-354.4363	112.3555	0.43902	1.993159	5.493825	1.945176
870	-242.7149	-355.6512	112.9363	0.9585598	2.364985	3.871998	1.353267
876	-244.3588	-357.2146	112.8558	0.6180386	3.648235	3.420139	1.380827
882	-235.0035	-346.8031	111.7996	0.8320889	3.648235	5.767897	1.476771
888	-238.2166	-349.904	111.6874	0.8320889	5.699116	5.767897	1.058939
894	-235.3604	-347.0255	111.6651	0.6244055	4.372391	4.955293	1.705828
900	-242.3719	-354.7026	112.3307	0.6917486	3.940743	4.955293	1.25728
906	-233.0648	-346.454	113.3893	0.7363449	3.940743	2.240362	1.197763
912	-241.3317	-352.3028	110.9711	1.199675	3.109582	11.25903	1.197763
918	-237.3057	-349.7085	112.4028	1.35163	1.64312	8.156125	0.8983693
924	-238.9807	-353.2808	114.3001	1.421425	1.64312	2.244666	0.5381333
930	-230.6967	-343.9296	113.233	1.507099	2.831433	2.939362	0.4675013
936	-235.5432	-348.7748	113.2316	1.507099	2.831433	2.939362	0.4587627
942	-233.1792	-346.4814	113.3023	1.420912	2.831433	2.939362	0.6040994
948	-232.2129	-344.8773	112.6643	1.597479	3.467253	3.414817	0.3928604
954	-230.5449	-343.4233	112.8784	1.298908	3.224096	3.52635	0.8433316
960	-228.223	-340.5267	112.3037	1.093078	3.224096	5.53661	1.018687
966	-235.3061	-348.8136	113.5075	1.150956	3.861262	1.71935	1.018687
972	-234.8484	-347.0739	112.2255	0.6145992	4.486404	2.873588	1.803678
978	-233.1061	-346.7205	113.6144	0.383328	1.790636	2.873588	1.803678
984	-229.9035	-343.2515	113.348	0.302199	1.6133	4.101893	1.803678
990	-227.4887	-340.0835	112.5948	0.46926	3.951792	4.101893	1.428492
996	-229.1494	-341.7372	112.5878	0.5740404	3.951792	4.101893	1.352129
1002	-233.2876	-345.9925	112.705	1.507332	3.843598	3.255856	0.4689829
1008	-224.5177	-337.2787	112.761	1.507332	3.843847	3.098281	0.4331916
1014	-238.0496	-351.0582	113.0086	1.765722	3.869357	1.918524	0.3247148
1020	-252.094	-363.3792	111.2851	1.670171	2.045538	11.94018	0.8364161
1026	-233.9342	-346.7245	112.7903	1.102085	2.413497	5.275029	0.9548752
1032	-241.8808	-354.0299	112.149	1.662179	3.138986	5.26705	0.413943
1038	-236.6199	-348.9466	112.3267	1.344395	3.526397	4.966087	0.7405694
1044	-236.5322	-349.5747	113.0425	1.344395	2.136465	4.966087	0.5091635
1050	-235.0445	-347.983	112.9386	1.441819	2.136465	4.966087	0.5602297
1056	-242.8228	-355.9088	113.0861	1.135598	2.136465	4.948984	0.8510632
1062	-238.8187	-351.7499	112.9312	1.036192	3.359515	4.187537	0.7442283
1068	-235.7646	-349.1893	113.4248	0.7547446	3.147566	3.118094	1.044783
1074	-230.9821	-344.4545	113.4724	1.07085	2.555196	3.118094	0.9431781
1080	-236.9436	-349.8613	112.9177	1.300892	2.401549	4.896935	0.6698785
1086	-236.1573	-349.3486	113.1913	1.355372	2.565007	3.599088	0.6878151
1092	-238.5364	-350.8328	112.2964	0.8661422	3.205924	3.931913	1.603288
1098	-243.3583	-356.2494	112.8911	1.025011	2.573318	3.931913	1.234795
1104	-238.8674	-350.8476	111.9802	1.110917	2.573318	8.339346	1.003774
1110	-249.9231	-362.6369	112.7137	0.820551	3.05319	2.364825	1.843679
1116	-247.1669	-358.5661	111.3992	0.7616957	1.725991	11.75249	1.699135
1122	-226.5098	-339.361	112.8512	0.9435019	3.517776	4.246482	0.8677279
1128	-240.8955	-353.056	112.1605	1.155434	3.470847	6.816841	0.4388763
1134	-227.5016	-340.1821	112.6805	1.635319	3.470847	3.330778	0.4564373
1140	-232.8525	-346.5488	113.6963	1.459555	3.562535	1.623262	0.5075695
1146	-244.4046	-356.4577	112.0531	1.459555	3.562535	5.852277	0.4969794
1152	-234.6439	-348.1886	113.5448	1.192814	3.562535	2.138892	0.757496
1158	-243.2268	-356.4077	113.1809	0.9466552	4.212363	2.960515	0.7357829
1164	-238.8251	-350.7724	111.9473	0.420546	3.371241	4.194393	2.046351
1170	-234.0136	-346.4059	112.3924	0.6811333	3.371241	4.643391	1.452398
1176	-234.1724	-345.9404	111.768	1.02528	3.371241	7.180946	1.171487
1182	-229.5415	-342.0267	112.4851	0.9836366	7.217044	2.757858	0.7031745
1188	-237.3004	-350.6942	113.3938	1.113315	4.060043	2.433313	0.4926623
1194	-239.0136	-351.9601	112.9465	0.8164668	4.005524	3.449857	1.013633
1200	-242.59	-355.6166	113.0266	0.5116434	3.95496	2.595873	1.517478
1206	-244.5689	-358.8938	114.3248	0.2561088	2.244033	1.988301	1.517478
1212	-248.7462	-361.2541	112.5079	0.4875871	1.768791	3.59468	2.285641
1218	-244.7532	-356.9227	112.1694	0.4108838	2.509906	3.59468	2.285641
1224	-238.3968	-351.2424	112.8456	0.7061357	2.21315	3.59468	1.739889
1230	-233.7861	-347.4871	113.701	0.6347077	2.71462	1.533156	1.739889
1236	-234.9706	-348.8442	113.8736	0.7707575	2.71462	2.286537	1.145245
1242	-243.1017	-356.3592	113.2576	0.9431265	5.39409	1.816294	0.9515683
1248	-237.0714	-349.3305	112.2591	0.3853153	2.553374	7.147216	1.573118
1254	-242.6162	-353.8952	111.279	0.6646033	8.006635	7.147216	0.7959307
1260	-241.6258	-352.3877	110.7619	0.7363595	6.027437	10.26543	1.123447
1266	-235.9682	-349.0442	113.076	0.6019297	6.027437	2.257515	1.058696
1272	-238.3197	-351.5354	113.2157	0.6880728	3.407317	3.362928	1.114732
1278	-239.7812	-352.4016	112.6204	0.9056604	3.407317	3.362928	1.427147
1284	-233.7945	-347.1005	113.306	1.002087	3.407317	2.504484	1.08626
1290	-230.835	-343.3076	112.4726	1.007756	3.407317	4.985381	1.011804
1296	-232.0382	-345.0548	113.0165	0.7242781	2.528521	5.387076	1.020413
1302	-234.2556	-348.2469	113.9913	0.5362849	2.844349	1.949306	1.352004
1308	-235.9591	-347.9978	112.0387	0.7536582	4.060773	5.705201	1.248819
1314	-232.2446	-345.4639	113.2194	0.7757306	4.060773	2.342239	1.228741
1320	-227.2002	-339.5366	112.3364	0.6651932	3.328325	4.455411	1.561321
1326	-222.706	-335.0405	112.3345	0.6299255	3.328325	5.533647	1.358612
1332	-224.1628	-336.0768	111.914	0.4408253	3.328325	5.533647	1.805654
1338	-224.6022	-337.578	112.9758	0.342513	2.401893	3.932755	1.750343
1344	-227.3773	-339.8186	112.4413	0.3759204	2.401893	5.099733	1.849923
1350	-228.8538	-341.3818	112.528	0.6061672	2.401893	3.623909	1.951209
1356	-230.7951	-343.9832	113.1881	0.5791465	3.178237	2.085097	1.751188
1362	-230.8471	-344.2146	113.3674	0.7238697	2.511588	2.978746	1.410034
1368	-236.7691	-348.7922	112.0231	0.7238697	2.536033	7.305851	1.478698
1374	-237.8717	-349.8934	112.0217	0.7718894	2.536033	7.305851	1.443293
1380	-251.0935	-363.6162	112.5227	0.5142701	2.704463	3.806824	1.873602
1386	-239.8909	-352.5265	112.6356	0.6717299	3.578604	3.684095	1.453479
1392	-237.3082	-349.0339	111.7256	0.5794259	3.165591	7.305851	1.599057
1398	-236.1096	-348.7898	112.6802	0.7421325	1.742497	7.305851	1.298591
1404	-238.7964	-350.7654	111.969	1.22238	3.26047	7.466863	0.7249355
1410	-249.5705	-363.6272	114.0566	1.378688	4.134581	0.978583	0.6883493
1416	-240.8028	-353.275	112.4722	0.8280798	3.741933	5.629368	0.8897861
1422	-255.6649	-367.7478	112.0829	0.9874195	4.435993	5.629368	0.8897861
1428	-239.5473	-350.9228	111.3755	0.6897118	4.572946	10.64689	0.8897861
1434	-248.9498	-362.3621	113.4123	1.212324	2.845643	2.914801	0.789249
1440	-241.332	-354.1899	112.8579	0.78039	5.14109	1.887283	1.457963
1446	-243.5013	-355.5669	112.0656	0.3872771	3.063209	4.121157	2.0877
1452	-241.3427	-353.825	112.4823	0.7928885	3.063209	4.121157	1.516822
1458	-238.6889	-351.105	112.4161	0.5768211	3.371314	3.150086	1.881068
1464	-234.2456	-347.7752	113.5296	0.5602762	2.248868	2.416496	1.702631
1470	-242.7267	-354.5013	111.7746	0.5953129	1.701555	10.98382	1.639139
1476	-236.3822	-350.2561	113.8739	1.29158	2.75866	1.926128	0.7916414
1482	-237.209	-350.8675	113.6585	1.530774	2.75866	2.070494	0.59235
1488	-249.266	-362.9139	113.6479	1.577784	2.75866	1.953726	0.3619031
1494	-238.0203	-351.0128	112.9925	0.4674504	4.349227	3.915285	1.036627
1500	-221.8259	-334.6937	112.8678	1.115789	2.514399	3.915285	1.206702
1506	-221.7311	-335.4652	113.7341	1.115951	2.387196	2.473514	1.012101
1512	-225.4135	-338.3711	112.9576	0.7673572	2.938745	5.235776	0.8811204
1518	-227.8139	-339.3629	111.549	0.843827	2.938745	9.078917	1.353927
1524	-230.1017	-343.0322	112.9304	0.9487788	2.126586	5.098207	1.158332
1530	-231.6585	-343.9326	112.274	1.169316	2.763626	5.786411	1.100562
1536	-220.805	-333.0692	112.2642	1.169316	3.12002	5.786411	0.9604088
1542	-229.0291	-340.9225	111.8934	1.042736	3.12002	5.786411	1.396143
1548	-239.2563	-352.9508	113.6945	0.8530817	3.12002	1.99357	1.217732
1554	-235.513	-346.7309	111.2178	1.108609	3.103614	13.37553	0.7407989
1560	-232.2802	-343.2414	110.9612	0.8676548	2.552797	13.37553	1.447475
1566	-234.1834	-346.1806	111.9972	0.5113908	2.552797	8.734377	1.447475
1572	-232.5841	-344.0905	111.5064	0.6824876	2.552797	8.734377	1.682606
1578	-236.1041	-348.5742	112.4701	0.7588915	2.552797	4.101681	1.720754
1584	-238.5068	-351.2359	112.7291	0.8245974	2.636213	5.905101	1.024369
1590	-242.844	-356.5049	113.6609	0.6757862	3.403199	2.439567	1.091059
1596	-254.9269	-367.5395	112.6127	0.9989625	3.236751	5.867464	0.6137805
1602	-241.8784	-354.0322	112.1538	1.286514	3.221566	6.723367	0.5249676
1608	-249.0134	-361.7968	112.7834	0.9759677	5.318267	3.221019	0.6113355
1614	-245.6079	-357.9024	112.2945	1.803281	2.886419	4.688833	0.4955449
1620	-232.7579	-345.8871	113.1292	1.381706	3.179538	3.090391	0.4074035
1626	-223.7859	-336.7066	112.9208	1.550724	3.179538	3.090391	0.3472832
1632	-235.2237	-347.7125	112.4888	1.881757	3.00438	3.499469	0.3341195
1638	-248.494	-358.7779	110.2838	1.871603	5.174334	9.140296	0.2565322
1644	-245.9425	-357.927	111.9845	1.255946	5.399885	4.742284	0.4880991
1650	-237.8059	-350.1002	112.2943	1.582698	3.037068	5.132161	0.3874486
1656	-239.1344	-351.3729	112.2384	1.656422	2.94974	5.132161	0.3590375
1662	-235.1808	-348.0036	112.8228	1.380427	2.246883	5.374436	0.5819261
1668	-236.6912	-349.7234	113.0322	1.341249	2.246883	4.505151	0.7410015
1674	-238.8856	-352.1605	113.2749	1.133861	2.268028	3.11792	1.206095
1680	-232.2015	-345.5436	113.342	1.034139	2.16976	4.115641	0.9426219
1686	-235.5531	-347.8434	112.2903	0.7240702	2.61277	6.311122	1.411624
1692	-230.5914	-342.5696	111.9782	0.7248943	4.463892	6.311122	1.086178
1698	-221.8431	-334.2149	112.3718	0.6813759	4.463892	4.784265	1.127105
1704	-231.5111	-344.6605	113.1494	0.6813759	4.463892	1.963009	1.426086
1710	-226.7031	-338.7507	112.0476	0.410833	4.463892	4.998047	1.554797
1716	-220.4374	-332.9221	112.4847	0.5461464	2.892916	4.998047	1.554797
1722	-231.1164	-343.4034	112.287	0.7649994	2.892916	4.923232	1.554797
1728	-218.9928	-332.0165	113.0237	0.4185583	2.628794	3.435835	1.710967
1734	-224.5765	-337.1951	112.6186	0.6223317	2.968707	4.040588	1.591239
1740	-227.2372	-339.8883	112.6511	1.169862	2.535534	5.756041	0.8249606
1746	-230.0823	-342.5788	112.4965	1.018681	4.85004	3.464054	0.9938678
1752	-231.5887	-344.7525	113.1638	1.107769	2.904868	3.464054	0.915892
1758	-240.0167	-353.6169	113.6002	0.6856444	4.201606	1.940363	1.130584
1764	-248.7609	-361.7384	112.9775	0.8751625	4.556246	2.940349	0.9534568
1770	-241.1276	-354.1088	112.9812	0.5807494	4.556246	2.940349	1.223483
1776	-231.8012	-343.9347	112.1335	0.4381707	4.556246	2.940349	1.952246
1782	-246.313	-358.0417	111.7287	0.3922142	4.555935	2.524555	2.369984
1788	-238.0164	-351.4713	113.4549	0.9431951	2.70814	1.7084	1.611095
1794	-241.3485	-353.8271	112.4786	0.8944677	1.976099	2.141751	2.377384
1800	-233.9554	-346.6025	112.6472	0.971996	4.087611	4.464038	0.7450167
1806	-231.5063	-344.0286	112.5223	0.6342208	4.302661	4.464038	1.165072
1812	-232.1532	-345.5306	113.3774	0.4651691	5.12235	2.166834	1.165072
1818	-241.9844	-354.0415	112.0571	0.9214554	5.12235	4.111673	1.206867
1824	-234.7824	-348.6226	113.8402	0.9893772	2.280234	2.719929	0.9701229
1830	-245.67	-358.4945	112.8245	0.07469229	3.503275	3.3413	1.858668
1836	-236.8138	-349.4265	112.6127	0.02765415	3.503275	4.061516	1.858668
1842	-226.6712	-339.5774	112.9062	0.01991481	3.503275	3.438656	1.814406
1848	-231.5904	-343.4902	111.8999	0.0337148	2.981295	6.594383	2.014807
1854	-239.4879	-351.3034	111.8155	0.1762548	2.981295	6.594383	1.976014
1860	-240.7257	-352.3742	111.6484	0.4691113	2.821736	7.80435	1.76603
1866	-237.4453	-349.1295	111.6841	0.9446379	3.597857	7.80435	1.130818
1872	-234.2034	-346.9647	112.7613	0.1781414	4.141263	3.696864	1.578951
1878	-237.2903	-350.9201	113.6298	0.7390822	3.096782	2.996607	0.9251344
1884	-237.537	-350.6559	113.1189	0.7600393	3.855719	2.996607	1.123805
1890	-232.3676	-345.5022	113.1346	1.125675	3.855719	2.888909	0.7623825
1896	-228.9957	-342.1447	113.1491	1.191592	3.855719	2.888909	0.6137815
1902	-238.8871	-352.0202	113.1331	1.276217	3.263326	3.25492	0.6090406
1908	-239.101	-351.6279	112.5269	1.276217	5.03529	3.298001	0.6188422
1914	-243.2924	-355.8291	112.5367	1.642015	3.869476	3.298001	0.4326765
1920	-234.0226	-346.7736	112.751	1.071673	3.869476	4.327745	0.5458637
1926	-229.1533	-341.7065	112.5532	1.19856	3.869476	4.327745	0.7191479
1932	-223.952	-337.224	113.272	1.198771	3.261546	3.053989	0.6592802
1938	-235.561	-349.0333	113.4723	1.338919	3.58684	1.726706	0.958249
1944	-237.8425	-351.2145	113.372	0.9959449	1.745746	3.722296	1.302662
1950	-232.7934	-345.1238	112.3304	0.9637342	2.746561	7.303642	0.9168159
1956	-227.7358	-341.0985	113.3627	1.323038	2.762613	2.876383	0.7793778
1962	-234.9045	-346.5648	111.6603	1.357667	2.762613	9.03299	0.8536524
1968	-232.5732	-345.8055	113.2323	1.247954	2.762613	3.169344	0.8822053
1974	-227.0184	-336.8592	109.8407	1.067411	2.762613	20.25487	1.53541
1980	-230.951	-340.9716	110.0205	1.058399	2.762613	22.56341	1.253169
1986	-227.2491	-339.9463	112.6971	1.673964	2.762613	3.931612	0.6131462
1992	-224.7536	-337.1631	112.4095	1.280999	4.672891	3.931612	0.4352447
1998	-237.6035	-350.0825	112.4789	1.241087	4.575321	3.931612	0.4363144
2004	-234.2914	-346.7679	112.4765	1.237798	4.575321	3.931612	0.590393
2010	-233.613	-345.3667	111.7536	1.254628	3.615884	8.11416	0.5131492
2016	-226.5362	-339.493	112.9567	1.269485	2.363695	5.02162	0.6170461
2022	-220.5938	-333.2638	112.67	1.359802	2.927438	4.597181	0.7235685
2028	-232.982	-346.5357	113.5537	0.5420422	2.667305	3.549658	1.159119
2034	-227.2814	-339.3092	112.0278	0.7376579	3.114534	6.77029	1.352031
2040	-219.7718	-332.094	112.3222	1.160372	2.06152	6.482764	1.234099
2046	-223.3614	-336.589	113.2276	1.423274	4.558579	1.541342	0.9201244
2052	-232.3042	-345.8848	113.5807	1.110482	4.502028	1.541342	0.8944296
2058	-238.0401	-350.9428	112.9027	1.110431	3.628976	2.474254	1.283029
2064	-236.5491	-350.9622	114.4131	0.9003983	2.434434	1.249258	1.272695
2070	-229.6384	-344.2436	114.6052	1.082103	2.687603	0.8285075	1.202564
2076	-237.3292	-351.8058	114.4766	1.153692	3.528754	0.8285075	0.9259887
2082	-228.4434	-341.4976	113.0542	0.9839569	3.528754	3.744724	0.7666439
2088	-226.5488	-340.4595	113.9106	1.184456	3.528754	1.576785	0.7666439
2094	-231.5011	-344.4861	112.985	0.9130271	3.892141	2.909326	1.129167
2100	-233.7925	-346.9054	113.113	0.6184637	2.852526	2.909326	1.583723
2106	-232.6265	-345.9079	113.2814	0.5435658	2.824428	2.909326	1.52399
2112	-241.3836	-353.1064	111.7228	1.516809	2.725975	8.711871	0.3994203
2118	-235.2946	-347.413	112.1185	1.42426	3.946054	5.179179	0.5668866
2124	-232.9464	-345.2759	112.3296	1.368583	3.515125	5.154913	0.5852217
2130	-242.709	-356.4556	113.7465	0.6481331	2.632347	3.250974	1.00277
2136	-236.4623	-348.1657	111.7034	0.3980147	4.161145	8.050038	1.369386
2142	-239.2496	-351.5576	112.308	0.9942145	3.739498	5.42157	0.947508
2148	-241.8253	-354.2923	112.467	0.8972923	2.119136	6.910709	1.226727
2154	-236.2421	-350.9867	114.7446	0.7965996	1.463506	1.887285	1.192879
2160	-241.2015	-354.0239	112.8224	0.8440745	2.6597	3.099795	1.635825
2166	-238.3895	-351.4433	113.0538	0.6625982	2.036763	3.160388	1.810854
2172	-236.8596	-350.2365	113.3769	0.8336709	2.865058	2.2477	1.459975
2178	-230.2899	-342.8552	112.5653	0.5665792	2.865058	4.991558	1.490046
2184	-236.0289	-348.2519	112.2229	0.3245838	2.865058	7.464431	1.490046
2190	-238.3152	-350.1348	111.8196	0.6360643	2.865058	5.372375	1.897054
2196	-230.7254	-343.465	112.7396	0.4749029	1.989957	5.372375	1.678201
2202	-231.7723	-343.854	112.0817	0.2260795	3.3222	5.664376	1.816711
2208	-233.978	-346.0016	112.0236	0.2394102	3.642967	5.664376	1.763863
2214	-240.0038	-352.8523	112.8485	0.5679526	1.708425	1.814008	2.577006
2220	-241.6974	-353.607	111.9096	0.4261918	1.631772	9.179901	1.893297
2226	-235.7878	-348.8254	113.0376	0.6817108	1.796726	3.215868	1.893297
2232	-234.2423	-346.6737	112.4315	1.128908	3.992168	3.484053	1.191613
2238	-236.7044	-349.8356	113.1312	0.9166559	2.33015	3.484053	1.357177
2244	-232.6336	-345.7842	113.1506	1.291193	3.313638	3.146069	0.5826784
2250	-235.136	-348.0215	112.8855	0.7559513	3.096271	3.485204	1.397563
2256	-231.567	-344.3128	112.7458	0.6562085	3.897961	3.485204	1.348394
2262	-243.184	-356.15	112.966	0.0498188	2.047245	4.558698	1.951202
2268	-238.6303	-351.0641	112.4338	0.06581559	3.575875	3.445343	2.081596
2274	-239.4566	-352.7814	113.3247	0.03210012	2.502711	3.445343	1.810497
2280	-237.8982	-349.1955	111.2973	0.03809466	2.502711	7.292651	2.44558
2286	-230.9675	-342.5394	111.5718	0.1072264	2.502711	5.769792	2.44558
2292	-227.001	-338.8231	111.8221	0.2725741	2.74864	5.126455	2.214019
2298	-226.879	-339.7054	112.8264	0.06321641	2.453537	3.155189	2.214019
2304	-233.9375	-345.5447	111.6072	0.06762475	2.319466	8.094777	2.187743
2310	-234.0488	-346.5908	112.542	0.08038961	3.520696	3.893523	1.905175
2316	-232.4084	-345.4438	113.0353	0.5849	4.141742	3.893523	0.9497283
2322	-227.6504	-341.0404	113.39	0.6512283	2.31145	3.155149	1.469565
2328	-236.6279	-348.3598	111.7319	0.5386163	2.732273	4.748378	2.174401
2334	-235.8616	-348.2879	112.4263	0.3583087	2.732273	4.748378	1.831554
2340	-243.4926	-356.632	113.1393	0.7567097	2.72044	5.346007	0.7466399
2346	-239.8584	-352.9921	113.1337	0.8750034	2.72044	4.356437	0.9571069
2352	-226.3607	-339.2503	112.8895	0.8836526	3.380958	4.356437	0.9117888
2358	-229.38	-343.1988	113.8188	0.4797403	3.381429	2.004602	1.331594
2364	-231.8354	-344.4377	112.6022	0.6703454	3.494757	4.385398	1.321412
2370	-236.4483	-349.5646	113.1163	0.5529976	3.494757	3.464072	1.255472
2376	-238.5335	-351.9877	113.4542	0.6039423	3.494757	2.360666	1.333178
2382	-243.1704	-356.8475	113.6771	0.249335	4.537348	2.429373	1.117873
2388	-248.2914	-360.8122	112.5208	0.5659083	7.491744	2.849444	1.042617
2394	-243.5537	-356.2698	112.716	0.5383052	5.648436	2.849444	1.261345
2400	-244.4544	-357.7496	113.2952	0.3022785	5.27278	2.849444	1.044413
2406	-238.1531	-351.1774	113.0243	0.7478905	2.649895	2.849444	1.640148
2412	-230.1153	-342.8937	112.7783	0.006525314	1.957172	5.622637	1.94373
2418	-235.2274	-347.6531	112.4257	0.03860424	2.555723	5.622637	1.94373
2424	-234.1108	-346.6322	112.5214	0.01639394	2.910963	5.622637	1.782213
2430	-237.6814	-349.935	112.2537	0.06248803	2.860522	5.552146	1.960898
2436	-231.2198	-343.9328	112.713	0.1812249	2.860522	3.647732	1.960898
2442	-236.3781	-349.1701	112.792	0.2230556	4.628412	3.647732	1.421264
2448	-238.2897	-350.3636	112.0739	0.8798451	2.140728	7.473693	1.451728
2454	-234.0246	-347.4343	113.4097	0.3063933	3.451807	2.506236	1.55162
2460	-231.493	-345.094	113.601	1.067013	2.480878	2.41169	1.165718
2466	-235.1693	-349.1624	113.9931	1.275026	2.501166	2.167092	0.5453696
2472	-235.1375	-348.9091	113.7716	1.247033	2.814438	2.167092	0.7676442
2478	-233.7787	-347.7546	113.9759	0.797041	3.882587	1.076919	1.350739
2484	-227.095	-340.4229	113.3279	0.9736913	3.882587	1.988852	1.185099
2490	-228.0157	-341.7644	113.7487	1.202086	2.687895	1.988852	1.026401
2496	-231.3075	-345.1961	113.8885	0.9318988	3.385359	1.988852	0.850214
2502	-228.0378	-341.649	113.6112	0.9318988	3.69315	1.988852	1.025191
2508	-237.3496	-350.4288	113.0792	0.5004258	3.69315	3.548282	1.243173
2514	-239.0238	-351.9812	112.9574	0.9765605	3.586043	3.548282	0.9521219
2520	-227.0446	-339.8339	112.7893	1.035929	4.278025	3.548282	0.8029696
2526	-232.6767	-346.0921	113.4154	0.9300587	2.63102	3.384996	1.000084
2532	-222.9899	-335.9346	112.9447	0.9792331	4.82509	2.929849	0.779808
2538	-228.0823	-340.3841	112.3018	0.7828281	4.066641	4.458668	1.291744
2544	-231.5697	-344.8609	113.2912	0.4639951	3.128995	1.972792	1.818775
2550	-230.6476	-343.9857	113.3381	0.2011725	4.602025	2.113944	1.548305
2556	-234.1534	-346.9332	112.7799	0.199646	4.611212	3.308942	1.548305
2562	-253.0761	-365.3853	112.3092	0.09858265	4.645622	4.795545	1.593904
2568	-246.2403	-358.736	112.4957	0.2252293	4.645622	4.795545	1.356818
2574	-232.0278	-344.7234	112.6957	0.5418766	4.645622	1.854279	1.861495
2580	-234.1573	-347.5931	113.4359	0.7069503	4.645622	1.854279	1.181593
2586	-234.249	-346.5894	112.3404	0.8129264	5.949295	3.338738	1.108257
2592	-233.1542	-346.0766	112.9224	0.5387229	3.609163	3.338738	1.426152
2598	-236.4597	-348.7943	112.3346	0.5297092	3.23454	4.468595	1.684463
2604	-234.9374	-347.2905	112.353	0.6201185	3.459501	4.33678	1.572322
2610	-233.4825	-345.8974	112.4149	0.284236	3.459501	4.33678	1.767968
2616	-238.7825	-351.8568	113.0743	0.4599153	3.713633	2.354488	1.668966
2622	-236.6654	-349.9387	113.2733	0.784671	3.115428	2.763841	1.296692
2628	-241.4452	-354.2431	112.798	0.8442473	3.701621	3.809062	1.10399
2634	-230.6031	-342.8157	112.2126	0.7500795	3.687738	3.809062	1.645962
2640	-235.5649	-347.3152	111.7503	0.7415327	3.519806	7.066037	1.392396
2646	-235.3126	-347.3658	112.0532	0.5955422	3.519806	6.352974	1.392396
2652	-231.741	-344.6498	112.9087	0.8982109	3.519806	3.013319	1.282903
2658	-234.916	-348.1417	113.2257	0.7431057	3.53319	3.013319	1.140759
2664	-234.8241	-347.1477	112.3236	0.6044633	3.53319	4.362762	1.579116
2670	-246.8451	-359.7176	112.8725	0.4804815	5.179627	3.648156	0.9956262
2676	-243.7892	-357.4375	113.6483	0.9731781	5.887063	1.124164	0.9264288
2682	-237.8145	-350.5377	112.7232	0.8737802	2.737996	5.154912	1.121166
2688	-236.4218	-348.3544	111.9326	0.6318624	2.737996	7.539403	1.508866
2694	-231.7818	-344.6396	112.8578	0.4215638	3.341343	3.381952	1.624227
2700	-231.1556	-343.2615	112.1059	0.4252828	3.585886	3.381952	2.074339
2706	-219.02	-332.04	113.02	0.1986707	3.585886	2.621519	1.830045
2712	-227.3992	-340.2484	112.8492	0.3694518	3.585886	2.621519	1.830045
2718	-238.4177	-350.4713	112.0536	0.7511013	2.596694	7.004522	1.460479
2724	-231.6901	-343.2098	111.5196	0.4850935	3.522774	7.004522	1.758647
2730	-227.656	-339.3095	111.6535	0.7817099	3.84147	8.823721	1.055998
2736	-230.631	-344.4326	113.8016	0.5877999	4.022677	2.170158	0.9609842
2742	-240.2523	-351.5191	111.2668	0.6016621	2.723206	12.65734	1.425033
2748	-235.0036	-347.6274	112.6237	1.078175	4.882144	3.181809	0.9034702
2754	-235.6637	-348.3479	112.6842	0.7461526	3.8595	3.181809	1.429222
2760	-232.0724	-344.0574	111.985	0.483626	3.8595	3.181809	2.103244
2766	-234.2232	-347.3696	113.1463	0.5547839	3.313515	3.181809	1.375094
2772	-230.0773	-343.001	112.9237	0.7773931	3.313515	3.181809	1.375094
2778	-230.0758	-342.5443	112.4685	0.9078493	3.758752	4.577456	1.100424
2784	-235.6242	-348.3069	112.6827	1.092658	3.435376	4.577456	0.802261
2790	-230.0569	-342.4368	112.3799	1.835485	1.479719	6.376424	0.2311106
2796	-229.3752	-341.1699	111.7947	1.946704	2.521787	6.411098	0.3265824
2802	-237.5212	-348.7248	111.2036	1.946704	3.525383	6.411098	0.2270111
2808	-241.3337	-353.9185	112.5848	1.885985	2.82662	3.060983	0.236368
2814	-237.603	-350.4129	112.81	1.816944	2.82662	3.060983	0.3398024
2820	-234.3354	-346.7352	112.3998	1.950713	3.13745	3.060983	0.2421227
2826	-234.0858	-346.557	112.4713	1.879143	3.13745	3.060983	0.242063
2832	-229.9202	-340.4681	110.5479	1.879143	3.62563	9.545378	0.1964023
2838	-233.6047	-347.5313	113.9266	1.859812	1.91031	1.814369	0.416259
2844	-248.0392	-361.5705	113.5313	1.536511	3.070889	2.016655	0.6371485
2850	-240.1892	-353.4286	113.2394	1.310444	4.534168	2.016655	0.6371485
2856	-237.4497	-349.877	112.4274	1.779802	3.03375	4.131727	0.4808441
2862	-242.9677	-355.9315	112.9638	1.76634	1.763323	4.534048	0.4424021
2868	-245.6087	-356.4938	110.8852	2.004211	2.125701	13.10732	0.3934165
2874	-237.1711	-349.8004	112.6292	0.9545542	3.23679	4.302996	1.166305
2880	-244.6272	-357.5902	112.963	0.8506077	3.754025	3.462119	1.044344
2886	-238.2773	-351.1892	112.9119	0.1123142	3.126608	3.462119	1.842454
2892	-241.9746	-354.7628	112.7882	0.297573	4.041118	3.462119	1.559296
2898	-229.1374	-341.8717	112.7343	0.3285042	4.041118	3.462119	1.576201
2904	-235.6878	-347.4973	111.8095	0.5107117	6.859832	5.042806	1.167831
2910	-226.7641	-338.0769	111.3128	0.7612395	6.087661	5.70149	1.371778
2916	-236.8258	-350.6293	113.8035	0.7276648	2.553253	1.231048	1.8216
2922	-240.2363	-353.6155	113.3792	0.8352941	3.279115	1.231048	1.8216
2928	-240.4825	-354.2388	113.7563	0.7549722	2.103807	3.374099	1.104797
2934	-235.8326	-347.7101	111.8775	0.6782523	3.652391	8.236392	1.104797
2940	-231.8512	-345.0124	113.1611	0.852379	3.652391	3.046163	1.046448
2946	-239.1875	-351.8445	112.6569	0.9355688	3.275945	4.190519	1.176589
2952	-231.2796	-343.3124	112.0327	0.6693985	3.618276	4.190519	1.757289
2958	-231.5259	-343.918	112.3921	0.5348613	3.040186	4.190519	1.758328
2964	-234.5597	-346.076	111.5164	0.6239144	4.083379	7.512839	1.440141
2970	-230.2795	-341.8548	111.5753	0.989092	4.538777	8.699505	0.6343036
2976	-224.9886	-339.2553	114.2667	1.567836	2.681939	0.9378078	0.9550524
2982	-224.0091	-337.7457	113.7366	1.452859	3.547539	1.327137	0.8777889
2988	-231.338	-345.9451	114.6071	1.064623	3.526714	0.4195448	1.411814
2994	-227.7043	-342.3544	114.65	1.545348	2.474332	0.4142466	1.362277
3000	-226.1673	-341.0031	114.8358	1.476451	2.474332	0.4142466	1.26796
3006	-230.6717	-345.6044	114.9327	1.736666	2.474332	0.4316792	0.904149
3012	-228.3513	-342.0713	113.72	1.736666	3.021947	1.367194	0.3072056
3018	-229.3429	-342.4834	113.1405	1.610495	4.615932	1.443483	0.2540765
3024	-235.628	-347.113	111.485	1.702788	4.431279	5.619681	0.3170546
3030	-238.7361	-352.1256	113.3894	1.81342	2.885693	1.937257	0.4002448
3036	-241.7634	-355.2705	113.5071	1.48556	3.35679	1.937257	0.653035
3042	-237.7139	-350.6641	112.9502	1.48699	3.623433	2.801608	0.3615914
3048	-234.7823	-346.3172	111.5349	1.448082	5.418599	5.64996	0.5553572
3054	-235.179	-348.3382	113.1593	1.330244	2.754597	3.645204	0.5673326
3060	-232.9748	-346.1294	113.1546	1.213137	2.754597	3.993488	0.5673326
3066	-238.0261	-349.6314	111.6053	1.753508	2.435489	8.531996	0.3298496
3072	-224.3646	-337.3742	113.0096	1.360555	2.435489	4.177459	0.754334
3078	-221.3301	-333.6348	112.3047	1.654735	2.326016	6.225943	0.5363512
3084	-222.4321	-334.6756	112.2436	1.668237	2.959837	5.061431	0.3613303
3090	-227.374	-340.7406	113.3666	1.374302	2.959837	2.801775	0.4480212
3096	-227.1437	-340.0746	112.9309	1.795699	2.43895	3.323312	0.3670782
3102	-227.8309	-341.6538	113.8229	1.398155	1.616831	3.323312	0.6333666
3108	-229.1906	-343.036	113.8454	1.317716	2.570625	2.269473	0.6062578
3114	-228.1051	-341.1866	113.0815	1.317716	3.154755	3.177272	0.7665666
3120	-230.9509	-344.3902	113.4393	1.179338	3.154755	2.744648	0.7150587
3126	-227.633	-341.8814	114.2484	1.179338	3.425844	1.084162	0.8994508
3132	-233.109	-345.8252	112.7162	1.020177	3.897727	2.89878	1.27013
3138	-226.648	-338.7207	112.0727	0.9052901	3.897727	6.185829	1.027669
3144	-235.5613	-347.737	112.1757	1.072646	3.897727	6.185829	0.7017449
3150	-236.8664	-348.6978	111.8314	0.7326608	3.897727	6.185829	1.3832
3156	-230.4743	-341.8884	111.4141	0.2581442	3.796632	6.031779	2.065435
3162	-231.8604	-343.2911	111.4307	0.4329045	2.729797	7.077806	2.065435
3168	-237.9339	-349.86	111.9261	0.1952661	2.729797	7.25128	1.868375
3174	-238.6426	-351.5184	112.8757	0.06519297	2.729797	3.811603	1.929713
3180	-235.4233	-348.4364	113.0131	1.292562	4.102863	2.828141	0.5203773
3186	-238.6148	-352.0777	113.4629	1.378978	1.565365	4.509298	0.64899
3192	-236.7588	-349.5622	112.8035	0.664426	2.684754	3.736548	1.594454
3198	-233.7509	-345.6036	111.8526	0.8725427	2.684754	9.398045	1.125207
3204	-237.4828	-350.3929	112.9102	0.4881033	3.949984	1.747485	1.948624
3210	-234.5234	-347.6956	113.1722	1.019541	4.760299	2.398127	0.7799212
3216	-233.0057	-345.8137	112.8079	0.9720843	6.113288	2.510741	0.7799212
3222	-236.3512	-348.3512	112	0.9757638	6.113288	4.988118	0.5952751
3228	-236.6957	-349.1658	112.4701	1.245654	7.119019	2.389124	0.5952751
3234	-225.3602	-338.2625	112.9023	0.8909938	6.061247	2.389124	0.8570334
3240	-230.9465	-344.1174	113.1709	0.5309917	6.061247	2.354366	0.9772312
3246	-233.0927	-346.834	113.7413	0.7028444	3.536143	2.354366	0.9803999
3252	-223.0604	-336.0755	113.0151	0.8960764	3.626211	2.354366	1.413104
3258	-230.7859	-342.3743	111.5885	1.043317	2.551455	11.10376	1.025032
3264	-230.8002	-342.9709	112.1707	0.9615812	3.310498	4.534398	1.450652
3270	-229.7785	-343.2679	113.4893	0.9449404	4.15978	1.710957	1.139384
3276	-228.3927	-340.8261	112.4334	1.009941	4.037858	4.886788	0.8363557
3282	-237.5422	-350.0492	112.507	0.973994	4.037858	3.649165	1.194214
3288	-235.2496	-348.0902	112.8406	1.117798	4.219355	3.268232	0.7935819
3294	-236.9783	-349.983	113.0047	1.253587	4.219355	2.659846	0.7385679
3300	-228.5508	-341.1888	112.638	1.079362	2.779901	4.917315	1.053393
3306	-226.1695	-338.553	112.3835	0.9735377	3.732318	4.917315	1.033808
3312	-235.253	-348.0782	112.8252	0.7309469	6.548344	2.469584	0.95086
3318	-233.9893	-347.5418	113.5525	1.165935	2.864406	2.537255	0.8784073
3324	-234.2551	-347.3071	113.052	1.333809	3.7885	2.81525	0.6406988
3330	-240.5403	-353.8189	113.2786	0.8759247	3.462752	2.81525	1.074088
3336	-247.7437	-361.678	113.9343	1.261141	3.462752	1.619605	0.5147461
3342	-243.0978	-355.7432	112.6454	0.5205113	4.696947	4.475033	1.043078
3348	-240.7616	-351.9878	111.2261	0.9940317	5.134381	8.192791	0.9881523
3354	-251.2474	-363.7771	112.5297	1.238857	4.066831	4.29628	0.4762885
3360	-234.9951	-347.8139	112.8187	0.8943501	2.754652	4.112842	1.2826
3366	-238.3065	-351.0577	112.7512	1.089386	2.472652	4.112842	1.287821
3372	-232.5924	-344.9078	112.3154	0.5300136	3.127787	4.112842	1.807301
3378	-231.5412	-344.0859	112.5447	0.6409778	4.38546	3.641437	1.347524
3384	-227.4522	-339.6334	112.1812	0.3441498	4.105288	3.641437	1.892471
3390	-232.4378	-344.8357	112.3979	0.8100706	2.30826	3.641437	1.929706
3396	-227.2284	-340.8207	113.5924	1.014367	2.30826	2.366535	1.310217
3402	-232.4742	-346.2524	113.7782	0.662973	2.452769	2.366535	1.38314
3408	-228.7694	-340.495	111.7257	0.4350859	2.452769	9.392935	1.657286
3414	-231.5788	-342.705	111.1262	0.5471474	2.375162	9.392935	2.019401
3420	-236.9998	-350.329	113.3292	1.244063	4.196371	2.1079	0.6975503
3426	-238.2203	-351.8289	113.6086	1.145939	3.800281	2.1079	0.5894521
3432	-240.7804	-351.9273	111.1469	1.377705	3.320731	11.80668	0.4445787
3438	-243.8331	-357.581	113.7479	1.605457	2.569392	1.951178	0.5715668
3444	-256.0022	-368.2255	112.2233	0.3359688	1.334302	9.347315	1.872353
3450	-235.959	-348.3136	112.3546	1.097141	2.762874	4.52652	1.384052
3456	-240.8427	-352.5437	111.701	1.09491	2.762874	7.611313	1.30941
3462	-230.1414	-343.613	113.4716	0.8481469	2.563681	2.883303	1.239256
3468	-230.8194	-343.8138	112.9943	0.8991848	3.264034	3.238631	1.215588
3474	-226.3541	-339.4666	113.1125	0.6224424	4.011971	3.238631	1.115666
3480	-225.9553	-338.7051	112.7498	1.30753	4.011971	3.238631	0.7672639
3486	-229.9256	-342.3635	112.438	0.9781875	6.393277	3.238631	0.7470305
3492	-232.2972	-344.4476	112.1505	0.8600987	8.460564	3.435655	0.5267136
3498	-222.9989	-335.9576	112.9587	0.7281038	6.939274	2.107586	0.9239709
3504	-227.2822	-339.2409	111.9587	0.9756842	6.939274	4.205091	0.7685082
3510	-225.6348	-338.3334	112.6986	0.5503424	6.164905	2.618097	1.248866
3516	-225.9318	-338.8815	112.9496	0.5921813	6.164905	2.618097	0.9825103
3522	-222.9148	-335.8451	112.9303	0.5537008	6.164905	2.218257	1.221226
3528	-224.2199	-337.2542	113.0343	0.4614476	6.529108	2.218257	1.138201
3534	-223.8312	-337.0625	113.2313	0.6208399	5.237842	2.218257	1.103268
3540	-224.2928	-336.4846	112.1917	0.656169	5.237842	4.352945	1.225173
3546	-225.8659	-338.0674	112.2015	0.6435896	5.237842	4.352945	1.227549
3552	-240.6504	-353.1501	112.4996	0.3086496	2.9173	4.959546	1.715337
3558	-244.3129	-356.6271	112.3141	0.6691015	3.044143	5.283394	1.48368
3564	-230.1049	-343.2895	113.1846	1.046068	2.670334	3.074518	1.202723
3570	-243.3531	-354.7303	111.3772	0.6724472	2.542679	13.2564	1.288888
3576	-246.4842	-359.6684	113.1842	0.7879987	3.138567	3.25241	1.186824
3582	-231.1719	-342.3045	111.1326	0.7178455	3.306926	10.73049	1.453359
3588	-238.0668	-350.0596	111.9928	0.872125	3.034124	7.974126	1.087638
3594	-240.3792	-353.2729	112.8937	1.275246	5.478046	2.191495	0.3591612
3600	-249.8607	-361.561	111.7004	1.83033	1.714728	10.05261	0.3438689
3606	-233.5484	-346.259	112.7106	1.689497	2.020433	5.06059	0.3934506
3612	-237.5494	-350.2471	112.6976	1.689497	2.020433	5.06059	0.3721974
3618	-239.4402	-351.5069	112.0666	1.716036	3.34629	5.06059	0.4088457
3624	-231.9978	-345.5101	113.5123	1.624436	3.34629	1.738911	0.3993583
3630	-231.8017	-343.8851	112.0834	1.479487	2.250292	8.308672	0.438774
3636	-230.8441	-343.7461	112.902	1.479487	2.158755	4.829655	0.3837026
3642	-231.9331	-344.2721	112.339	1.6315	3.129187	4.527725	0.3327114
3648	-227.2972	-339.8978	112.6006	1.429721	3.155113	4.527725	0.4673387
3654	-229.5034	-342.1902	112.6869	1.489541	2.762785	4.527725	0.3965396
3660	-229.3841	-341.7614	112.3773	1.709657	2.767475	4.527725	0.2989379
3666	-226.5833	-338.1112	111.5279	2.095989	3.411586	4.482882	0.198413
3672	-230.1114	-340.9761	110.8647	2.108623	4.915185	4.482882	0.1557807
3678	-231.3745	-343.268	111.8934	2.068605	2.861759	4.482882	0.2424561
3684	-233.8689	-346.3227	112.4538	1.783069	2.55922	4.482882	0.3320467
3690	-234.4189	-347.1751	112.7562	1.530534	2.55922	4.482882	0.3992879
3696	-226.3586	-339.078	112.7195	1.72301	2.42246	4.002376	0.3171441
3702	-227.5225	-339.5827	112.0602	0.9258932	3.523099	4.47132	1.514092
3708	-231.0072	-344.0429	113.0357	1.131156	4.311422	2.322038	1.008873
3714	-227.1091	-340.4912	113.3821	0.9476722	4.121219	2.322038	0.9022418
3720	-224.7229	-336.6033	111.8804	1.432925	4.121219	5.768907	0.6214454
3726	-231.9396	-345.2207	113.2811	1.646438	4.121219	1.664926	0.4503103
3732	-239.566	-351.8394	112.2734	1.577726	2.901199	4.908517	0.8586393
3738	-227.7777	-340.7977	113.02	1.067988	2.901199	3.648234	1.035977
3744	-234.2428	-346.6608	112.418	0.7890736	5.576743	3.648234	1.035977
3750	-236.369	-349.6026	113.2336	1.055429	2.964824	3.778051	0.7083733
3756	-234.7445	-347.127	112.3825	0.645473	3.003476	5.68516	1.382245
3762	-237.3238	-349.2479	111.9241	0.6503816	6.594759	4.835774	1.042226
3768	-235.8323	-348.7047	112.8725	1.192313	2.12502	5.309872	0.9245406
3774	-235.4305	-348.2051	112.7746	1.136942	2.43345	5.309872	0.9134694
3780	-230.2055	-343.4122	113.2067	1.144321	2.024343	4.540772	0.9134694
3786	-228.6666	-339.9288	111.2622	1.258657	3.1895	11.47999	0.7696256
3792	-228.7832	-340.1153	111.332	1.250168	3.1895	11.47999	0.6684916
3798	-233.5071	-344.5512	111.0441	1.491008	3.1895	11.47999	0.7487265
3804	-233.6756	-345.6234	111.9478	1.491008	3.1895	6.780783	0.4615388
3810	-240.5988	-353.9434	113.3446	0.993526	2.95301	3.044491	0.999332
3816	-248.5993	-360.993	112.3937	0.9811521	1.896095	7.312393	1.256725
3822	-237.5644	-350.4989	112.9345	0.9566257	1.896095	5.125744	1.256725
3828	-236.3235	-349.2154	112.8919	0.4696029	3.576125	2.546743	1.758342
3834	-240.6278	-353.0981	112.4703	0.3788105	3.413842	2.656593	2.110035
3840	-239.8948	-351.957	112.0622	0.6415912	2.560337	3.582664	2.193183
3846	-238.509	-350.9519	112.4429	0.5066653	2.850485	3.582664	1.94263
3852	-226.0486	-339.0468	112.9983	0.5843902	2.850485	3.582664	1.49521
3858	-226.3716	-338.2542	111.8826	0.4973105	4.621493	4.024921	1.789226
3864	-230.8944	-343.8404	112.946	0.82399	2.278766	4.609442	1.299234
3870	-235.0067	-347.219	112.2123	0.82399	2.651166	7.101977	1.239486
3876	-240.8048	-352.8507	112.0458	0.7071357	2.951668	5.446742	1.64997
3882	-241.133	-353.6407	112.5078	0.7050529	2.951668	5.446742	1.301355
3888	-237.0273	-349.661	112.6336	0.8745792	2.552171	5.446742	1.207186
3894	-238.1305	-350.5842	112.4538	1.089743	2.479968	5.446742	1.207186
3900	-232.3577	-345.0294	112.6718	0.9809156	2.406823	5.446742	1.144051
3906	-228.4856	-340.3852	111.8996	0.6472316	2.406823	9.722265	1.344115
3912	-227.9215	-340.2774	112.3559	0.4336701	4.16873	5.431214	1.279924
3918	-236.9795	-347.9652	110.9857	0.8795343	2.243384	14.39006	1.447329
3924	-233.0434	-345.7969	112.7535	1.089222	2.30341	4.275972	1.313295
3930	-231.534	-344.9154	113.3814	1.464816	1.54378	4.53854	0.653745
3936	-226.2285	-339.5784	113.3499	0.8961449	1.579591	4.53854	1.275097
3942	-224.7692	-337.5879	112.8187	0.6206103	2.30341	5.052288	1.448577
3948	-230.0277	-342.9834	112.9557	0.4376853	3.841555	3.879676	1.255846
3954	-232.5568	-345.445	112.8882	0.8144813	2.808094	3.618175	1.408116
3960	-235.79	-348.0128	112.2228	0.8725596	2.885489	7.801502	0.9568677
3966	-241.2568	-355.9633	114.7065	1.219955	1.853579	1.234886	1.027035
3972	-235.0334	-348.6947	113.6613	1.327382	2.834266	1.234886	1.391397
3978	-238.6974	-352.3131	113.6157	0.8077669	2.08548	3.389707	1.186637
3984	-237.2995	-348.9973	111.6978	0.9027909	2.08548	9.448155	1.470746
3990	-239.1996	-351.51	112.3104	0.7691049	3.899394	4.716882	1.278595
3996	-239.1746	-352.0559	112.8814	0.5814274	3.899394	3.321218	1.349751
4002	-234.2507	-347.0801	112.8294	0.8018529	3.899394	3.321218	1.211458
4008	-237.5236	-350.3019	112.7784	0.8478799	3.899394	3.321218	1.215731
4014	-235.5642	-349.4893	113.9251	1.17569	3.760971	1.246224	0.9634592
4020	-237.8323	-351.1141	113.2818	1.638299	4.024017	1.246224	1.052903
4026	-229.1929	-341.0812	111.8883	0.9391894	4.05092	5.792538	1.203507
4032	-240.8172	-352.6703	111.8532	0.7423018	4.05092	6.296929	1.296041
4038	-238.7843	-350.7453	111.961	0.6899121	3.70536	6.296929	1.347474
4044	-237.8854	-351.2176	113.3322	0.8379973	2.678186	3.805713	0.9986865
4050	-244.2486	-355.5176	111.269	0.6817324	3.161544	6.374839	1.986381
4056	-235.4323	-348.2434	112.8112	0.4593375	3.161544	3.822352	1.565149
4062	-231.7979	-344.1215	112.3236	0.5597705	4.235064	3.822352	1.565149
4068	-233.8633	-346.2444	112.3811	1.043398	4.778995	3.822352	0.9745791
4074	-232.2878	-345.3341	113.0464	0.6936501	3.162059	3.822352	1.195655
4080	-228.7618	-341.801	113.0391	0.8357886	3.162059	3.822352	1.075039
4086	-237.5094	-349.4818	111.9724	0.882843	3.074452	8.007309	1.075039
4092	-239.9366	-352.5004	112.5638	0.668998	3.074452	4.598957	1.431781
4098	-248.7648	-362.1561	113.3913	1.038294	4.37045	1.846779	0.9982872
4104	-245.5502	-359.238	113.6878	0.8941742	4.662546	0.8367085	1.497815
4110	-235.3955	-347.0075	111.6119	0.6126365	2.651837	7.38319	1.803717
4116	-237.3193	-350.1058	112.7864	0.5692649	2.651837	2.393454	2.073226
4122	-229.483	-341.6929	112.2099	0.609174	4.012495	2.393454	2.073226
4128	-226.9244	-339.6991	112.7748	0.3336286	2.99183	3.817234	1.733538
4134	-245.2751	-356.5225	111.2474	0.6783861	3.632033	10.0905	1.375385
4140	-233.4879	-346.8222	113.3343	0.7317531	2.80112	3.489166	1.151154
4146	-225.219	-338.4249	113.2058	1.009339	3.144306	3.489166	0.8535404
4152	-228.8378	-341.8848	113.047	1.110255	3.144306	3.73637	0.8128731
4158	-224.7359	-337.8019	113.066	1.017312	4.489529	2.849066	0.744653
4164	-237.7298	-351.057	113.3272	1.255512	3.072634	3.059023	0.5511287
4170	-248.4612	-361.8642	113.403	1.195779	3.442685	2.564341	0.699616
4176	-243.7575	-357.4399	113.6824	1.195779	3.442685	2.029085	0.7049107
4182	-251.1323	-363.409	112.2767	0.8081858	2.878015	7.338478	1.061928
4188	-252.008	-364.1359	112.1278	0.9570109	2.878015	7.338478	1.061928
4194	-238.5921	-351.5414	112.9493	0.9395663	2.911671	3.392411	1.291085
4200	-235.6457	-348.658	113.0123	0.5365333	2.68442	3.392411	1.628194
4206	-230.5219	-343.3363	112.8144	0.7940264	2.68442	3.392411	1.584898
4212	-237.1797	-348.79	111.6103	0.2220122	1.882822	9.284985	2.108381
4218	-232.8526	-343.7129	110.8603	0.5224393	1.882822	12.31397	2.108381
4224	-239.9732	-351.0609	111.0876	0.3721447	3.71188	12.31397	1.466468
4230	-239.9064	-351.4493	111.5429	0.7709194	1.86618	12.31397	1.466468
4236	-226.8758	-339.54	112.6642	0.5641569	2.590125	5.212266	1.466468
4242	-228.0569	-340.5101	112.4532	0.3212422	2.410873	5.522943	1.798417
4248	-237.6695	-350.6681	112.9986	0.1734989	2.441228	5.522943	1.501847
4254	-222.2394	-334.5658	112.3264	0.4023654	3.464164	5.522943	1.501847
4260	-236.8984	-348.5115	111.6131	0.8447488	3.281608	9.168287	1.170014
4266	-232.9456	-345.3985	112.4529	0.7347826	3.281608	3.624048	1.641776
4272	-232.0707	-343.8076	111.7369	0.1711634	2.713646	5.384839	2.299504
4278	-231.1181	-343.4857	112.3676	0.5735102	2.651549	6.378187	1.442003
4284	-238.6078	-350.7392	112.1315	0.5521847	3.757936	6.010099	1.360411
4290	-220.9895	-333.5398	112.5503	0.4243015	2.766056	3.289792	2.025815
4296	-220.1819	-333.1848	113.0029	0.5499191	2.766056	3.289792	1.627105
4302	-215.9579	-328.4891	112.5312	0.4275781	3.282955	3.622131	1.803194
4308	-220.1716	-332.8341	112.6625	0.442179	2.96078	3.622131	1.794026
4314	-218.8896	-331.3065	112.4169	0.7913668	2.544255	3.622131	1.853459
4320	-228.4682	-340.4938	112.0256	0.4482891	2.627172	5.173324	1.993793
4326	-237.5193	-350.481	112.9617	0.4883022	2.627172	5.173324	1.286813
4332	-228.3252	-340.6716	112.3463	0.4664896	3.552619	2.992295	2.000453
4338	-221.0736	-333.4193	112.3457	0.7825618	3.552619	3.772023	1.571039
4344	-226.109	-339.1785	113.0694	0.56273	2.892351	4.886508	1.094583
4350	-223.8018	-336.3961	112.5943	0.5691409	3.424658	3.101408	1.763165
4356	-223.7358	-336.3359	112.6001	0.4318305	5.133055	3.101408	1.45958
4362	-218.4002	-330.9582	112.5579	0.8071556	5.156115	3.591112	1.010728
4368	-221.1406	-332.4824	111.3418	1.144092	4.845278	8.043164	0.8114777
4374	-229.5964	-342.2043	112.6079	1.051499	2.793318	4.190886	1.29136
4380	-241.7972	-354.3729	112.5757	0.7394625	3.572219	4.190886	1.313743
4386	-239.0794	-352.1305	113.0511	0.9565391	3.572219	3.632306	0.8393364
4392	-232.6184	-344.9906	112.3722	1.024373	3.171119	6.300641	0.8393364
4398	-234.9201	-346.6479	111.7278	0.9964498	3.270946	6.300641	1.417453
4404	-243.451	-355.4023	111.9512	1.127904	3.930948	6.300641	0.8810162
4410	-233.0545	-345.9171	112.8625	0.9171194	2.846209	4.787034	1.000285
4416	-234.0009	-346.9264	112.9256	1.014091	2.411107	4.787034	1.045157
4422	-236.4657	-347.8427	111.377	1.009272	2.158344	15.16821	0.9612629
4428	-236.167	-348.2117	112.0447	0.6639807	2.544237	8.962464	1.260365
4434	-231.7812	-344.3075	112.5263	0.9383112	2.754205	5.023362	1.260365
4440	-230.2157	-342.152	111.9363	0.7686498	2.909622	6.260649	1.552185
4446	-238.0987	-350.8881	112.7894	0.7375936	3.693572	3.918774	1.175387
4452	-235.89	-349.0467	113.1567	0.6612946	3.693572	3.918774	0.8918575
4458	-231.2864	-345.2716	113.9852	0.9550097	3.568227	1.286874	1.150105
4464	-227.1658	-340.3521	113.1863	1.061266	2.693666	2.489207	1.395723
4470	-235.6372	-349.0561	113.419	0.9853029	2.693666	2.772071	1.15656
4476	-234.7207	-348.5301	113.8094	1.29969	2.693666	2.042239	0.8150905
4482	-244.1557	-358.0333	113.8776	1.418218	3.959927	1.090275	0.8206
4488	-235.8184	-348.1736	112.3553	1.12149	3.320758	6.054884	0.7254268
4494	-236.3409	-348.0108	111.6699	1.152629	3.968733	6.833602	1.01301
4500	-233.6328	-346.6736	113.0408	1.180606	1.444111	6.552995	0.9025596
4506	-238.3091	-351.2099	112.9008	0.9445361	1.825065	6.552995	1.021012
4512	-243.0477	-356.6912	113.6435	0.823341	1.841724	3.351798	1.28447
4518	-240.4728	-354.9571	114.4843	1.116802	2.683799	1.013321	1.106377
4524	-234.8651	-348.4659	113.6009	1.116802	2.683799	2.358982	1.056541
4530	-235.9784	-348.5658	112.5874	0.5063303	2.615583	4.181042	1.776253
4536	-242.8111	-355.4253	112.6142	0.8093112	2.615583	4.181042	1.539962
4542	-235.8356	-349.2153	113.3797	1.142961	3.942022	2.361565	0.6950884
4548	-239.7823	-353.2113	113.4291	0.3280302	3.695206	3.051174	1.257913
4554	-236.9029	-349.1948	112.2919	1.16249	3.583881	3.42598	1.412516
4560	-236.8297	-349.6595	112.8298	1.38325	3.173232	3.588928	0.7939797
4566	-239.9703	-351.945	111.9747	1.375973	2.588441	8.264452	0.6895318
4572	-238.9607	-350.628	111.6672	1.56383	4.014191	6.134335	0.3526647
4578	-229.1091	-341.9207	112.8116	1.81864	2.574948	3.299709	0.3238252
4584	-236.8803	-349.987	113.1067	1.787203	2.104624	3.299709	0.3432223
4590	-232.7511	-346.5121	113.7609	1.764001	3.24237	1.264908	0.3947541
4596	-234.0487	-347.7182	113.6694	1.764001	1.979675	2.261064	0.3372693
4602	-243.185	-357.7822	114.5972	2.200968	1.67457	0.7684663	0.3584933
4608	-239.5907	-351.7684	112.1777	2.082119	2.172526	4.387429	0.2131387
4614	-246.1276	-358.1737	112.0461	2.203828	2.172526	4.419247	0.2131387
4620	-244.6207	-357.4057	112.785	2.203828	2.172526	1.956763	0.1359264
4626	-239.173	-351.7072	112.5341	2.361026	2.012337	1.956763	0.1065936
4632	-236.0291	-347.61	111.5808	2.338506	2.36898	4.325882	0.1436628
4638	-234.4093	-345.127	110.7177	2.567054	2.604609	4.338093	0.07485062
4644	-231.961	-342.9498	110.9888	2.62457	2.604609	4.338093	0.1119913
4650	-247.6822	-360.4781	112.7959	1.288222	2.716134	4.003845	0.9991226
4656	-240.7645	-353.4003	112.6358	0.7031715	2.384587	4.11941	1.697975
4662	-235.8784	-347.793	111.9147	2.403357	2.301831	2.917053	0.1165294
4668	-234.9856	-345.5874	110.6018	2.403357	3.016851	6.253846	0.1265768
4674	-236.0097	-347.8149	111.8052	2.016382	2.215171	6.253846	0.2501998
4680	-234.2507	-346.8628	112.6121	0.9723122	2.167723	6.619123	1.063795
4686	-237.0193	-350.1317	113.1124	0.8366468	1.826331	4.151339	1.475301
4692	-238.3849	-351.8189	113.4341	1.759356	2.279288	2.389832	0.3317271
4698	-238.0698	-351.3504	113.2806	2.01866	2.052563	2.389832	0.3143173
4704	-244.5924	-356.7638	112.1714	1.937854	4.195823	2.805573	0.258412
4710	-250.8149	-364.2402	113.4254	1.527536	2.638575	2.571474	0.6656797
4716	-242.3781	-355.4948	113.1167	1.049117	3.021983	4.001693	0.743539
4722	-239.0502	-352.0122	112.962	1.025115	2.481239	3.714804	1.276106
4728	-244.0402	-357.3497	113.3095	1.025115	2.526638	3.714804	0.9365532
4734	-243.3117	-355.3943	112.0826	1.009602	5.122111	5.423805	0.6430613
4740	-247.7301	-361.8938	114.1636	1.458886	2.585015	1.47285	0.6772132
4746	-252.9349	-364.867	111.9321	1.458886	2.95775	7.351337	0.6258533
4752	-251.9419	-363.3989	111.457	1.914707	2.741455	7.43551	0.289662
4758	-242.4362	-355.7633	113.3271	1.915287	2.007197	2.489617	0.2890755
4764	-239.161	-351.273	112.112	1.928435	3.080617	3.984703	0.2482094
4770	-237.5645	-350.0412	112.4766	2.048438	2.165133	3.984703	0.2746187
4776	-237.3902	-350.3488	112.9586	2.048693	2.165133	2.840123	0.3024663
4782	-234.7239	-348.3247	113.6008	2.048693	2.024496	1.950135	0.4746099
4788	-230.7095	-344.0937	113.3841	1.270264	2.37857	3.542639	0.6979345
4794	-233.0361	-345.8671	112.831	1.450741	3.201795	3.542639	0.6979345
4800	-246.2935	-358.2144	111.9209	0.489531	2.554888	4.163151	2.254561
4806	-236.523	-348.8799	112.357	0.4575464	2.554888	4.180902	1.986261
4812	-234.1133	-345.8082	111.6949	0.920642	2.334536	9.015697	1.411637
4818	-235.0287	-348.096	113.0674	0.323025	2.148642	2.865107	2.072101
4824	-238.8235	-350.349	111.5256	0.6373336	2.27127	8.261142	1.859612
4830	-239.0971	-350.9696	111.8725	0.5361309	2.27127	8.674246	1.634919
4836	-232.626	-345.1777	112.5517	0.3895716	2.27127	4.83819	1.861891
4842	-235.7709	-348.0654	112.2945	0.6322347	2.915658	4.83819	1.656216
4848	-237.2791	-350.003	112.7239	0.6859704	1.775947	4.83819	1.737398
4854	-239.0117	-350.6783	111.6666	0.9572018	2.474186	8.820191	1.376384
4860	-246.0665	-357.8827	111.8163	0.8332736	3.108283	8.820191	1.115101
4866	-245.2665	-358.1868	112.9203	0.7448253	2.588831	3.805486	1.463338
4872	-246.9535	-359.3472	112.3937	0.8851002	3.193433	6.275167	0.9679778
4878	-247.4965	-359.7712	112.2747	0.7117763	5.520552	2.941784	1.466974
4884	-243.5739	-355.8456	112.2717	0.595965	7.295267	2.941784	1.237594
4890	-245.1137	-358.6844	113.5707	0.6374192	6.358919	1.443129	0.9651115
4896	-244.2763	-357.5928	113.3165	0.8489695	4.232737	1.443129	1.491278
4902	-240.6228	-352.5016	111.8788	0.8236233	4.232737	5.009197	1.423463
4908	-235.0634	-348.5675	113.5041	1.006371	4.232737	1.502567	1.179289
4914	-232.9883	-346.7661	113.7778	0.563616	4.265315	1.792286	1.14458
4920	-225.5196	-338.8164	113.2968	0.8331544	4.265315	2.164826	1.136202
4926	-232.3425	-345.3599	113.0174	0.6550084	4.265315	2.164826	1.505816
4932	-229.4282	-341.7584	112.3302	0.7461867	4.265315	4.127076	1.331304
4938	-242.6276	-355.862	113.2344	1.169572	4.265315	2.232883	0.8138608
4944	-237.477	-348.2451	110.7681	0.8548833	4.373466	11.34017	1.26831
4950	-229.7631	-341.0839	111.3208	0.9110549	2.397937	12.53045	1.274104
4956	-226.2257	-337.1736	110.9479	0.8701777	3.330142	12.53045	1.274104
4962	-237.9546	-349.5571	111.6026	1.488299	3.205544	8.522419	0.4998612
4968	-232.1983	-345.8217	113.6234	1.488299	3.470109	1.692566	0.636739
4974	-229.449	-341.497	112.048	1.726313	2.789831	5.925389	0.3788514
4980	-235.0937	-347.1261	112.0325	1.617463	3.093719	5.925389	0.3903612
4986	-238.0011	-350.1099	112.1088	1.093633	3.612156	5.925389	0.9666284
4992	-229.3578	-341.9548	112.5971	1.398405	2.823586	4.556035	0.850657
4998	-224.6568	-337.4867	112.8299	0.9724746	5.448326	2.85137	0.7581135
5004	-229.5098	-341.4843	111.9745	1.152771	5.448326	4.744926	0.7581135
5010	-234.334	-347.9896	113.6556	1.445492	6.209169	0.7620582	0.6947292
5016	-234.3714	-346.2419	111.8704	1.61081	7.253275	2.812128	0.404572
5022	-228.6161	-341.9632	113.3471	1.61081	3.761302	1.785569	0.4106653
5028	-234.3239	-346.1301	111.8063	1.700771	3.761302	5.588326	0.5019566
5034	-238.974	-352.8809	113.9069	1.537058	4.511725	0.9013891	0.574141
5040	-237.2562	-349.3904	112.1342	0.6408134	6.115742	3.646729	1.298841
5046	-234.5214	-346.3918	111.8704	0.4428867	6.115742	5.168148	1.286677
5052	-233.939	-346.7247	112.7857	0.589261	5.12982	2.873927	1.265818
5058	-235.1109	-348.286	113.175	0.5543272	3.475558	2.873927	1.405833
5064	-230.2053	-342.426	112.2207	0.9380674	3.475558	5.31699	1.199124
5070	-236.9122	-349.3153	112.403	0.8472817	3.475558	5.31699	1.118631
5076	-227.4555	-340.3093	112.8538	0.9138199	3.165607	4.337012	1.012836
5082	-227.8301	-340.693	112.8629	0.904668	3.165607	4.337012	1.012836
5088	-227.5876	-340.4083	112.8207	1.041923	3.010169	4.337012	0.9822952
5094	-232.5333	-344.9711	112.4378	0.8081369	3.010169	4.337012	1.503442
5100	-226.7828	-339.5924	112.8096	0.7043875	3.384091	4.337012	1.167386
5106	-239.9434	-352.8122	112.8688	0.4136107	2.96706	4.337012	1.489869
5112	-234.9035	-346.3342	111.4307	1.066743	2.309411	12.26794	1.114421
5118	-230.9811	-344.4348	113.4537	1.192417	2.280719	2.914972	1.064621
5124	-229.8271	-343.382	113.555	0.9489241	2.883471	2.914972	0.9153175
5130	-236.1474	-348.7637	112.6162	1.321534	2.189459	6.417906	0.6802467
5136	-223.4793	-335.1001	111.6209	1.41699	4.581551	6.417906	0.5268363
5142	-238.0632	-352.0712	114.008	1.448347	1.79835	2.567738	0.4733022
5148	-241.3433	-355.2248	113.8814	1.417078	1.79835	2.878126	0.5970194
5154	-239.4842	-352.4327	112.9485	2.103701	2.311471	2.246679	0.2154509
5160	-234.0767	-346.2474	112.1707	1.938162	4.841305	2.246679	0.2229143
5166	-233.2291	-346.8537	113.6246	1.782708	2.907073	1.466122	0.29032
5172	-235.8532	-348.7232	112.87	1.558706	3.096694	3.224197	0.3245701
5178	-241.4669	-352.5035	111.0366	1.299227	3.388591	12.96239	0.4134389
5184	-232.442	-345.8099	113.3679	1.05745	4.828339	1.775056	0.9056695
5190	-229.2795	-342.4933	113.2139	1.219579	4.828339	1.775056	0.8965301
5196	-234.3105	-348.219	113.9085	1.007908	3.209247	1.775056	0.9671369
5202	-241.6614	-354.588	112.9266	1.92261	2.777064	2.490538	0.2902568
5208	-238.4752	-351.7547	113.2796	1.92261	2.777064	1.783489	0.2634952
5214	-244.3616	-357.4564	113.0948	1.92261	2.257273	2.171723	0.1813534
5220	-241.824	-354.0638	112.2398	2.319604	2.440495	2.550243	0.1415308
5226	-232.9849	-342.9858	110.0009	2.319604	3.679985	8.108099	0.1201824
5232	-249.0321	-359.819	110.7869	0.7404699	4.62989	14.21372	0.9452401
5238	-245.0118	-355.7616	110.7497	0.67644	4.62989	11.95335	1.295755
5244	-230.2916	-341.2757	110.9842	2.240365	1.935736	9.090343	0.1787183
5250	-233.4772	-345.8615	112.3843	1.91528	3.456229	2.915001	0.248103
5256	-234.7863	-347.498	112.7117	1.611389	3.932033	2.915001	0.4659568
5262	-233.5903	-346.2257	112.6353	1.5699	5.028047	2.424953	0.4271774
5268	-240.8476	-354.2545	113.4069	1.363894	3.30262	2.424953	0.4205134
5274	-240.8777	-352.7428	111.8651	1.864146	2.291673	6.677374	0.2748501
5280	-240.8258	-354.4169	113.5911	0.6886282	1.462986	3.592655	1.558648
5286	-233.3265	-347.2974	113.9709	0.65659	1.582792	2.556145	1.558648
5292	-232.5738	-345.834	113.2603	0.6813708	2.591335	2.556145	1.635732
5298	-233.3179	-346.6262	113.3083	0.6716259	3.500987	2.556145	1.315895
5304	-234.5834	-347.5926	113.0091	0.7324085	2.271245	2.601095	1.873349
5310	-231.722	-343.9412	112.2192	0.2745138	2.33044	3.196246	2.494612
5316	-229.8597	-342.8436	112.9839	0.7829528	2.33044	4.455795	1.317684
5322	-230.7066	-343.608	112.9014	0.7563761	3.12299	4.214631	1.166683
5328	-234.5294	-348.2151	113.6857	0.778718	3.12299	1.748767	1.406432
5334	-233.6472	-347.4365	113.7893	0.7465951	2.699945	1.623368	1.555247
5340	-237.4164	-348.7451	111.3286	0.8469112	3.299821	10.59333	1.211358
5346	-225.1865	-338.727	113.5405	1.579164	2.654715	2.121463	0.7639152
5352	-223.0902	-337.243	114.1528	1.672366	3.614266	0.8264003	0.5802258
5358	-228.0875	-341.5077	113.4202	1.996492	4.840416	0.8264003	0.3992229
5364	-229.1717	-341.4949	112.3232	1.740203	4.450557	3.137353	0.4947166
5370	-231.7568	-344.8044	113.0476	1.740203	2.492543	3.137353	0.3876303
5376	-232.5413	-345.0569	112.5156	1.808498	5.093907	2.131892	0.3876303
5382	-238.7737	-349.6061	110.8325	1.319851	5.093907	10.40291	0.4652156
5388	-240.7181	-352.6634	111.9453	1.161091	3.44768	7.57527	0.7094067
5394	-229.5905	-342.9333	113.3428	1.404072	3.711074	2.204718	0.5082745
5400	-234.0331	-346.3877	112.3546	1.472587	2.520946	6.091686	0.708106
5406	-240.5904	-352.7746	112.1842	1.205516	2.786841	4.468004	1.437538
5412	-239.6978	-351.0606	111.3628	0.917768	3.454357	11.74079	0.8955144
5418	-245.0259	-356.5156	111.4898	0.9740286	3.120146	11.37373	0.8955144
5424	-238.5888	-349.3586	110.7698	0.7459412	3.120146	11.37373	1.685863
5430	-237.7864	-350.1636	112.3772	1.191663	2.631428	5.9339	1.004638
5436	-237.6605	-349.4487	111.7883	1.320687	2.442981	9.049421	0.9207039
5442	-239.671	-353.1475	113.4765	0.5773331	4.772555	1.960027	1.170404
5448	-233.2446	-344.2379	110.9932	0.9299237	4.772555	9.325708	1.174211
5454	-225.3715	-338.25	112.8784	0.9628016	1.980705	4.386945	1.42829
5460	-240.7744	-353.5017	112.7272	1.005461	2.630081	4.000226	1.343647
5466	-242.1313	-354.2727	112.1414	0.4664339	5.275174	3.742326	1.564298
5472	-245.1487	-358.9455	113.7969	0.4975983	3.595236	1.016337	1.81927
5478	-234.2617	-347.8487	113.587	1.015631	4.436144	1.534994	1.013708
5484	-227.3679	-340.3955	113.0275	0.9261407	4.436144	2.358688	1.153393
5490	-223.931	-337.8593	113.9283	1.238762	4.50833	0.9412717	0.936631
5496	-234.9827	-346.1453	111.1626	1.125808	3.729238	11.25051	0.8484003
5502	-239.9623	-353.3053	113.3429	1.470156	3.729238	2.033175	0.3991317
5508	-237.2477	-350.5586	113.3109	1.470156	3.883859	2.033175	0.5273628
5514	-238.4579	-350.803	112.3451	1.344599	4.889355	3.563239	0.3277375
5520	-242.3946	-355.5399	113.1453	0.8025448	4.222304	3.490861	0.6731245
5526	-233.7235	-345.7865	112.063	0.6067718	3.401301	5.936302	1.486222
5532	-240.7541	-352.9411	112.187	1.064306	4.383669	5.733071	0.5827218
5538	-240.3687	-352.0188	111.6501	1.274847	5.540029	5.733071	0.4287449
5544	-238.5668	-350.7249	112.158	1.262361	4.492051	4.846737	0.6702772
5550	-241.5819	-354.9305	113.3486	0.9196402	2.324334	2.756289	1.422141
5556	-241.9815	-353.7215	111.74	1.302955	2.054696	11.72724	0.7499867
5562	-238.1725	-349.23	111.0575	2.147626	2.431079	9.356801	0.3178531
5568	-239.1902	-351.9978	112.8076	1.678691	4.697594	1.934564	0.312409
5574	-238.8803	-350.5659	111.6856	1.858194	3.325624	5.627808	0.2967957
5580	-242.2525	-354.0488	111.7963	1.820136	1.775965	9.529783	0.4059629
5586	-226.7618	-339.1429	112.3811	1.49287	3.48393	4.552502	0.4018056
5592	-228.5441	-340.7076	112.1636	1.312597	2.551399	6.728947	0.9506656
5598	-232.5288	-345.3227	112.7939	1.312597	1.736668	6.728947	0.7349872
5604	-232.4804	-345.0135	112.5331	1.656602	1.736668	6.728947	0.4731663
5610	-230.8108	-343.3274	112.5166	1.716187	3.135607	3.623995	0.3019476
5616	-235.2171	-347.9108	112.6938	1.716187	2.965887	3.623995	0.4669687
5622	-241.9779	-354.9547	112.9768	1.105645	1.875582	5.680653	0.9592462
5628	-239.3368	-350.731	111.3942	0.7582899	2.72424	7.993072	1.747099
5634	-237.7602	-350.4535	112.6933	0.7669314	2.481435	3.440693	1.747099
5640	-239.7968	-352.0236	112.2268	0.9183665	2.11438	5.005898	1.747099
5646	-223.6084	-336.0321	112.4237	1.124946	3.878745	4.72077	0.8323376
5652	-227.2514	-340.1567	112.9053	0.9396191	2.702124	4.149864	1.181696
5658	-232.7758	-344.9779	112.202	1.086104	3.157113	6.68102	0.8731262
5664	-229.3729	-341.5448	112.1719	0.9952898	4.306141	3.964968	1.291096
5670	-232.4553	-346.491	114.0357	1.062456	4.306141	1.077981	0.9323004
5676	-232.5593	-345.9579	113.3987	1.147404	4.337189	1.976875	0.786462
5682	-233.628	-346.4165	112.7885	0.9143536	4.902264	3.150679	0.9101122
5688	-236.2795	-348.6823	112.4028	0.8556241	4.902264	4.139261	0.9983162
5694	-235.8565	-349.366	113.5095	0.7607725	3.089281	2.923854	1.059373
5700	-230.3479	-342.9834	112.6355	0.8181187	6.773754	2.723837	0.8748233
5706	-224.3514	-337.0011	112.6497	1.001445	6.443404	2.638106	0.7671899
5712	-230.9298	-343.7145	112.7847	0.8594261	6.287902	2.638106	0.8246931
5718	-234.4181	-347.2206	112.8024	0.6952422	6.032948	2.638106	1.047674
5724	-231.2084	-344.8146	113.6061	0.7871395	3.178104	2.638106	1.0303
5730	-235.7976	-348.8851	113.0875	0.5352796	5.467064	2.33404	1.198102
5736	-236.3241	-349.9807	113.6566	1.112699	5.467064	0.9804501	1.025736
5742	-233.4727	-345.3505	111.8778	1.083357	5.467064	4.285061	1.090809
5748	-228.8382	-341.1887	112.3505	0.613667	5.237812	4.285061	1.14309
5754	-240.0749	-352.0429	111.968	0.7428684	2.364901	4.285061	2.095428
5760	-234.4557	-348.3998	113.9441	0.7427408	3.373056	2.308062	0.8008503
5766	-226.0601	-338.675	112.6149	1.333016	2.48697	5.866047	0.603347
5772	-230.7752	-342.8825	112.1074	1.198114	4.068548	5.866047	0.6243782
5778	-242.8248	-354.3695	111.5447	1.588027	4.705757	5.866047	0.509381
5784	-241.128	-352.7585	111.6305	1.729097	4.705757	4.243623	0.2340575
5790	-236.9552	-349.3821	112.4268	1.65694	3.141472	4.243623	0.3671629
5796	-237.4857	-350.0348	112.5491	2.016202	1.99751	4.243623	0.2944731
5802	-243.8379	-356.8666	113.0288	1.104602	2.486789	4.243623	0.9802571
5808	-243.2153	-356.7614	113.5462	1.252073	1.870729	3.888385	0.7272524
5814	-250.0442	-362.0249	111.9806	0.2096499	2.647079	5.509366	2.116006
5820	-240.3451	-352.2891	111.9441	0.45592	3.202741	5.939337	1.738106
5826	-246.7967	-359.7843	112.9876	0.2616943	2.870386	3.335573	1.795922
5832	-241.8119	-352.5507	110.7388	0.3908642	2.66549	13.29784	1.915036
5838	-244.2919	-354.9913	110.6994	0.4314759	2.66549	13.29784	1.914229
5844	-223.7433	-336.0947	112.3514	1.030626	4.237868	4.543767	0.9466844
5850	-226.9672	-339.6777	112.7105	1.026937	4.237868	3.308981	1.017154
5856	-230.4233	-342.3266	111.9033	0.9463965	3.928611	6.983015	0.9669636
5862	-247.2892	-358.1506	110.8614	0.4074842	3.490299	11.50423	1.744374
5868	-239.2854	-351.8393	112.5539	0.5382115	2.094517	5.146568	1.76477
5874	-232.6335	-344.5221	111.8886	0.5032172	2.094517	7.712276	1.840645
5880	-231.3165	-342.7692	111.4526	0.2689168	2.039619	7.712276	2.303681
5886	-226.9389	-339.3192	112.3803	0.9457534	2.199926	7.712276	1.075724
5892	-238.8226	-350.9026	112.08	0.554811	3.759471	6.751203	1.26195
5898	-227.0639	-339.0775	112.0136	0.5133518	3.759471	5.449764	1.585246
5904	-229.7705	-343.299	113.5285	0.5033634	2.601556	3.441358	1.274189
5910	-236.7435	-349.6339	112.8904	0.9025211	2.601556	4.117828	1.274189
5916	-239.0808	-352.5585	113.4777	0.7062847	2.601556	3.536771	1.112255
5922	-233.4265	-346.3594	112.9329	1.008634	3.861149	3.439722	0.8805023
5928	-232.7697	-345.9332	113.1634	0.5152409	3.861149	2.698436	1.398421
5934	-234.7883	-345.9647	111.1764	0.7179296	3.861149	8.716763	1.511885
5940	-234.0602	-346.1993	112.1391	0.8506915	1.885859	7.433551	1.542526
5946	-235.1693	-347.7559	112.5866	0.5159956	1.91359	7.433551	1.445004
5952	-232.7391	-345.2879	112.5487	0.5174726	4.006528	3.842349	1.479741
5958	-238.3772	-351.2969	112.9197	0.6897649	3.92868	3.489094	1.166002
5964	-241.5607	-353.9136	112.3529	0.2200995	2.145942	5.56129	2.023255
5970	-238.8771	-350.5696	111.6925	0.5663205	2.376987	9.583422	1.591461
5976	-237.4378	-350.8647	113.4269	0.767376	2.86566	1.544334	1.785468
5982	-227.3465	-340.3626	113.016	0.7658514	3.900407	2.868161	1.24272
5988	-227.3701	-340.6562	113.2861	0.8588892	3.283134	2.868161	1.12497
5994	-223.004	-337.1168	114.1128	0.8361565	2.502216	2.074095	1.065722
6000	-237.9873	-352.0339	114.0466	0.8426908	2.741264	2.074095	1.014138
6006	-237.13	-350.5845	113.4545	0.8879556	5.089416	1.837888	0.8704206
6012	-242.5368	-355.7964	113.2597	1.268152	5.089416	1.837888	0.5240242
6018	-240.1639	-353.1328	112.9689	0.9111259	5.931189	1.837888	1.117388
6024	-233.6713	-346.204	112.5327	0.804453	6.356291	3.448556	0.7555896
6030	-231.5871	-344.2662	112.6791	0.8030647	5.724124	3.131705	0.9199345
6036	-224.232	-337.1632	112.9312	1.074905	3.912152	3.131705	0.92486
6042	-230.7402	-342.9648	112.2246	0.8491848	3.912152	5.71867	1.040029
6048	-236.4307	-348.1394	111.7087	1.020515	5.617647	5.71867	0.8753665
6054	-230.783	-343.1159	112.3329	1.097915	3.594413	5.71867	0.762953
6060	-226.6178	-339.0207	112.4028	1.018639	3.594413	5.71867	0.7763396
6066	-232.7127	-345.0304	112.3177	1.240626	4.007048	5.053984	0.5591056
6072	-242.7493	-354.7699	112.0205	1.513198	3.184228	6.378854	0.4908993
6078	-231.7152	-344.4985	112.7833	1.063539	2.016412	6.965353	0.7871413
6084	-231.5619	-346.3197	114.7578	1.867502	2.940154	0.4392931	0.6346212
6090	-226.8168	-339.7808	112.964	1.433771	3.442056	3.160875	0.4813787
6096	-227.8375	-340.6058	112.7683	1.417864	2.422526	5.107212	0.4321242
6102	-223.6563	-336.1926	112.5363	1.324877	3.103827	4.837108	0.7594673
6108	-232.6166	-346.3103	113.6937	1.363883	2.697395	2.156565	0.7956109
6114	-222.3995	-334.5843	112.1849	1.294104	2.806329	7.36853	0.5337552
6120	-223.0865	-335.3427	112.2562	0.9608627	2.806329	7.36853	0.9563067
6126	-221.7806	-335.5342	113.7536	0.7875312	2.102834	3.048357	1.194896
6132	-229.3868	-342.5727	113.1859	1.240869	2.102834	3.048357	1.290616
6138	-231.2286	-343.5174	112.2888	1.075855	2.102834	7.01965	1.214524
6144	-222.746	-334.7481	112.0021	0.7362911	2.102834	7.764841	1.585163
6150	-220.5306	-332.8134	112.2828	0.7719004	2.327762	7.764841	1.245578
6156	-224.6525	-337.11	112.4575	1.306062	1.974215	7.764841	0.7038264
6162	-239.3979	-350.7228	111.3249	1.14158	2.60162	12.52545	0.9713321
6168	-235.6397	-348.8468	113.2071	1.068378	2.717033	2.986792	1.17729
6174	-234.9108	-346.7536	111.8428	1.125425	1.950304	9.428033	1.244404
6180	-236.8342	-347.7938	110.9596	1.05111	2.252972	13.91559	1.373829
6186	-232.1979	-342.9638	110.7659	0.7923402	2.252972	13.91559	1.709321
6192	-231.6779	-344.1999	112.5219	0.613533	2.252972	4.961515	1.709321
6198	-231.6804	-343.368	111.6876	0.4183033	1.828907	11.56736	1.709321
6204	-219.0891	-332.9874	113.8984	1.028336	1.828907	3.072719	0.978822
6210	-226.2427	-339.7739	113.5312	1.253608	1.975454	3.938757	0.5837167
6216	-225.406	-338.3825	112.9765	0.9097746	2.323189	4.613778	1.181119
6222	-225.6979	-338.2234	112.5256	1.098736	2.122399	5.994247	1.181119
6228	-228.501	-340.8759	112.3749	0.8226684	3.881175	5.994247	0.8467422
6234	-228.3409	-341.0816	112.7407	0.5124865	3.854568	2.945088	1.635569
6240	-229.4526	-342.6662	113.2136	0.8435798	3.854568	2.713253	1.075687
6246	-233.0925	-344.864	111.7715	0.7162055	4.300041	6.718803	1.239519
6252	-229.1521	-342.7155	113.5634	0.8399391	4.149571	1.555946	1.260191
6258	-239.3818	-352.6849	113.3032	1.345124	5.343491	1.555946	0.4896118
6264	-231.466	-344.2676	112.8016	1.305148	5.343491	2.473501	0.4913283
6270	-237.1338	-349.7516	112.6179	1.404622	5.841922	2.379508	0.5469902
6276	-234.2691	-347.0849	112.8157	1.237335	4.202481	3.346336	0.5534868
6282	-243.617	-355.0748	111.4578	0.3713318	4.764265	9.243235	1.267632
6288	-240.6437	-353.0992	112.4556	0.9638679	6.034646	2.904804	1.005735
6294	-235.5375	-348.543	113.0055	1.671747	2.878392	2.861001	0.327117
6300	-236.3008	-349.2314	112.9306	1.45865	3.778102	2.861001	0.4226543
6306	-234.351	-347.5046	113.1536	1.208578	3.907851	2.809837	0.6009544
6312	-237.9993	-350.8332	112.8339	0.5184719	3.865424	2.693889	1.642262
6318	-231.3422	-343.8482	112.5061	0.0733626	4.783938	4.402849	1.524464
6324	-237.1508	-350.0746	112.9237	0.1920295	4.1175	3.207717	1.591528
6330	-233.4564	-346.0276	112.5711	0.2920018	4.1175	3.207717	1.771368
6336	-231.1702	-343.983	112.8129	0.1591555	2.624012	3.207717	2.092533
6342	-235.0989	-348.5358	113.4369	0.1315758	2.624012	2.397121	1.939001
6348	-237.0542	-349.6159	112.5617	0.2797674	2.331664	4.750974	1.92531
6354	-233.7579	-345.8414	112.0835	0.6962407	5.157113	4.750974	1.19919
6360	-230.4413	-342.7706	112.3294	0.5888122	4.894745	4.750974	1.142338
6366	-236.4483	-348.3141	111.8659	0.5638781	6.110974	4.750974	1.288763
6372	-234.0456	-346.681	112.6355	0.18724	3.272865	5.627632	1.466566
6378	-237.1915	-348.8491	111.6576	0.4813474	3.965571	5.627632	1.777975
6384	-241.8689	-354.6084	112.7394	0.03685232	3.965571	4.254171	1.60292
6390	-241.7503	-354.7668	113.0165	0.08623588	3.792783	3.19082	1.685238
6396	-239.1881	-351.5341	112.3461	0.4852563	3.792783	5.945675	1.243152
6402	-235.2016	-347.1059	111.9042	0.4847957	4.766302	5.945675	1.349921
6408	-233.5349	-345.6533	112.1184	0.5418096	2.904319	6.913393	1.478446
6414	-233.5218	-346.7254	113.2036	0.660992	2.945338	2.836697	1.478446
6420	-233.7914	-345.6928	111.9015	0.2355197	2.945338	8.334064	1.64317
6426	-238.8282	-350.651	111.8228	0.1654258	3.058243	8.334064	1.714934
6432	-237.187	-349.2708	112.0837	0.4316601	2.956317	6.022283	1.714934
6438	-243.4451	-355.7033	112.2583	0.764623	2.956317	6.022283	1.336538
6444	-240.9819	-353.7236	112.7416	1.029596	3.216264	3.985033	1.098987
6450	-239.0142	-352.0707	113.0566	0.7370346	2.911393	3.360638	1.377205
6456	-237.9094	-350.0172	112.1078	0.9250487	2.911393	7.498251	1.066725
6462	-232.7603	-344.9534	112.1931	0.5988981	3.155158	7.498251	1.190831
6468	-228.9792	-340.3931	111.4138	0.8920296	4.173187	6.232745	1.501901
6474	-230.5016	-343.2672	112.7656	0.4144857	2.236954	6.232745	1.443994
6480	-233.8815	-345.1464	111.265	0.6295704	4.147111	10.45825	1.209753
6486	-237.4911	-348.2955	110.8044	1.122769	3.234688	11.55083	1.323425
6492	-228.0732	-339.4517	111.3785	0.7695718	3.247166	11.55083	1.132658
6498	-240.366	-353.8018	113.4358	1.207682	1.913776	3.68393	0.9730398
6504	-235.9808	-348.8884	112.9076	1.476143	2.970659	3.68393	0.4528007
6510	-232.5856	-345.5116	112.926	0.9805845	3.470038	3.68393	0.9739572
6516	-246.9458	-359.4137	112.4679	0.8664072	3.470038	3.68393	1.463819
6522	-237.8953	-349.5216	111.6263	0.4412743	3.617602	6.819581	1.717832
6528	-234.3703	-346.7933	112.423	0.7518176	5.037895	3.433553	1.263115
6534	-233.9024	-347.2831	113.3807	0.6814355	3.437401	2.490859	1.294551
6540	-238.2762	-350.3062	112.0301	0.8758499	3.437401	5.917273	1.294551
6546	-235.939	-348.1517	112.2127	1.254786	3.437401	5.917273	0.7214297
6552	-230.0549	-342.4584	112.4035	1.281878	2.902255	5.917273	0.7214297
6558	-228.1576	-340.8367	112.6791	1.582481	1.917887	5.917273	0.4611433
6564	-228.0894	-341.3954	113.306	1.448457	2.300738	3.542204	0.5384035
6570	-227.6178	-339.8936	112.2759	1.308652	3.076771	6.179267	0.6548027
6576	-235.4692	-347.8795	112.4103	1.080202	2.750859	6.179267	0.9683884
6582	-232.2852	-344.3294	112.0442	1.115525	3.349822	6.179267	1.046958
6588	-224.8023	-336.9076	112.1053	0.6636805	3.221805	6.179267	1.419968
6594	-236.6831	-348.8696	112.1865	1.032822	2.810421	5.305711	1.375454
6600	-240.8358	-353.9555	113.1197	0.8538076	5.015483	2.528092	0.8814531
6606	-240.8712	-353.1137	112.2425	1.036469	6.261937	3.8579	0.6323933
6612	-243.497	-355.6987	112.2018	0.3836645	3.976993	5.42248	1.491438
6618	-235.1601	-347.0813	111.9212	0.1785629	2.206714	5.42248	2.332274
6624	-233.9988	-346.6927	112.6939	0.05149741	2.206714	5.374	1.918077
6630	-246.041	-358.4972	112.4561	0.3862769	3.192555	3.462214	1.947689
6636	-242.0736	-353.1722	111.0986	0.6586878	2.799216	7.88866	2.006989
6642	-241.2279	-352.0074	110.7795	0.349942	2.799216	11.85653	1.999844
6648	-232.7196	-344.0525	111.333	0.514855	1.523812	11.85653	1.999844
6654	-227.9896	-340.4126	112.423	0.6356703	3.437251	4.248224	1.536285
6660	-225.4525	-338.064	112.6115	0.6047613	2.544222	4.248224	1.699012
6666	-227.367	-340.0949	112.7279	0.4971108	3.350968	3.244339	1.699012
6672	-225.7713	-338.8562	113.0849	0.1808166	3.350968	3.062639	1.722714
6678	-230.4155	-343.371	112.9555	0.1607741	3.350968	3.714464	1.650105
6684	-240.2674	-354.0097	113.7423	0.1797083	1.934026	2.970512	1.765249
6690	-239.6254	-352.2017	112.5763	0.2696363	1.934026	6.514237	1.765249
6696	-234.6277	-346.0882	111.4605	0.1478096	2.818281	6.514237	2.284945
6702	-232.2867	-344.7209	112.4342	0.003718895	2.283404	5.422092	2.087234
6708	-228.2469	-340.3176	112.0707	0.00600496	2.283404	7.512885	2.010439
6714	-227.6714	-339.5582	111.8867	0.02087242	2.283404	5.784342	2.36956
6720	-237.3751	-350.3359	112.9607	0.01989295	2.283404	4.412335	1.917354
6726	-231.1448	-342.9813	111.8365	0.02116126	4.326588	6.421866	1.758475
6732	-225.2882	-337.617	112.3288	0.02134469	2.937012	6.421866	1.771009
6738	-234.5814	-347.0389	112.4575	0.04041368	2.741909	6.421866	1.728235
6744	-226.7403	-337.9977	111.2574	0.9068379	3.339352	9.673699	1.32624
6750	-220.9424	-333.5699	112.6275	0.8887303	3.491162	4.606878	1.052742
6756	-221.8173	-334.8385	113.0212	0.889461	3.093086	3.497705	1.174188
6762	-225.5824	-338.4066	112.8243	0.8815562	2.600216	3.497705	1.512689
6768	-224.891	-337.7732	112.8822	0.8203614	4.404943	2.449235	1.333313
6774	-221.8092	-333.655	111.8457	1.332648	4.404943	6.010817	0.5755612
6780	-223.1444	-335.1514	112.0069	1.337865	3.951598	5.21402	0.8801477
6786	-238.7405	-351.8963	113.1558	0.8612865	2.430945	3.831811	1.237733
6792	-241.0311	-353.6135	112.5824	0.6152663	4.637107	4.100482	1.140198
6798	-244.8112	-356.9628	112.1516	0.8216615	2.354691	4.100482	1.964474
6804	-243.0981	-355.3963	112.2983	0.7626615	4.669758	3.570264	1.398123
6810	-240.5546	-351.8238	111.2692	0.5477081	5.325981	9.633493	1.085787
6816	-232.1115	-344.6627	112.5512	0.922404	5.325981	3.152911	1.025741
6822	-232.3784	-345.4603	113.082	0.9299207	3.121533	3.152911	1.193223
6828	-230.183	-343.8467	113.6637	0.4875782	3.121533	2.449892	1.339829
6834	-235.0328	-348.6485	113.6157	0.7999651	3.121533	2.256116	1.204327
6840	-235.0928	-348.7002	113.6073	1.08971	2.700917	2.256116	1.118208
6846	-226.6527	-339.9081	113.2553	1.203344	2.822855	2.841355	1.023207
6852	-242.6653	-355.0068	112.3415	1.200185	4.448331	4.640494	0.5041378
6858	-238.1922	-350.6546	112.4624	1.522045	3.186203	4.640494	0.4729662
6864	-233.2806	-346.0683	112.7877	1.522045	4.292494	2.566451	0.6873496
6870	-236.7045	-349.535	112.8304	1.273071	3.910445	3.412238	0.6245662
6876	-233.5064	-346.3369	112.8304	1.273071	3.910445	3.412238	0.6245662
6882	-228.1735	-340.1786	112.0051	0.3078707	3.384725	4.32803	2.050968
6888	-232.8388	-345.1745	112.3358	0.6093042	3.384725	4.32803	1.61562
6894	-228.0255	-340.3734	112.3479	0.3801078	3.384725	3.605472	1.937765
6900	-232.156	-344.9455	112.7895	0.5949663	1.992181	3.605472	1.937765
6906	-228.4346	-340.782	112.3474	0.3492028	3.563918	3.419231	1.960247
6912	-239.3686	-351.1007	111.7321	0.5008484	3.250232	4.516877	2.099814
6918	-246.0943	-358.0171	111.9228	0.6216068	2.767491	4.392522	2.054906
6924	-234.3997	-347.1979	112.7982	1.148981	1.871281	6.462571	0.906267
6930	-232.686	-345.6043	112.9183	1.373185	3.063964	3.703714	0.6760723
6936	-233.0839	-346.7279	113.644	1.175713	4.340991	1.349286	0.9664985
6942	-225.7365	-338.7844	113.0479	0.5639265	6.343991	2.266532	1.046108
6948	-224.9101	-337.4216	112.5115	0.4808908	7.283652	2.266532	1.399085
6954	-234.2471	-346.3342	112.0871	0.263284	7.283652	4.137995	1.296982
6960	-240.0416	-352.1107	112.0691	0.6102851	7.283652	3.429985	1.231518
6966	-236.667	-349.8201	113.1532	0.8571353	7.971163	1.607779	0.5889788
6972	-230.2939	-342.7503	112.4564	0.7532603	5.457621	3.919233	0.9688776
6978	-237.7612	-349.7189	111.9577	0.4255987	5.457621	4.374105	1.539001
6984	-230.0085	-342.8684	112.8599	0.65826	3.184285	3.229596	1.539001
6990	-229.1746	-341.7805	112.6059	1.005827	3.184285	3.229596	1.468922
6996	-225.3006	-337.343	112.0424	0.7387223	3.184285	6.170314	1.423919
7002	-232.0942	-341.4592	109.365	1.080045	3.260756	20.55713	1.69892
7008	-235.7896	-349.322	113.5324	1.139299	2.959685	1.919507	1.207039
7014	-235.4784	-348.7131	113.2347	0.6546544	3.107108	1.919507	1.754083
7020	-243.4189	-356.2587	112.8399	0.7154777	2.207068	2.046805	2.211524
7026	-240.7745	-352.7521	111.9775	0.5645252	2.207068	8.900884	1.533523
7032	-237.375	-350.6286	113.2536	0.5897567	1.573741	3.564154	1.81902
7038	-228.4077	-341.364	112.9563	0.6760968	3.060114	3.982223	1.275245
7044	-229.8549	-342.333	112.4782	0.7630362	2.376955	3.982223	1.801151
7050	-241.9147	-353.3124	111.3977	0.936671	3.316766	9.332142	1.240096
7056	-235.5643	-347.7008	112.1366	0.7880462	3.316766	6.312111	1.240096
7062	-236.2811	-348.8504	112.5692	0.5665834	2.732098	5.906409	1.348203
7068	-236.8274	-348.8582	112.0308	0.4780805	2.732098	5.348451	1.905734
7074	-235.4825	-347.314	111.8314	0.7394614	2.339684	6.09451	1.865997
7080	-237.3241	-349.9346	112.6105	0.4228823	1.770488	6.09451	1.773457
7086	-235.2468	-347.3333	112.0866	0.505809	1.567025	8.963173	1.773457
7092	-235.0277	-347.6808	112.6531	0.4947516	1.567025	8.50397	1.427931
7098	-232.9102	-346.3652	113.455	1.117165	1.567025	3.807719	1.208912
7104	-235.9225	-348.6994	112.777	0.8905267	3.457842	3.807719	1.162211
7110	-240.3434	-352.955	112.6116	0.8859205	4.289708	3.482028	1.162211
7116	-236.5867	-350.1223	113.5356	1.040596	4.289708	1.921605	0.8105357
7122	-242.9708	-355.8821	112.9114	0.9604984	6.54938	2.075826	0.8287191
7128	-234.5972	-347.8031	113.2058	0.9604984	4.63244	2.267304	0.937501
7134	-230.8967	-344.2364	113.3396	1.019359	4.63244	2.267304	0.6823193
7140	-239.1789	-350.2641	111.0852	1.181845	3.917474	11.25715	0.7902851
7146	-230.4788	-344.178	113.6992	1.042552	3.198505	1.681868	1.191719
7152	-225.6088	-338.9405	113.3317	1.081512	4.566423	1.816848	0.9727992
7158	-234.2179	-346.2781	112.0602	0.6606516	6.568527	4.688478	0.9439643
7164	-233.7336	-345.4982	111.7645	1.162105	6.568527	4.096663	0.9212819
7170	-229.7919	-342.3495	112.5576	0.7237302	5.13434	4.096663	0.9212819
7176	-237.4139	-350.3065	112.8926	0.5238736	2.244535	4.096663	1.700242
7182	-228.428	-340.5942	112.1662	0.4835885	2.81161	5.264997	1.799856
7188	-232.2863	-343.888	111.6017	0.8576231	5.788641	5.125871	1.241231
7194	-229.2326	-342.7723	113.5396	0.9841315	3.680968	1.785958	1.162021
7200	-227.086	-339.8058	112.7198	0.8569428	3.680968	3.937052	1.129913
7206	-230.8345	-343.0526	112.2181	0.9643837	3.680968	5.146543	1.152747
7212	-231.8543	-344.3041	112.4498	0.5866163	2.675425	4.280461	1.774316
7218	-227.241	-339.8445	112.6034	0.6150582	2.872484	3.74181	1.711084
7224	-229.2545	-341.8955	112.641	1.14326	3.196941	3.957578	1.102718
7230	-229.6864	-341.444	111.7575	0.8368472	4.719762	3.957578	1.633177
7236	-238.0341	-351.3973	113.3633	1.038472	2.851793	2.525344	1.197262
7242	-232.6792	-346.0207	113.3415	1.254561	3.112274	2.950048	0.610415
7248	-233.1097	-346.4116	113.3019	1.26521	3.112274	2.990699	0.639257
7254	-230.7395	-343.7506	113.011	1.569733	3.112274	2.990699	0.4083427
7260	-233.8977	-346.0757	112.178	1.301773	2.230789	8.815758	0.5767644
7266	-239.7027	-350.0691	110.3664	1.402766	3.356841	17.74956	0.7076145
7272	-235.822	-347.6659	111.8439	1.041148	1.954244	9.631198	1.283728
7278	-233.1234	-344.4282	111.3047	0.8833274	3.410167	9.631198	1.290425
7284	-224.3335	-337.8192	113.4857	0.9329259	3.410167	2.502449	0.9789204
7290	-231.6368	-343.5075	111.8707	1.150406	3.410167	6.738988	1.035633
7296	-229.6422	-341.6079	111.9657	0.7136557	3.410167	6.613739	1.354568
7302	-232.1361	-344.6398	112.5038	0.9208164	4.097504	3.793576	1.181299
7308	-236.105	-348.7174	112.6124	0.7239537	4.097504	2.947737	1.513551
7314	-239.602	-352.1009	112.4989	0.8006888	3.277198	5.516581	1.095806
7320	-239.9531	-352.9624	113.0093	0.9393534	5.436292	1.510397	1.351217
7326	-240.2614	-352.9336	112.6722	0.8989565	5.767138	2.885226	0.925093
7332	-241.2066	-353.584	112.3774	0.9464378	3.52513	3.690051	1.454411
7338	-231.8415	-344.1364	112.2949	1.014019	2.628264	5.236272	1.385463
7344	-235.0621	-346.5539	111.4918	0.9851258	4.020056	7.682638	1.155363
7350	-227.2727	-339.7993	112.5266	0.5907662	4.020056	5.02445	1.135911
7356	-243.353	-356.3288	112.9758	0.4987964	5.612812	2.226066	1.336738
7362	-240.0133	-353.6402	113.627	1.010127	2.433472	2.814743	1.040287
7368	-248.6896	-361.7186	113.029	0.7145118	2.433472	5.571509	1.016794
7374	-245.6152	-357.2549	111.6397	0.8939761	2.586243	9.60323	1.299205
7380	-249.7288	-362.5534	112.8246	0.9071901	5.647236	2.486003	0.9830051
7386	-236.7493	-348.3902	111.6409	1.089844	5.647236	5.894426	0.8105672
7392	-243.8359	-356.1673	112.3314	0.8199867	7.537594	3.358785	0.7035363
7398	-231.1069	-343.954	112.8471	1.304738	3.465456	3.775606	0.5518065
7404	-228.0394	-340.274	112.2346	1.06102	4.099802	5.537939	0.7707024
7410	-238.1583	-350.2184	112.0602	1.151566	3.972604	5.537939	0.9253362
7416	-237.4686	-349.5921	112.1234	1.015262	4.862988	5.537939	0.6352673
7422	-239.0732	-351.527	112.4538	0.6279921	2.467701	5.537939	1.556254
7428	-231.3441	-343.6128	112.2686	0.6154874	3.608445	5.537939	1.33737
7434	-235.744	-348.4828	112.7388	0.6811211	5.132217	2.508806	1.365689
7440	-237.2802	-347.9277	110.6475	1.479841	6.3543	8.634226	0.4734699
7446	-230.3588	-341.3226	110.9637	1.363709	5.498807	8.634226	0.4320324
7452	-235.9757	-347.7948	111.8191	1.365707	3.56983	7.297612	0.5209317
7458	-238.5846	-350.404	111.8194	1.365707	3.56983	7.297612	0.5175357
7464	-231.3747	-343.3724	111.9976	0.391251	3.267139	4.460835	2.003603
7470	-229.3299	-341.3778	112.0479	0.4623497	3.942665	5.011019	1.637217
7476	-231.0818	-343.5497	112.4678	1.113919	3.010119	5.011019	1.061457
7482	-230.3598	-342.9496	112.5899	1.402091	4.164787	3.524799	0.5767864
7488	-225.3679	-337.9202	112.5524	1.389361	4.164787	3.524799	0.6954425
7494	-241.2144	-352.0907	110.8763	1.364594	2.930835	13.31333	0.946423
7500	-238.9816	-351.9626	112.981	0.8901019	2.162872	4.652047	1.257126
7506	-237.9479	-350.0532	112.1053	0.9025594	4.599054	4.652047	1.165359
7512	-225.6798	-339.3069	113.6271	0.9280845	3.50877	1.46243	1.373438
7518	-230.5726	-343.1276	112.555	0.7912001	3.50877	3.36553	1.533162
7524	-235.7281	-347.8091	112.081	1.241334	4.881008	4.880988	0.4053447
7530	-224.749	-336.8427	112.0938	1.145716	5.12725	4.880988	0.6429491
7536	-230.6401	-342.655	112.0149	1.513431	2.60414	7.556631	0.5671512
7542	-232.8429	-343.8314	110.9885	1.597408	4.871024	7.556631	0.2893237
7548	-232.4284	-344.9541	112.5257	1.554786	4.041045	3.348795	0.3872802
7554	-234.3696	-346.7477	112.3781	1.630335	4.041045	3.348795	0.3067284
7560	-232.2734	-344.4489	112.1755	1.044302	7.238169	3.280769	0.7409114
7566	-229.7405	-342.6985	112.958	0.9306127	5.752712	2.522873	0.7409114
7572	-238.0234	-349.9223	111.8989	0.9341903	5.111113	6.656371	0.4996921
7578	-232.8205	-344.1367	111.3162	1.686744	5.478235	5.524906	0.5339363
7584	-222.8303	-335.8099	112.9797	1.44561	4.614775	2.155052	0.3536464
7590	-228.0063	-341.5053	113.499	1.248306	4.614775	1.651701	0.6547017
7596	-231.313	-344.4909	113.178	1.227445	5.970737	1.651701	0.5987773
7602	-244.4466	-357.8153	113.3687	0.5583721	4.543642	1.117552	1.788215
7608	-255.3222	-367.8605	112.5383	1.071371	2.445636	1.117552	2.521687
7614	-233.499	-345.8611	112.3621	1.126462	3.64532	5.276469	0.8154718
7620	-243.4409	-357.556	114.1152	0.2821116	3.206826	2.074403	1.274627
7626	-241.9639	-352.5292	110.5653	0.4114419	2.98169	11.30812	2.098516
7632	-234.0253	-346.759	112.7337	0.3913069	2.98169	4.56866	1.54925
7638	-239.3013	-351.7776	112.4763	0.6512298	2.98169	4.56866	1.547382
7644	-230.1248	-342.2691	112.1443	0.7944122	3.868402	4.56866	1.433642
7650	-233.8887	-347.5779	113.6892	0.5341731	4.419423	1.389761	1.433642
7656	-240.2248	-351.6888	111.464	0.5977442	2.573931	12.00582	1.396183
7662	-246.6518	-358.1606	111.5088	1.398204	6.364725	4.787431	0.3225402
7668	-238.9176	-351.2937	112.3761	1.398204	3.523389	4.869838	0.4218045
7674	-230.0721	-343.1478	113.0758	0.6761619	3.100149	4.027081	1.146337
7680	-241.2751	-352.451	111.1758	0.7812286	5.24313	9.686934	0.9618877
7686	-238.7381	-350.261	111.5229	0.1675513	3.535642	9.686934	1.626839
7692	-240.4327	-351.5558	111.1231	0.7497241	3.535642	9.686934	1.492606
7698	-239.2652	-351.3556	112.0905	0.4779988	3.535642	6.896798	1.35581
7704	-233.6406	-346.4713	112.8308	0.8418947	2.012212	5.22391	1.35581
7710	-235.9047	-348.2481	112.3434	1.198674	2.044426	7.384588	1.01481
7716	-239.7104	-351.9909	112.2805	1.114042	2.500745	7.384588	0.9161442
7722	-232.0274	-344.328	112.3006	0.8392716	2.500745	7.384588	1.162614
7728	-232.0526	-345.7231	113.6705	0.8439244	2.500745	2.712197	1.164643
7734	-233.8912	-346.9163	113.0251	0.4842168	2.623983	4.416572	1.415584
7740	-242.816	-354.5777	111.7617	0.5628041	2.79753	4.416572	2.185051
7746	-248.5962	-360.4317	111.8355	0.9820869	2.517772	6.297498	1.595778
7752	-230.4715	-343.2229	112.7514	0.988389	2.991164	3.497997	1.351191
7758	-230.8966	-343.5229	112.6263	0.7862465	2.263527	3.217874	1.916687
7764	-238.2651	-350.4084	112.1433	0.7776852	2.160706	6.246681	1.663365
7770	-246.3281	-358.7647	112.4366	0.4569795	2.160706	4.73097	1.955863
7776	-244.6225	-355.4258	110.8033	0.8569017	2.359956	16.63668	1.369359
7782	-239.2941	-353.1756	113.8815	0.8676835	2.359956	1.869209	1.397774
7788	-239.4531	-349.9611	110.508	0.7388651	1.885443	16.45261	1.876116
7794	-229.6617	-342.4636	112.8019	0.6198748	2.658279	2.733656	1.917605
7800	-238.3893	-351.4772	113.0879	1.170957	1.867805	5.089688	0.9428093
7806	-233.8732	-345.9179	112.0447	0.6685238	2.412445	5.091981	1.918526
7812	-234.8561	-348.0938	113.2377	1.381404	3.268117	2.734887	0.6343148
7818	-229.645	-342.8362	113.1912	1.498887	3.164826	2.734887	0.5259343
7824	-241.3558	-353.6038	112.248	1.525492	4.616238	3.766877	0.5125927
7830	-237.6714	-351.142	113.4706	1.272765	4.047073	1.96563	0.6161383
7836	-236.0383	-348.5909	112.5527	1.012964	3.685146	4.319938	1.021417
7842	-239.4106	-351.9447	112.5341	1.072837	5.036789	3.839334	0.6067279
7848	-236.5577	-349.4193	112.8616	0.6096983	3.871866	3.839334	1.192925
7854	-247.1392	-359.7388	112.5996	0.3496452	5.993737	2.807027	1.450468
7860	-251.4914	-364.6635	113.1721	0.1581904	4.932783	2.807027	1.370066
7866	-245.9099	-358.972	113.0622	0.1313464	5.413707	2.807027	1.374436
7872	-234.4789	-347.4111	112.9323	0.7824699	3.444003	4.264603	0.9790861
7878	-245.1346	-355.6479	110.5133	0.3962706	2.591937	9.053296	2.478862
7884	-239.3904	-351.3656	111.9752	0.571936	2.591937	9.053296	1.359831
7890	-244.7164	-356.6962	111.9798	0.4262276	3.51705	5.06101	1.8078
7896	-233.8984	-345.4308	111.5324	0.637047	3.51705	8.725679	1.395264
7902	-224.0335	-337.4972	113.4637	0.9843272	3.51705	2.69416	0.7929008
7908	-223.7986	-337.1868	113.3882	0.5738359	4.37309	2.69416	1.011513
7914	-229.3241	-342.4982	113.174	0.7880447	4.37309	2.69416	1.011513
7920	-235.6894	-347.9158	112.2264	0.7886089	5.052868	3.961741	1.234652
7926	-232.4534	-345.0413	112.5879	0.8476996	3.923572	3.961741	1.17202
7932	-236.1633	-349.5973	113.4341	0.7136241	3.923572	2.265706	1.17202
7938	-229.0486	-341.9895	112.9409	0.7588468	4.709373	2.265706	1.337479
7944	-236.2819	-349.5691	113.2872	0.9179153	2.995003	2.482186	1.32632
7950	-231.9735	-343.4274	111.4539	0.4505079	2.752072	5.755602	2.229506
7956	-240.2373	-353.1624	112.9251	0.8283343	3.24013	4.225189	1.0322
7962	-237.6805	-349.944	112.2635	0.7379128	4.957836	4.225189	1.194905
7968	-231.1552	-343.8317	112.6765	0.3657248	3.268805	4.995595	1.429082
7974	-239.1172	-351.9763	112.8592	0.523616	2.350647	4.995595	1.484828
7980	-238.595	-351.5858	112.9908	0.6803455	3.155956	3.801057	1.262133
7986	-238.2811	-351.236	112.9549	1.022004	5.054431	2.649152	0.7915632
7992	-235.1325	-347.7093	112.5768	1.065692	2.983494	5.82448	0.7680847
7998	-233.7632	-347.4935	113.7302	0.9543612	2.983494	2.225434	1.027761
8004	-234.2404	-347.6276	113.3872	1.06366	3.063827	1.695889	1.46245
8010	-231.0381	-345.4482	114.4101	1.06366	1.958513	1.695889	1.06741
8016	-232.534	-344.6309	112.0969	1.030273	3.859975	6.491388	0.7977785
8022	-236.8795	-350.8859	114.0064	1.322578	4.357552	0.9721089	0.7558435
8028	-227.0693	-339.4962	112.4268	1.022712	4.357552	4.322785	0.9064055
8034	-221.6798	-334.4231	112.7433	1.352711	3.124242	4.322785	0.5840953
8040	-228.4905	-340.9824	112.4919	1.352711	3.124242	4.322785	0.9563381
8046	-237.2598	-347.9686	110.7088	1.451862	3.124242	10.56651	1.286033
8052	-238.3662	-351.0764	112.7103	0.6662918	3.164682	3.135525	1.675251
8058	-231.9398	-344.8823	112.9424	0.6451745	3.164682	3.915191	1.295279
8064	-230.252	-343.0743	112.8223	0.8654915	3.164682	3.915191	1.211952
8070	-236.0264	-349.9858	113.9594	0.5537812	2.219898	2.868147	1.229642
8076	-235.543	-348.8048	113.2618	0.8526429	2.626333	3.376015	1.216331
8082	-245.1335	-358.4498	113.3163	0.7003526	2.626333	2.132818	1.726696
8088	-235.2357	-346.6518	111.4161	0.8250737	2.626333	9.865162	1.479937
8094	-228.212	-340.0292	111.8172	0.7839986	2.626333	8.466235	1.38581
8100	-235.0722	-346.4721	111.3999	0.7973016	3.506781	9.85535	1.222422
8106	-232.1131	-344.0489	111.9358	0.7683632	3.495628	7.080691	1.225259
8112	-232.1733	-344.4422	112.2689	0.4142253	4.349395	2.885574	1.936233
8118	-235.1503	-347.1979	112.0476	0.2168063	4.349395	2.885574	2.212245
8124	-236.0605	-348.4531	112.3925	0.5503748	4.781046	2.158955	1.913378
8130	-231.8636	-344.7446	112.881	0.9729851	4.781046	2.158955	1.241622
8136	-235.2672	-348.4981	113.231	1.017772	4.744703	2.158955	0.8739289
8142	-240.4736	-352.4964	112.0227	0.7212735	2.303065	9.383505	1.27273
8148	-244.5334	-356.5584	112.025	0.552359	2.682219	9.383505	1.255829
8154	-237.0245	-349.9181	112.8936	0.9778295	3.367871	3.871948	0.982131
8160	-233.9087	-346.8479	112.9392	0.8420218	2.657429	3.178743	1.529054
8166	-245.5966	-359.5436	113.947	0.7073472	4.177247	1.342777	1.17611
8172	-241.5451	-354.9345	113.3895	1.983274	2.586971	1.541348	0.2244842
8178	-242.4345	-354.794	112.3595	1.91817	3.844333	2.725066	0.266115
8184	-245.4983	-358.235	112.7367	1.954765	2.368567	3.530962	0.3794691
8190	-235.6351	-348.4259	112.7908	1.058397	3.112033	3.823482	1.11718
8196	-242.5191	-355.8918	113.3727	1.070637	2.395036	3.902524	0.808613
8202	-234.2156	-347.9033	113.6877	1.005495	2.768773	2.804521	0.808613
8208	-247.9614	-361.0626	113.1013	1.064319	4.166817	2.804521	0.800646
8214	-231.4856	-343.8908	112.4052	1.289086	2.80512	5.722232	0.8367429
8220	-238.5655	-350.9934	112.4279	1.776405	2.055245	5.767439	0.4148335
8226	-240.5801	-353.8178	113.2377	1.331541	2.618178	3.452929	0.6995142
8232	-236.1609	-349.1399	112.979	1.14482	3.510576	3.452929	0.8053783
8238	-236.7549	-349.4701	112.7152	1.14182	4.442975	3.452929	0.7345801
8244	-232.3272	-345.7001	113.3728	1.581427	3.936319	1.720258	0.4592724
8250	-241.5646	-354.0558	112.4912	1.427548	3.024197	5.095076	0.4576473
8256	-228.8769	-343.1284	114.2515	1.062554	3.024197	1.39427	0.9109357
8262	-221.5242	-335.0715	113.5473	0.8259306	3.643752	1.628851	1.3834
8268	-225.407	-338.8199	113.4129	0.7617514	3.175884	2.254806	1.3834
8274	-232.6182	-345.4102	112.792	0.9316838	2.72275	4.742876	1.118326
8280	-230.0196	-342.0579	112.0383	0.6626223	3.670022	5.719747	1.427104
8286	-235.1413	-348.3238	113.1826	0.8805416	3.670022	2.537025	1.202994
8292	-234.86	-347.1946	112.3346	1.399617	3.911786	4.499358	0.3972606
8298	-224.0823	-336.4964	112.4141	1.369443	3.818593	4.499358	0.5638009
8304	-229.521	-343.1374	113.6164	1.128492	2.801279	2.817103	0.7017417
8310	-229.7232	-342.7628	113.0396	1.076817	3.588046	2.817103	1.065209
8316	-223.6736	-336.2562	112.5826	0.8989692	6.527174	2.908414	0.8059075
8322	-232.5964	-345.3846	112.7882	0.893487	6.061237	2.755044	0.7735593
8328	-237.663	-350.3578	112.6947	0.6695248	5.967578	2.755044	1.135419
8334	-241.1138	-354.5069	113.393	0.6858504	3.952153	2.755044	1.00407
8340	-241.6442	-352.456	110.8118	0.6428237	3.952153	12.40434	1.396907
8346	-227.1153	-338.528	111.4128	0.1581282	3.169753	9.014421	1.888364
8352	-223.1923	-336.2391	113.0468	0.4013935	3.169753	3.666757	1.471382
8358	-225.0214	-337.3826	112.3613	0.6877627	4.642568	3.666757	1.386225
8364	-220.6919	-333.8335	113.1415	0.6795965	2.776899	3.666757	1.311572
8370	-219.693	-333.0983	113.4053	0.8896843	2.776899	2.644551	1.267319
8376	-224.5218	-337.1647	112.6429	0.8896843	2.776899	4.597276	1.2974
8382	-215.7061	-328.3694	112.6633	1.030372	2.776899	4.597276	1.16157
8388	-219.0216	-331.1141	112.0925	1.023224	2.218144	4.597276	1.810226
8394	-226.9013	-339.8582	112.9568	1.035191	2.906149	4.597276	0.79264
8400	-230.1609	-342.5474	112.3865	1.366099	3.90561	4.523037	0.4771956
8406	-240.6288	-352.64	112.0112	1.201114	5.017291	5.129925	0.6131497
8412	-238.8972	-351.2505	112.3533	1.163135	4.06502	5.129925	0.5659865
8418	-228.0121	-341.2476	113.2355	1.503366	4.46582	1.781583	0.5639416
8424	-234.2409	-346.7542	112.5133	1.329702	3.440697	4.762534	0.5621299
8430	-227.9335	-340.1676	112.2341	1.391398	4.249619	4.480253	0.625742
8436	-224.4402	-337.0903	112.6501	1.427974	2.813631	4.865596	0.5163265
8442	-234.891	-347.3364	112.4454	1.277727	3.430226	4.804067	0.7850377
8448	-230.57	-342.7137	112.1437	0.7950651	4.798129	4.804067	1.134984
8454	-239.2002	-351.6119	112.4118	0.7950651	4.798129	4.804067	0.8653143
8460	-238.5701	-351.3129	112.7428	0.7760148	2.341616	4.804067	1.426359
8466	-239.8154	-352.8825	113.0671	0.8432673	2.341616	4.804067	1.101282
8472	-226.3286	-339.2862	112.9576	1.010739	3.276689	2.973241	1.240791
8478	-229.2507	-342.7093	113.4586	1.210604	2.522857	2.70321	1.015308
8484	-232.5546	-345.4662	112.9116	1.215703	2.522857	3.874971	1.087803
8490	-228.8877	-341.5952	112.7075	1.146441	3.454656	2.841865	1.324937
8496	-231.1356	-344.0952	112.9596	0.8943737	3.454656	2.841865	1.324937
8502	-234.1912	-347.2441	113.0529	0.7184519	2.221938	5.128758	1.199244
8508	-228.2248	-341.6994	113.4746	1.024666	2.221938	3.471046	1.019582
8514	-227.3683	-338.9803	111.6121	1.06316	2.221938	6.8623	1.716054
8520	-229.3021	-341.1355	111.8334	0.6960911	2.221938	6.499577	1.872593
8526	-228.2328	-340.6391	112.4062	0.7946626	2.884672	6.499577	1.118347
8532	-227.5167	-340.8609	113.3442	0.6864494	2.884672	1.887866	1.73492
8538	-222.5345	-336.1186	113.5841	0.6137869	2.769055	1.887866	1.652787
8544	-225.7661	-338.4404	112.6743	0.7530588	2.769055	1.954569	2.149173
8550	-229.1581	-342.0044	112.8463	0.4619206	2.769055	1.954569	2.226385
8556	-233.5524	-346.2486	112.6962	0.4760812	3.392887	1.954569	2.145897
8562	-218.4597	-331.4829	113.0232	1.535487	4.51185	2.053796	0.4379695
8568	-217.7009	-331.5669	113.866	1.535487	2.527018	1.907282	0.4384498
8574	-218.4065	-330.3033	111.8968	1.608525	2.686158	7.463875	0.428309
8580	-220.9594	-332.7024	111.743	1.412131	3.159259	8.272274	0.5093857
8586	-220.9115	-333.5447	112.6332	1.412131	3.159259	4.423139	0.6000802
8592	-228.7315	-341.2562	112.5246	1.079402	2.604257	4.423139	1.347076
8598	-230.3889	-344.2846	113.8957	1.079402	2.274907	1.815336	1.279801
8604	-232.295	-345.5956	113.3007	1.123377	4.152329	1.815336	1.089564
8610	-245.2578	-358.6871	113.4293	0.7260663	4.152329	2.594315	0.933435
8616	-234.9732	-348.0011	113.0279	1.182514	3.103088	3.859259	0.6945509
8622	-231.8156	-344.4507	112.6352	1.244152	3.259065	4.833593	0.6091625
8628	-221.1325	-335.0521	113.9195	1.280703	2.967367	1.759367	0.7600343
8634	-219.408	-332.8287	113.4207	1.037424	4.257861	1.848645	1.00424
8640	-223.6312	-335.1347	111.5035	1.094253	2.631057	9.44534	1.250248
8646	-225.0345	-338.8927	113.8582	0.9084754	2.139331	2.588185	1.160103
8652	-243.8868	-356.1212	112.2344	1.314441	2.389104	8.003577	0.5605882
8658	-244.7513	-356.4679	111.7167	0.3655852	3.017178	8.003577	1.70432
8664	-239.1683	-351.3082	112.1399	0.2897801	3.017178	6.339678	1.70432
8670	-242.733	-354.5543	111.8213	0.6336879	2.267876	6.339678	1.931232
8676	-234.4102	-346.7623	112.3521	0.2831326	2.267876	6.339678	1.808199
8682	-246.1538	-357.5373	111.3835	0.1513095	2.757515	7.037113	2.276453
8688	-246.4844	-357.6614	111.177	0.1947935	2.887246	5.677543	2.540768
8694	-236.2946	-349.2905	112.9959	0.8286562	4.92343	1.523775	1.545454
8700	-239.0175	-350.7475	111.73	0.5957091	5.213227	7.325856	1.02988
8706	-230.6922	-343.9835	113.2913	1.560397	2.711809	2.801204	0.4489276
8712	-234.6534	-348.4116	113.7582	1.300225	2.291797	2.801204	0.4489276
8718	-233.4016	-346.7694	113.3678	1.263116	3.158453	2.801204	0.6396674
8724	-228.8574	-343.2958	114.4384	1.211341	3.848753	0.7812002	0.8344105
8730	-225.4136	-338.6993	113.2857	1.035776	2.975941	2.647995	1.169213
8736	-233.545	-345.3517	111.8067	0.9143091	2.936907	7.91201	1.259682
8742	-238.7939	-351.9631	113.1691	1.224258	3.078865	3.224772	0.7915547
8748	-230.1007	-343.5974	113.4968	1.224258	3.078865	2.417416	0.8362706
8754	-237.3037	-350.8891	113.5853	1.095182	2.423949	2.417416	1.177063
8760	-231.8241	-343.5856	111.7615	0.1715502	3.648772	6.380124	1.87117
8766	-238.2014	-350.2269	112.0255	0.1348485	3.648772	3.556337	2.257649
8772	-244.4652	-357.2115	112.7464	0.2214329	2.191866	3.556337	2.15072
8778	-238.937	-351.1761	112.2391	0.3988635	2.191866	5.412769	1.988889
8784	-237.7047	-351.8813	114.1767	0.8281769	2.567406	2.074209	0.9799415
8790	-241.7959	-355.2333	113.4374	0.9644098	2.567406	3.220665	1.038027
8796	-242.241	-355.8202	113.5792	1.043639	2.865405	2.52289	0.9885191
8802	-243.595	-357.2929	113.6978	1.130679	2.373019	2.947029	0.7988395
8808	-245.4344	-357.2333	111.7989	0.9126127	3.192752	6.222989	1.465025
8814	-237.7854	-349.8829	112.0975	0.816387	2.958988	5.323839	1.554268
8820	-243.7067	-355.5069	111.8003	0.3995709	4.58731	5.323839	1.650695
8826	-240.5737	-352.5162	111.9425	0.5135039	2.214896	8.456619	1.650695
8832	-240.4286	-351.1869	110.7583	1.178976	2.214896	12.98212	1.532807
8838	-231.6058	-344.0777	112.4719	0.7651191	3.915772	5.342473	0.9730896
8844	-229.7015	-342.3243	112.6228	0.8278325	5.222838	3.41411	0.9730896
8850	-232.2193	-345.6444	113.4251	0.6353045	5.249697	1.544933	1.280877
8856	-224.4464	-336.7665	112.3201	0.5507218	5.086611	4.892431	1.099507
8862	-228.8868	-342.9321	114.0453	1.284508	1.936921	1.179959	1.519537
8868	-232.7789	-343.9208	111.1419	1.163515	2.900196	10.66486	1.232497
8874	-236.9864	-349.0881	112.1017	0.5547853	4.373677	4.818423	1.46591
8880	-239.0932	-350.9941	111.9009	1.026273	2.778042	9.608703	0.8384279
8886	-241.7087	-353.9079	112.1992	1.129046	3.153763	6.225952	0.9450645
8892	-235.1745	-348.7868	113.6123	1.180341	3.153763	2.05019	0.9450645
8898	-231.0224	-344.5272	113.5048	1.415372	2.361821	2.82265	0.7547878
8904	-224.8061	-338.5608	113.7547	1.304204	2.361821	2.703146	0.5859963
8910	-238.4396	-351.8425	113.4029	1.056683	3.383377	2.703146	0.8382653
8916	-241.1601	-355.4821	114.322	1.691895	2.275503	1.217081	0.4063772
8922	-238.6728	-351.5613	112.8886	1.016594	2.129636	4.287457	1.335753
8928	-236.3453	-349.4333	113.0881	0.8408312	2.129636	3.701439	1.470971
8934	-236.503	-350.8233	114.3203	1.077806	2.019279	2.248311	0.7387429
8940	-229.1355	-342.2282	113.0927	0.9951943	2.019279	5.30041	0.9667071
8946	-238.5672	-352.0674	113.5003	0.7856103	1.804203	3.870221	1.296504
8952	-235.7427	-348.3131	112.5704	0.3218884	5.043967	3.706613	1.407059
8958	-233.0018	-346.1019	113.1002	0.8197808	2.981138	3.706613	1.140084
8964	-231.7177	-343.8645	112.1469	1.089888	5.101598	4.642074	0.7781311
8970	-235.4689	-349.8376	114.3687	1.127774	2.715023	0.7300015	1.441613
8976	-239.4547	-354.5489	115.0942	1.008051	2.019351	0.7300015	1.244809
8982	-239.9838	-354.3226	114.3388	1.014527	1.831719	2.301369	0.9056251
8988	-243.6973	-357.2183	113.5211	0.9987096	3.596108	2.301369	0.9056251
8994	-239.277	-351.8384	112.5614	0.6784882	4.31883	3.420168	1.386358
9000	-242.1815	-354.7999	112.6185	0.3820222	4.823316	3.420168	1.453474
9006	-231.3596	-344.7232	113.3637	0.5322452	3.245791	2.903863	1.334531
9012	-227.4276	-339.7333	112.3056	0.4539501	4.22477	3.026709	1.870106
9018	-236.5539	-349.2591	112.7052	0.9113512	4.131286	1.484558	1.883428
9024	-240.4638	-352.0457	111.5819	0.5386291	4.970026	6.850524	1.352131
9030	-234.4294	-346.4081	111.9786	0.5386291	4.970026	2.46932	2.053188
9036	-242.7729	-354.6608	111.8879	0.900567	3.58561	4.324495	1.674572
9042	-233.4428	-346.2779	112.8352	0.7194071	3.533863	2.425802	1.675311
9048	-235.515	-347.6235	112.1084	0.7382052	3.64144	4.733301	1.526922
9054	-237.1287	-349.3987	112.27	0.4489743	3.64144	3.023238	2.032462
9060	-237.328	-348.2321	110.9041	0.7448728	3.64144	11.01995	1.478113
9066	-238.6859	-350.7583	112.0724	0.7273785	3.381988	6.708319	1.248531
9072	-225.8112	-337.8777	112.0665	0.6477106	1.930122	6.708319	1.828227
9078	-224.3366	-335.8209	111.4844	0.4304218	1.930122	8.80316	2.089582
9084	-221.7398	-333.7138	111.974	0.6379621	2.685006	6.717673	1.618346
9090	-240.5266	-353.5937	113.0671	0.9528912	2.832458	4.698032	0.7566158
9096	-240.6555	-355.1015	114.4459	0.8697339	2.761424	1.392301	1.029647
9102	-231.3893	-344.1488	112.7595	0.9378908	3.345875	3.597694	1.23798
9108	-230.1615	-341.9806	111.8191	1.063933	4.066521	5.681779	1.175039
9114	-228.5215	-341.7005	113.1791	0.9318232	4.066521	2.705599	0.9552633
9120	-238.0203	-350.9901	112.9698	0.811119	4.066521	2.705599	1.257802
9126	-230.6779	-342.5127	111.8348	0.4430394	3.110344	4.59683	2.091685
9132	-237.3297	-349.4327	112.103	0.6519811	2.105408	4.59683	2.094803
9138	-233.8649	-346.2141	112.3492	1.363955	3.399608	5.241893	0.6017327
9144	-242.226	-354.7869	112.5609	1.42092	2.779328	5.241893	0.5641257
9150	-246.2736	-358.2098	111.9362	2.174983	1.711823	5.477524	0.1763325
9156	-244.6217	-355.2269	110.6051	2.669625	1.844894	5.477524	0.0668594
9162	-242.636	-356.1706	113.5345	0.9727388	3.993821	2.284335	0.7564965
9168	-239.104	-353.1079	114.0039	1.141565	2.429668	2.284335	0.7564965
9174	-228.1692	-342.3551	114.1859	0.7858323	2.153897	2.284335	1.105903
9180	-226.8923	-340.6066	113.7143	0.8335798	2.894465	2.284335	1.160216
9186	-226.3516	-340.5432	114.1915	0.9135998	2.106372	1.612939	1.357231
9192	-229.0893	-343.1337	114.0444	1.311512	2.201094	1.625453	1.093052
9198	-236.9683	-349.9789	113.0106	0.5460072	2.971288	3.659862	1.453826
9204	-231.9131	-345.0101	113.097	0.6479348	3.007412	1.625325	2.01035
9210	-221.1565	-334.3219	113.1654	0.7706371	3.168673	4.02553	0.9427429
9216	-229.9721	-342.7402	112.7681	1.085459	2.486521	4.02553	1.295317
9222	-226.1701	-339.8185	113.6484	1.265453	3.132933	1.488499	1.183648
9228	-223.8346	-335.4275	111.5929	1.072629	2.616884	10.54164	1.042234
9234	-230.0634	-342.1843	112.1209	0.7777727	2.616884	5.387026	1.665129
9240	-233.0069	-345.7565	112.7497	0.7148206	2.209495	2.408593	2.142904
9246	-226.6424	-339.8096	113.1672	0.9807402	2.95697	3.166858	1.129501
9252	-230.7861	-343.8576	113.0715	0.9803209	3.681587	3.576603	0.7537939
9258	-235.5979	-347.3597	111.7618	1.048488	5.24097	6.372965	0.6776958
9264	-230.9906	-343.9418	112.9511	1.116241	2.705027	4.90994	0.67116
9270	-236.9235	-348.9714	112.0478	1.453884	4.278117	4.90994	0.418662
9276	-233.2676	-344.3623	111.0947	1.53269	3.974277	9.31818	0.3686595
9282	-231.8014	-344.1077	112.3063	1.68542	4.139267	3.393876	0.3366262
9288	-229.6113	-341.9857	112.3744	1.618598	4.139267	3.393876	0.3379933
9294	-231.6773	-343.9535	112.2761	1.657716	4.139267	3.393876	0.2886178
9300	-244.924	-357.5971	112.6731	1.387217	4.139267	3.393876	0.5110581
9306	-235.5723	-347.8334	112.261	0.9835654	4.139267	6.131002	0.5110581
9312	-237.0176	-350.2465	113.2289	1.271125	2.413319	3.876148	0.7269672
9318	-222.5436	-335.4713	112.9277	1.180454	3.276997	3.876148	0.7377723
9324	-226.5316	-339.4414	112.9097	1.275209	3.276997	3.876148	0.572953
9330	-228.7132	-341.7057	112.9925	1.159087	3.174964	3.876148	0.7337671
9336	-235.6681	-348.3945	112.7263	0.9681953	3.174964	5.397945	0.7337671
9342	-235.7599	-347.5571	111.7972	1.57879	4.220018	5.397945	0.622073
9348	-231.8517	-344.5096	112.6579	1.498204	3.484796	3.637159	0.3673583
9354	-238.2482	-350.5993	112.3512	1.716401	3.484796	3.637159	0.2853521
9360	-240.0872	-352.9072	112.82	1.746881	2.699794	3.114325	0.26703
9366	-243.5578	-356.5515	112.9937	1.564592	4.710823	1.907531	0.3782019
9372	-247.5893	-359.0246	111.4353	1.618111	5.299358	5.041345	0.2873397
9378	-238.2849	-351.2615	112.9765	1.349515	4.906643	2.278225	0.5219223
9384	-237.2931	-350.9874	113.6943	1.478754	2.578035	2.278225	0.5293936
9390	-240.6344	-353.4528	112.8184	0.8120193	2.787006	3.385721	1.536101
9396	-225.2987	-338.0559	112.7572	1.176478	2.729967	5.090672	0.7856966
9402	-231.4599	-344.8726	113.4127	1.176478	3.134176	2.442294	0.9463564
9408	-232.5836	-345.261	112.6775	0.9264563	3.134176	3.453387	1.423867
9414	-238.4064	-350.0709	111.6646	1.681346	4.53534	5.043513	0.3543498
9420	-241.7008	-354.9153	113.2145	1.32756	5.174646	1.740671	0.6220498
9426	-243.7002	-356.9235	113.2233	1.583832	4.90274	1.502064	0.4722357
9432	-239.7315	-352.6217	112.8901	1.455192	2.484554	4.430698	0.5994629
9438	-237.9055	-351.5537	113.6482	1.36488	2.359552	2.824262	0.5534377
9444	-242.4758	-355.33	112.8541	1.544339	3.329694	3.26762	0.5148874
9450	-238.7449	-352.1002	113.3554	1.713986	3.329694	1.859422	0.4054862
9456	-232.3865	-345.4683	113.0818	1.713986	3.912747	1.859422	0.3248505
9462	-242.9741	-355.4022	112.4281	1.756511	2.696548	4.617846	0.4068111
9468	-237.1387	-348.5728	111.4341	1.756511	5.54	4.617846	0.3574979
9474	-237.2774	-350.1327	112.8554	1.702977	2.515739	3.769065	0.4401959
9480	-239.4666	-351.0425	111.5759	2.034227	3.661104	3.921185	0.1687379
9486	-235.4901	-347.311	111.8209	1.97936	2.40677	5.729009	0.228288
9492	-233.9959	-346.3621	112.3662	1.649162	3.761983	3.658219	0.3305355
9498	-233.6954	-345.6809	111.9855	1.47106	3.962885	5.306875	0.3528629
9504	-237.6075	-350.0083	112.4008	1.650359	2.551373	5.306875	0.3919768
9510	-229.419	-342.269	112.85	1.386494	3.355774	3.647025	0.4378987
9516	-228.3174	-341.1703	112.853	1.386494	3.355774	3.647025	0.5539566
9522	-223.4339	-338.1573	114.7233	1.386494	2.700809	0.8728687	0.6729665
9528	-233.5147	-345.2236	111.7089	1.351454	9.726788	2.718791	0.3797274
9534	-233.5736	-346.3379	112.7642	1.237226	7.963959	1.625034	0.4253042
9540	-234.9388	-347.4415	112.5027	1.462919	7.963959	1.625034	0.3602923
9546	-234.7567	-346.8327	112.076	1.739726	5.246175	2.631648	0.2282255
9552	-231.1741	-344.0288	112.8547	1.328516	3.462746	3.702282	0.4805308
9558	-225.3093	-337.4261	112.1168	1.868753	4.693573	2.429551	0.1970781
9564	-224.4867	-336.792	112.3054	1.868753	4.693573	2.429551	0.2820712
9570	-238.6792	-350.84	112.1608	0.1748256	2.491112	5.388813	2.090558
9576	-240.7258	-352.1561	111.4304	0.2396197	1.70471	10.51749	2.160738
9582	-238.7988	-349.1293	110.3305	0.7062263	2.437482	10.51749	2.297408
9588	-239.4823	-351.3129	111.8306	0.9772176	2.437482	8.743015	1.25358
9594	-241.7775	-354.849	113.0715	0.4061641	2.419226	3.064001	1.860363
9600	-234.5247	-347.562	113.0374	0.6922556	3.527503	3.064001	1.326002
9606	-235.0268	-347.0871	112.0603	0.7217974	4.862355	3.064001	1.709232
9612	-230.2482	-342.9033	112.6551	0.6168695	2.913665	4.241335	1.537548
9618	-231.4599	-344.0319	112.572	0.745161	2.913665	3.462774	1.70093
9624	-221.764	-334.8224	113.0583	0.7275351	2.913665	3.462774	1.351644
9630	-229.8613	-342.7533	112.892	0.8401723	3.225299	3.462774	1.290191
9636	-231.6614	-344.7109	113.0496	0.8221775	3.225299	3.462774	1.172642
9642	-228.4165	-341.5123	113.0958	0.720719	3.337725	3.491361	1.172642
9648	-229.7977	-342.1637	112.366	0.938255	4.044693	5.404451	0.8299748
9654	-235.1027	-347.4968	112.3941	0.8061406	4.044693	5.404451	0.9489592
9660	-237.5154	-350.6081	113.0927	0.9538834	3.640367	3.301253	0.9109356
9666	-233.1435	-344.7251	111.5815	1.187111	3.640367	9.023484	0.707385
9672	-231.2044	-344.9481	113.7438	1.300695	2.114332	2.941191	0.6835163
9678	-231.7679	-344.7438	112.9759	1.210601	2.114332	4.946783	0.9069292
9684	-240.5019	-351.9762	111.4743	1.248056	3.039605	8.548954	1.118605
9690	-224.1075	-335.743	111.6354	0.9258369	2.966847	9.904045	1.084947
9696	-238.3193	-349.7869	111.4676	0.5771605	3.412208	10.693	1.271858
9702	-228.0061	-341.0484	113.0423	1.106811	2.092221	5.437239	0.8064132
9708	-233.6981	-347.352	113.6539	1.32194	3.267305	1.714166	0.9216681
9714	-235.7748	-348.4729	112.6981	0.7557672	2.540575	2.825528	1.905723
9720	-227.3124	-338.3351	111.0228	1.128663	2.540575	14.00879	1.124749
9726	-220.5876	-333.5471	112.9596	0.6404336	2.620387	3.208823	1.664861
9732	-230.7895	-342.9411	112.1516	0.4591457	2.942152	4.320251	1.974491
9738	-229.0045	-342.0547	113.0502	0.44105	2.942152	2.353022	1.909323
9744	-232.1433	-344.9768	112.8335	0.9260566	2.942152	2.353022	1.724191
9750	-232.7336	-346.2855	113.5519	1.305157	2.942152	2.353022	0.7767852
9756	-242.6047	-356.0414	113.4367	1.722513	5.302028	0.8426745	0.2834892
9762	-240.3302	-352.2782	111.9481	1.558483	5.302028	3.665659	0.3009527
9768	-234.8485	-347.4921	112.6436	1.558483	3.986605	3.164529	0.5001724
9774	-239.4464	-352.5777	113.1313	1.373689	2.448367	3.952737	0.3859222
9780	-226.3651	-339.9616	113.5965	1.318926	3.703422	1.763394	0.7515585
9786	-226.7234	-340.406	113.6826	1.211214	3.703422	1.763394	0.7825957
9792	-230.1746	-343.4572	113.2826	1.207258	4.9318	1.763394	0.8008725
9798	-222.6418	-336.1261	113.4843	1.039561	4.9318	1.763394	0.7531703
9804	-222.8401	-336.4791	113.6389	0.9641222	4.367773	1.763394	0.8692855
9810	-223.6169	-336.9143	113.2974	1.467821	4.643052	1.541797	0.3164842
9816	-227.5113	-338.5843	111.0731	1.997011	3.184804	8.080063	0.3001142
9822	-222.9824	-335.5069	112.5246	1.673226	2.671019	4.455061	0.3375366
9828	-231.964	-345.7069	113.7429	1.859613	2.885578	1.300516	0.3375366
9834	-232.3064	-344.6805	112.3741	1.624577	2.962044	4.724883	0.3510677
9840	-240.2867	-352.1567	111.8701	0.6692379	3.921203	4.179404	1.798599
9846	-247.9171	-360.8391	112.922	0.7383248	4.626757	3.316141	0.9707188
9852	-245.2946	-357.8324	112.5378	0.8058547	4.626757	3.316141	1.259112
9858	-240.6469	-352.3117	111.6648	0.737339	2.602454	5.822682	1.936728
9864	-245.3811	-357.4138	112.0327	0.8510133	2.617155	7.494102	1.311959
9870	-245.4504	-357.2325	111.7821	0.7615425	2.797939	6.318555	1.694753
9876	-240.6893	-351.0463	110.357	0.8577218	2.510734	14.75996	1.788854
9882	-246.7158	-357.45	110.7342	0.9235767	1.726664	14.75996	1.788854
9888	-251.1252	-364.8896	113.7643	0.984864	1.899879	2.28191	1.41474
9894	-240.5822	-353.2469	112.6647	0.9645814	2.754014	6.089751	0.8345234
9900	-240.0847	-352.437	112.3523	1.084953	3.057843	6.089751	0.9045075
9906	-241.8752	-354.782	112.9068	0.9772939	3.057843	4.438079	0.9045075
9912	-239.4734	-353.0367	113.5632	1.039966	2.652021	2.820346	0.9658744
9918	-236.9587	-349.8194	112.8607	0.919303	3.409209	4.143539	0.9658744
9924	-234.1202	-346.6028	112.4826	0.9352993	4.7793	3.420684	1.121359
9930	-230.8558	-343.564	112.7082	1.291405	4.277287	3.420684	0.5572399
9936	-220.3186	-333.5165	113.1979	1.414892	2.678131	3.420684	0.4574208
9942	-217.5127	-330.5996	113.0869	1.214874	3.985467	2.914717	0.5555173
9948	-216.9239	-329.795	112.8711	1.214874	4.592166	2.914717	0.62863
9954	-222.8156	-335.2953	112.4797	0.9900199	4.592166	4.203444	0.8432053
9960	-228.0989	-340.8851	112.7862	1.254095	2.385013	5.145726	0.8439256
9966	-233.8165	-348.2116	114.395	1.122695	1.906848	1.623804	1.100928
9972	-237.793	-350.7659	112.9729	0.9490658	3.174487	2.402835	1.517898
9978	-231.166	-343.0815	111.9155	0.5731261	3.707711	4.966292	1.719976
9984	-233.8594	-346.0573	112.1979	0.3677658	3.707711	4.343423	1.795749
9990	-235.715	-347.4723	111.7573	0.7456593	3.886401	4.343423	1.795749
9996	-234.9732	-347.3198	112.3466	0.6860553	3.886401	4.24743	1.433462
10002	-231.1453	-343.4895	112.3443	0.7668711	3.886401	5.41204	1.087465
10008	-229.9428	-342.7133	112.7704	0.8076067	3.886401	3.026996	1.356685
10014	-234.0993	-346.8766	112.7773	0.6037543	3.886401	3.556074	1.347176
10020	-233.1864	-346.6628	113.4765	0.9808312	3.121559	2.853365	0.8843467
10026	-227.5667	-340.8577	113.291	0.7215338	2.28	2.853365	1.598274
10032	-225.3827	-338.8854	113.5027	0.6450671	3.449692	1.646572	1.598274
10038	-230.8766	-343.325	112.4484	0.6352981	3.449692	4.117862	1.545555
10044	-229.7804	-342.5366	112.7562	1.066644	3.717453	4.117862	0.7930857
10050	-234.3601	-346.8286	112.4685	1.069088	3.016158	4.023495	1.355457
10056	-241.1439	-354.4469	113.3031	1.164644	2.222895	4.271739	0.7276965
10062	-243.3987	-354.2186	110.82	1.223332	3.654527	14.67952	0.5471711
10068	-239.1829	-351.4997	112.3169	1.223332	2.975717	6.094329	0.8220955
10074	-236.0797	-348.3885	112.3089	1.082162	2.975717	6.094329	0.9892259
10080	-238.4645	-351.8528	113.3882	0.6077275	2.607658	2.571	1.585504
10086	-242.4837	-355.0252	112.5416	0.4332302	3.391288	2.571	2.05977
10092	-242.5943	-354.7824	112.1881	0.4185824	3.391288	3.008696	2.17156
10098	-240.7998	-352.3652	111.5653	0.3575465	4.38522	7.593476	1.518896
10104	-234.2194	-346.1516	111.9323	0.9759096	3.370984	7.956823	0.911228
10110	-244.9704	-357.2493	112.2789	0.808343	5.051207	4.040842	1.14991
10116	-237.5464	-349.5163	111.9699	1.235166	6.421513	4.040842	0.5504249
10122	-241.7928	-354.1205	112.3277	0.7161126	3.494568	4.08615	1.570162
10128	-239.5126	-352.6252	113.1125	0.4146286	3.753259	3.521591	1.277144
10134	-230.9084	-342.9227	112.0143	0.564696	3.753259	4.814046	1.67531
10140	-235.0332	-346.4725	111.4393	0.6809695	3.718406	4.814046	1.999246
10146	-226.7398	-339.1237	112.3839	0.9801783	3.653477	4.565933	1.148516
10152	-232.4923	-346.7945	114.3022	1.005386	2.28437	1.94458	0.8891721
10158	-232.0181	-345.5307	113.5126	1.104872	2.28437	3.493876	0.8464305
10164	-231.44	-344.6456	113.2056	1.104872	2.927645	3.493876	0.8464305
10170	-221.4623	-334.3642	112.9018	1.291958	3.624308	3.493876	0.4447285
10176	-221.401	-335.1198	113.7188	1.128873	2.42637	2.688021	0.884597
10182	-222.9108	-336.8341	113.9232	1.082298	1.95535	2.688021	0.9917414
10188	-227.003	-340.84	113.837	0.7466311	1.95535	2.688021	1.360898
10194	-230.965	-343.166	112.201	1.132797	2.114782	5.13047	1.587487
10200	-234.1577	-347.9887	113.831	0.6555887	2.005175	2.828955	1.363695
10206	-238.5318	-351.5925	113.0607	0.727798	2.448044	1.511613	2.203255
10212	-237.6115	-350.4438	112.8323	0.3129366	4.840533	3.572194	1.290672
10218	-229.4297	-341.4589	112.0292	0.6449803	4.840533	5.048732	1.290672
10224	-231.7582	-344.7008	112.9426	0.8287694	2.528462	5.048732	1.078778
10230	-237.8289	-349.7285	111.8996	0.8277099	4.678428	5.048732	1.285963
10236	-240.4242	-352.4575	112.0333	0.460711	4.678428	5.048732	1.469245
10242	-244.2414	-357.8821	113.6407	0.8642145	3.486093	2.369296	0.9282068
10248	-226.5252	-338.824	112.2988	0.8574436	2.78034	6.49659	1.199053
10254	-229.9925	-341.8107	111.8182	0.9647622	4.042269	5.642766	1.274828
10260	-225.2536	-337.9555	112.7018	0.4608646	2.823064	2.593733	2.083742
10266	-232.2757	-343.1279	110.8522	0.5749665	2.823064	9.008442	2.083742
10272	-233.6274	-343.9221	110.2947	0.9090566	2.823064	9.739417	2.150384
10278	-238.2602	-351.4746	113.2144	0.8035077	2.823064	2.37018	1.569835
10284	-241.307	-354.3263	113.0193	0.61775	8.397892	1.395293	1.147197
10290	-238.7204	-352.4907	113.7703	0.7970223	4.131826	1.395293	1.227881
10296	-240.4047	-353.0268	112.6221	0.5826911	6.866231	3.095393	0.9488536
10302	-246.4339	-357.906	111.472	1.022616	3.328265	10.70485	0.8756373
10308	-240.8896	-353.5162	112.6266	0.9482778	3.061049	4.809387	1.101326
10314	-237.4829	-349.1371	111.6542	0.6563824	2.4087	8.730669	1.647067
10320	-241.9819	-354.7402	112.7583	0.8461251	4.914899	2.954067	1.088006
10326	-244.1648	-357.3068	113.1421	0.6545019	4.914899	2.954067	0.8933726
10332	-240.9701	-354.3966	113.4266	1.405253	2.572676	2.954067	0.6170287
10338	-244.2562	-356.1553	111.8991	1.373938	2.786993	8.398778	0.6023072
10344	-242.2002	-355.3828	113.1826	1.098068	2.51606	4.463335	0.6876342
10350	-242.6035	-354.3025	111.6989	0.8338057	7.985903	5.018699	0.6818241
10356	-244.7205	-356.2786	111.5581	0.6616757	7.985903	5.018699	1.058
10362	-239.6241	-352.7345	113.1103	0.3258399	4.30603	2.980619	1.374762
10368	-240.6086	-353.6619	113.0532	0.7600176	4.26299	3.004149	1.056335
10374	-237.6989	-350.6028	112.904	0.5062687	4.931173	2.29229	1.50073
10380	-237.1291	-349.8855	112.7564	0.2324187	4.931173	2.430725	1.753705
10386	-234.4066	-346.8943	112.4877	0.1873075	5.003211	2.484895	1.936537
10392	-244.9897	-358.158	113.1683	0.2510001	3.048807	2.781036	1.786061
10398	-245.5089	-356.9908	111.4819	0.9302322	3.048807	8.384054	1.398351
10404	-238.8254	-350.6191	111.7936	0.8999758	4.854454	6.123414	1.026659
10410	-238.5949	-350.6344	112.0395	0.8609292	3.173888	6.123414	1.342448
10416	-232.2756	-345.5398	113.2641	0.7578274	3.173888	2.892255	1.259612
10422	-237.347	-350.9067	113.5598	0.6731641	3.173888	2.494777	1.237413
10428	-237.1302	-349.5013	112.3712	0.8436516	3.173888	5.696265	1.167737
10434	-231.6949	-344.358	112.6631	0.6152355	3.246856	5.337477	1.167737
10440	-234.2336	-346.733	112.4995	0.7027669	4.469788	4.14784	1.16714
10446	-233.9691	-346.5283	112.5592	0.5355756	4.205313	4.14784	1.326575
10452	-231.7121	-344.6544	112.9423	0.7477228	2.54389	4.14784	1.371289
10458	-236.5308	-349.3375	112.8068	0.6654228	2.901539	4.14784	1.412994
10464	-234.4469	-346.8349	112.388	0.7235776	3.762449	4.14784	1.430853
10470	-233.3571	-345.1669	111.8099	0.7179392	3.720503	8.133841	1.12523
10476	-232.8996	-345.7085	112.8088	0.9192464	3.720503	3.564377	1.099807
10482	-241.9388	-354.3191	112.3802	1.880545	2.003037	4.882042	0.2343921
10488	-233.4568	-345.597	112.1402	1.990295	2.159028	5.09404	0.2426064
10494	-234.344	-346.6032	112.2592	1.084777	5.094298	4.648388	0.5611181
10500	-234.095	-346.7848	112.6898	1.621956	2.159028	5.09404	0.3924632
10506	-236.7661	-350.6977	113.9315	1.40402	4.295454	0.860766	0.9202249
10512	-230.1092	-344.3071	114.1979	1.286725	4.295454	0.860766	0.7296592
10518	-232.2292	-345.6063	113.3771	1.433868	2.919894	2.094676	1.001335
10524	-242.0264	-355.6262	113.5998	1.079082	3.063859	2.094676	1.06979
10530	-233.7296	-347.442	113.7124	0.900113	3.063859	1.687275	1.341218
10536	-234.5185	-346.7153	112.1968	0.563523	3.477999	5.513868	1.475868
10542	-253.1699	-365.1951	112.0252	0.5407043	3.228299	6.369176	1.538092
10548	-252.1459	-364.3546	112.2087	0.5447765	2.501667	6.369176	1.63594
10554	-240.5568	-353.6059	113.0491	0.9157938	1.830871	6.369176	0.9376812
10560	-232.9092	-346.1678	113.2585	0.9516332	3.91489	2.491742	1.010095
10566	-229.8489	-343.9387	114.0898	1.19915	2.622516	1.77451	0.8360407
10572	-243.7724	-357.007	113.2346	1.152979	2.622516	2.85382	1.168358
10578	-237.9093	-351.088	113.1787	0.6150086	2.406217	2.85382	1.708135
10584	-238.9143	-352.2673	113.353	0.7063129	2.406217	2.85382	1.515506
10590	-230.5227	-343.3426	112.8199	0.9952402	3.013047	4.122046	1.093731
10596	-229.7511	-342.4141	112.6629	1.275397	3.013047	3.903675	1.046917
10602	-237.1923	-348.8502	111.6579	1.218355	3.013047	9.021343	0.8934026
10608	-225.8633	-339.7134	113.8501	1.099401	3.013047	2.005543	0.8639797
10614	-235.4182	-348.3198	112.9016	1.119088	2.864116	4.946763	0.5830294
10620	-232.9265	-345.6995	112.773	1.431495	2.864116	4.370067	0.5091949
10626	-233.4405	-345.0244	111.5838	1.44625	2.864116	9.602747	0.6054815
10632	-223.6725	-336.4779	112.8053	1.477282	2.864116	4.125613	0.5142628
10638	-228.3308	-340.8577	112.5269	1.142405	4.207742	4.125613	0.7716051
10644	-246.818	-358.6306	111.8126	1.10977	5.025181	5.696524	0.8398416
10650	-232.332	-344.8927	112.5607	1.960467	3.487365	2.49641	0.2694211
10656	-239.1929	-349.5754	110.3825	1.885401	3.487365	12.87972	0.3487285
10662	-232.7086	-345.8699	113.1613	1.821119	2.295536	2.716638	0.2946823
10668	-241.6961	-352.4786	110.7825	1.767155	4.042808	9.853002	0.4343232
10674	-233.9462	-345.3052	111.359	1.767155	2.590172	9.853002	0.4363495
10680	-232.2659	-345.1353	112.8694	1.577954	2.590172	4.002692	0.5343616
10686	-233.6134	-345.4472	111.8338	1.577954	2.993963	7.285491	0.5484904
10692	-238.399	-350.8828	112.4838	0.1034844	3.715106	4.650988	1.712986
10698	-236.8017	-350.2866	113.485	0.1044893	3.715106	2.648844	1.522926
10704	-233.6678	-346.409	112.7412	0.7641316	3.715106	2.648844	1.584916
10710	-241.0294	-353.4846	112.4552	0.6483225	2.20804	7.038442	1.376657
10716	-236.6226	-348.5927	111.9701	0.4005307	2.20804	7.038442	1.905716
10722	-233.9213	-345.8099	111.8887	0.5705137	3.295845	7.238624	1.455976
10728	-243.9918	-356.6108	112.6189	0.6697881	3.295845	4.039129	1.455976
10734	-247.1437	-359.5876	112.4439	0.5053662	2.86337	5.617253	1.502146
10740	-231.6519	-343.6443	111.9924	0.8224621	2.86337	6.114469	1.511149
10746	-228.1134	-340.5424	112.429	1.02743	3.975343	4.377372	1.011523
10752	-239.2903	-351.7223	112.432	0.8040749	2.868291	5.102876	1.3853
10758	-239.6015	-352.376	112.7745	0.5368049	2.315591	7.131671	1.140089
10764	-238.3157	-351.7608	113.4451	0.8897085	2.264117	3.341187	1.194666
10770	-235.4967	-347.9085	112.4117	0.6441671	2.264117	8.251474	1.194666
10776	-228.6362	-341.208	112.5718	0.4811536	3.497907	4.037833	1.574298
10782	-227.9068	-341.4558	113.549	1.637703	1.895501	2.941401	0.3711717
10788	-236.3007	-349.5663	113.2657	1.566843	2.549216	2.941401	0.3718345
10794	-239.8806	-352.4796	112.599	0.5739748	5.627456	3.421402	1.13398
10800	-235.669	-348.357	112.688	0.5561881	5.739242	3.421402	1.041907
10806	-236.4033	-350.1806	113.7774	0.7618912	2.705994	2.913658	0.9634865
10812	-226.3578	-339.6958	113.338	0.854457	3.703136	2.913658	0.9017289
10818	-225.2347	-338.2077	112.973	0.7171298	4.420869	3.110727	1.083373
10824	-230.4907	-343.3704	112.8797	1.17482	4.420869	3.110727	0.6304788
10830	-239.2328	-352.229	112.9962	0.9894235	4.420869	3.110727	0.7551553
10836	-234.8184	-347.3092	112.4908	1.340072	3.633872	4.565202	0.556981
10842	-231.1512	-344.3563	113.2051	0.9628205	3.270848	3.517599	0.8359203
10848	-240.1265	-351.6789	111.5524	1.204505	3.691096	9.342723	0.5623963
10854	-239.9224	-351.9679	112.0455	1.201549	4.970908	5.086585	0.5834049
10860	-228.8866	-342.6927	113.8061	1.31224	4.079954	1.423323	0.531045
10866	-233.9122	-347.1396	113.2274	0.8975551	4.855403	1.423323	1.388965
10872	-237.419	-349.2976	111.8786	0.8965734	3.667101	6.018548	1.311585
10878	-229.8163	-342.7256	112.9093	0.678309	4.476296	2.841923	1.258527
10884	-238.9798	-351.5803	112.6005	0.6090028	4.476296	2.841923	1.552561
10890	-233.0396	-346.0099	112.9703	0.3604713	4.095218	2.841923	1.552561
10896	-231.8923	-344.553	112.6606	0.1637579	3.625429	2.841923	2.018429
10902	-240.3682	-351.5844	111.2162	1.216136	3.361638	7.954759	1.346334
10908	-241.4701	-353.2758	111.8057	0.6687757	2.2187	7.954759	1.702599
10914	-243.4992	-355.2973	111.7982	0.4244569	4.67551	7.059785	1.302665
10920	-242.3244	-355.0679	112.7435	0.7134492	2.833827	3.208782	1.696965
10926	-234.5084	-346.421	111.9126	0.9079308	3.80761	6.187384	1.198957
10932	-228.5437	-340.917	112.3733	0.3890083	3.933801	3.252672	1.870869
10938	-228.7571	-341.3473	112.5903	0.4108177	3.54899	3.252672	1.800857
10944	-227.3424	-339.4831	112.1407	0.3889786	3.54899	4.625509	1.800857
10950	-233.2335	-345.6342	112.4007	0.03745363	3.559955	4.625509	1.861
10956	-235.4079	-347.935	112.5271	0.08511686	3.114023	4.625509	1.861
10962	-240.1454	-352.5949	112.4495	0.177244	5.028143	4.850628	1.331349
10968	-240.6674	-353.3118	112.6444	0.339191	4.25814	2.775378	1.784099
10974	-250.485	-363.4649	112.9799	0.6144465	4.055982	2.775378	1.385133
10980	-235.1609	-347.0021	111.8412	0.839059	4.171294	5.344371	1.385133
10986	-241.6879	-354.4509	112.763	0.6543737	2.35085	5.344371	1.385133
10992	-240.0215	-352.8575	112.836	1.092565	3.885768	3.68455	0.771185
10998	-234.512	-346.5872	112.0753	0.8482618	4.151214	5.532005	1.148575
11004	-241.2472	-354.6069	113.3597	1.099412	2.829895	1.799137	1.481596
11010	-245.7455	-358.4901	112.7446	0.6742434	3.417568	5.532005	0.9187497
11016	-236.9872	-349.7986	112.8114	0.7783478	3.417568	3.528015	1.324681
11022	-233.7499	-346.4081	112.6582	1.061521	3.319226	3.528015	1.249592
11028	-236.8312	-347.8356	111.0043	0.8035823	2.333411	17.01599	1.229091
11034	-227.8925	-341.0416	113.1492	0.9402158	2.244646	3.635949	1.315097
11040	-226.5478	-340.0443	113.4965	1.260782	1.965735	3.635949	0.8292524
11046	-236.7451	-347.7449	110.9998	1.448882	3.382031	12.11685	0.5971932
11052	-233.0723	-347.5565	114.4841	1.022885	3.085058	1.016146	1.026474
11058	-225.7216	-339.3101	113.5885	1.018743	2.536718	2.847901	1.00516
11064	-232.4537	-346.0244	113.5707	1.10085	2.536718	2.847901	0.938965
11070	-224.6777	-337.5251	112.8474	0.6930562	2.819111	2.847901	1.750063
11076	-229.5924	-341.5752	111.9828	0.5789864	2.819111	4.180459	2.072651
11082	-232.6939	-344.9013	112.2073	0.8819954	2.803941	5.338526	1.471168
11088	-233.2853	-345.0692	111.7839	0.8222888	3.965677	5.338526	1.495402
11094	-239.5516	-351.2648	111.7133	0.3908046	2.340773	6.739777	2.079623
11100	-246.676	-359.5335	112.8575	1.00641	2.695516	4.979319	0.9264516
11106	-241.9224	-354.7418	112.8194	1.075988	1.981709	6.416044	0.9013434
11112	-239.0777	-351.5583	112.4805	1.277807	4.090771	4.248908	0.6025853
11118	-235.5891	-346.9882	111.3991	1.437808	3.484225	9.258965	0.4126838
11124	-240.0993	-354.2679	114.1686	1.208953	1.609923	2.861049	0.7120733
11130	-238.2545	-352.2783	114.0238	1.363806	1.609923	2.861049	0.6947499
11136	-242.3336	-356.1476	113.814	1.326145	1.609923	3.572661	0.6103868
11142	-234.3238	-344.3314	110.0076	2.452037	2.646783	9.807018	0.1217942
11148	-238.8672	-349.7804	110.9132	2.276131	1.960883	9.807018	0.2098677
11154	-247.4925	-358.024	110.5315	2.276131	2.508348	9.807018	0.1820826
11160	-240.9686	-352.7615	111.7929	2.318668	2.593965	3.283768	0.1316099
11166	-239.8665	-351.6454	111.7789	2.332614	2.593965	3.283768	0.1316099
11172	-236.9414	-349.1357	112.1943	1.342932	2.311767	7.013936	0.9485674
11178	-225.8134	-338.5974	112.784	0.5123391	2.311767	4.464628	1.676989
11184	-222.8715	-335.6472	112.7757	0.8764955	2.343407	5.79198	1.094361
11190	-226.1351	-338.0568	111.9217	0.7570745	4.03415	5.614677	1.366618
11196	-239.7443	-352.8973	113.153	0.8731918	4.03415	3.052694	0.8931168
11202	-248.6364	-361.7394	113.103	1.249831	4.03415	2.281698	0.9318446
11208	-243.8373	-356.5852	112.7479	0.663918	2.62821	5.597129	1.225152
11214	-242.2187	-354.4451	112.2264	0.8829231	2.223406	5.597129	1.617334
11220	-249.7852	-362.2054	112.4202	2.026425	3.229192	2.70911	0.2325777
11226	-242.5784	-355.4518	112.8734	1.975486	2.426306	2.545518	0.2184147
11232	-247.0841	-360.0713	112.9872	1.975486	2.426306	2.545518	0.2729188
11238	-247.9507	-360.1835	112.2328	1.779131	2.894104	4.31212	0.2477105
11244	-242.6919	-354.804	112.1121	1.90234	3.994781	3.13298	0.2477105
11250	-238.7693	-350.8525	112.0832	0.4652327	3.513324	6.453879	1.453835
11256	-234.7695	-346.9087	112.1393	0.7531014	2.798491	7.981187	1.154125
11262	-227.6238	-338.9811	111.3572	0.9575797	2.798491	7.981187	1.609074
11268	-232.4617	-343.9909	111.5293	0.6017342	2.798491	8.997	1.609074
11274	-228.1558	-340.8997	112.7439	0.8586643	4.881812	3.538644	0.8583352
11280	-229.7253	-342.4396	112.7144	0.9543744	3.57526	3.538644	1.207164
11286	-235.9756	-348.5673	112.5917	0.6564236	5.923533	3.114248	1.109609
11292	-233.8683	-346.6147	112.7464	0.4190131	6.624152	3.114248	1.034251
11298	-232.8105	-345.809	112.9985	0.6954369	4.915669	3.114248	0.9320803
11304	-239.42	-351.788	112.368	0.3203933	5.185399	3.043659	1.717686
11310	-230.801	-343.2809	112.4799	0.3289908	2.740919	5.229706	1.717686
11316	-236.8024	-348.6333	111.8308	0.7526797	3.618914	5.229706	1.623343
11322	-233.6966	-347.2548	113.5583	0.7267962	1.748828	3.598218	1.40246
11328	-238.5176	-349.4664	110.9488	0.9786662	4.504351	11.98106	0.8532903
11334	-237.4415	-348.6014	111.1599	1.247407	2.796324	11.98106	1.013049
11340	-243.4191	-356.9433	113.5242	1.219359	4.877347	1.445422	0.7790009
11346	-236.1073	-348.0961	111.9887	1.213005	4.877347	5.39798	0.5141684
11352	-241.732	-352.3277	110.5958	1.832832	4.392092	8.552941	0.2294897
11358	-229.3184	-341.2767	111.9583	1.950701	4.392092	2.981738	0.2294897
11364	-237.2346	-349.3986	112.164	0.9385418	4.74981	5.198872	0.8742132
11370	-234.8312	-348.0425	113.2114	1.176471	4.816346	1.901147	0.8617711
11376	-236.2636	-349.0617	112.7981	1.479693	2.928523	3.462699	0.8980452
11382	-230.9412	-342.4562	111.515	0.9743192	2.665495	10.94449	1.129006
11388	-236.9186	-350.0024	113.0838	0.966222	3.075477	3.546603	1.036846
11394	-238.1093	-349.8814	111.7721	1.097816	3.199692	9.049787	0.8008845
11400	-233.9362	-347.0982	113.1621	0.7229795	3.199692	2.408639	1.535596
11406	-238.7065	-352.1162	113.4097	0.6527736	1.853477	2.408639	1.882429
11412	-241.4446	-351.4091	109.9645	0.6872413	3.471295	11.92739	2.126401
11418	-242.7018	-355.8216	113.1198	0.734073	2.842322	2.28425	1.713818
11424	-235.9676	-346.6397	110.6721	0.5942833	2.873257	13.7945	1.713818
11430	-231.5802	-344.7432	113.163	0.6080672	3.305796	3.067366	1.359459
11436	-232.9452	-345.3777	112.4326	1.480491	3.305796	4.691285	0.5747517
11442	-234.6275	-346.9608	112.3333	1.577537	3.305796	4.691285	0.425404
11448	-235.6307	-347.1762	111.5455	1.240548	7.56703	4.608789	0.4874203
11454	-229.2456	-341.5154	112.2698	1.668521	4.73039	3.237256	0.4838508
11460	-227.2136	-340.1971	112.9835	1.563774	4.73039	1.888303	0.3548467
11466	-228.4726	-341.8195	113.3469	1.329909	4.390299	1.888303	0.6228638
11472	-231.8548	-345.6012	113.7464	1.34554	3.244757	1.888303	0.5871012
11478	-228.9691	-341.4142	112.4452	1.082499	4.248891	4.406154	0.823626
11484	-232.3107	-345.091	112.7802	0.9739113	4.248891	3.618063	0.8709299
11490	-234.4939	-347.178	112.6841	0.8479585	4.728896	3.618063	0.9539257
11496	-236.2898	-349.6792	113.3894	0.8935227	1.924927	3.618063	1.310851
11502	-238.0272	-350.8086	112.7814	0.7492641	3.172461	4.017269	1.310851
11508	-231.6661	-344.4344	112.7682	0.550984	3.625048	4.017269	1.340833
11514	-226.4813	-339.0145	112.5332	0.2170456	3.474433	3.017318	2.05435
11520	-225.9637	-338.5104	112.5467	0.2035113	3.474433	3.017318	2.05435
11526	-231.7863	-344.4436	112.6573	0.3101256	2.604387	3.944303	1.920413
11532	-233.1881	-346.1966	113.0085	0.4599648	2.28284	3.944303	1.685086
11538	-239.9587	-353.1016	113.1429	0.5124978	1.950121	3.944303	1.685086
11544	-233.7243	-346.7531	113.0288	0.593796	1.950121	3.944303	1.708382
11550	-232.8047	-345.1915	112.3868	0.7192143	2.113693	3.944303	1.997424
11556	-235.2537	-347.4181	112.1644	0.7710207	3.045945	3.040731	2.03806
11562	-237.5826	-349.5109	111.9283	1.384735	2.960142	5.193744	1.271575
11568	-241.4879	-355.0149	113.5269	1.244877	2.960142	1.405451	1.409705
11574	-240.0679	-351.9593	111.8914	1.634371	1.673915	9.188583	0.9251476
11580	-239.1294	-351.0221	111.8927	1.024375	3.039569	9.188583	0.7943164
11586	-230.8807	-344.1866	113.3059	1.30358	2.77947	3.15564	0.7031747
11592	-240.9066	-352.0799	111.1733	1.515892	2.77947	8.290122	1.284615
11598	-237.6895	-349.7384	112.0489	1.148289	2.77947	6.762482	1.111181
11604	-241.8499	-354.9024	113.0525	0.963703	2.77947	4.044873	1.024151
11610	-253.2189	-364.5432	111.3243	1.718782	2.168912	11.88311	0.4363812
11616	-237.1428	-348.8173	111.6746	1.489127	4.787203	5.577025	0.4112278
11622	-242.9079	-353.9232	111.0154	1.463138	4.787203	8.942645	0.5099327
11628	-238.6565	-351.5634	112.9069	1.602983	5.829644	1.427473	0.3014623
11634	-237.1414	-349.033	111.8916	1.745955	5.829644	2.967643	0.2952709
11640	-230.0523	-342.5763	112.524	1.652771	7.177198	1.426417	0.2813073
11646	-235.3133	-347.7783	112.465	0.9020843	7.177198	3.145473	0.5671385
11652	-237.3107	-348.9254	111.6147	2.092405	5.742388	2.486888	0.2089811
11658	-228.7682	-338.799	110.0309	2.092405	3.359388	11.31066	0.1593724
11664	-234.0122	-343.6134	109.6013	2.146894	3.826442	14.45728	0.2189551
11670	-228.2435	-340.2565	112.013	2.014456	3.826442	3.081742	0.2189551
11676	-232.4153	-344.1186	111.7033	1.910431	5.484348	3.081742	0.2565182
11682	-227.7618	-339.8128	112.051	1.046879	3.149194	7.646054	0.8640322
11688	-229.2967	-340.7973	111.5006	1.122085	3.149194	8.348057	1.198435
11694	-229.6498	-340.7093	111.0595	0.7762634	2.626096	10.78643	1.673443
11700	-229.5987	-342.9514	113.3527	1.160303	3.532534	2.528352	0.8036604
11706	-233.6843	-346.5622	112.8779	1.085863	4.267711	2.261447	1.234113
11712	-242.787	-354.206	111.419	0.7099332	2.985019	11.54831	1.242878
11718	-237.8231	-348.5643	110.7412	1.038354	2.985019	11.54831	1.517323
11724	-239.0774	-351.9809	112.9035	0.5451075	4.486322	2.712308	1.414011
11730	-235.1289	-348.3789	113.25	1.047992	3.780283	2.712308	0.8518807
11736	-237.2985	-349.0268	111.7283	0.8591211	3.780283	7.699258	1.127449
11742	-245.1728	-358.3814	113.2086	0.6562015	3.670571	2.838369	1.252104
11748	-239.7676	-353.766	113.9984	0.9558885	2.803392	1.943467	0.9975048
11754	-251.1095	-364.2863	113.1767	0.5953864	2.456764	4.982616	1.127335
11760	-239.6511	-351.9872	112.3361	1.049286	2.721986	4.982616	1.345867
11766	-243.0951	-355.048	111.9529	0.7333444	2.559354	4.982616	1.908289
11772	-233.0089	-346.2911	113.2822	0.9442684	4.249452	2.087916	1.092304
11778	-230.2454	-343.7559	113.5105	0.9008413	4.249452	2.087916	0.9068062
11784	-228.0854	-341.7326	113.6473	0.6211956	4.249452	1.484732	1.384323
11790	-230.0977	-342.2264	112.1287	1.066339	3.724876	6.72324	0.6869954
11796	-231.3352	-343.0783	111.7431	0.8237216	3.724876	6.72324	1.332246
11802	-235.736	-346.4453	110.7093	0.7546526	3.724876	10.41213	1.658312
11808	-229.3357	-341.0424	111.7066	1.06906	3.724876	7.09085	1.086271
11814	-228.6551	-341.4999	112.8448	1.15163	3.719275	3.390537	0.8963898
11820	-247.2964	-359.4313	112.1349	1.245315	3.792927	5.656689	0.7555819
11826	-247.5334	-359.5261	111.9927	1.07459	3.281817	6.75087	1.036738
11832	-238.7694	-351.4969	112.7275	1.008926	3.281817	4.205248	1.038783
11838	-229.844	-342.0147	112.1708	0.6417211	3.555851	6.090074	1.300467
11844	-236.0506	-348.3026	112.2519	0.8038474	3.555851	5.513214	1.217432
11850	-226.1504	-338.639	112.4886	0.9823268	3.619186	5.513214	0.7676707
11856	-231.4692	-344.6283	113.1592	0.9897348	3.619186	2.091822	1.339774
11862	-233.9075	-347.1491	113.2416	0.8495779	2.30403	3.489125	1.331985
11868	-232.7915	-346.0426	113.2512	0.3174911	2.534902	3.253655	1.70356
11874	-231.0017	-343.0193	112.0176	0.1397744	4.091237	4.187396	2.016958
11880	-234.2635	-345.3866	111.1231	0.2073804	4.298579	8.647577	1.820217
11886	-227.0927	-338.7454	111.6527	0.2041328	4.298579	8.647577	1.439869
11892	-225.208	-338.8631	113.6551	0.3387418	3.00388	2.611145	1.439869
11898	-226.1029	-338.2465	112.1436	0.4193125	3.00388	4.687885	1.913297
11904	-229.4138	-341.6752	112.2615	0.5595745	2.071277	4.287165	2.126904
11910	-242.1722	-354.7711	112.599	0.6969423	3.142322	5.550594	1.140276
11916	-246.8877	-359.2929	112.4052	0.8261364	2.928982	3.681984	1.699708
11922	-240.1099	-352.5265	112.4166	1.012389	6.72501	3.24716	0.5319198
11928	-229.0526	-342.0781	113.0255	0.6900919	6.030682	2.202025	1.050606
11934	-232.1399	-345.4142	113.2743	0.6729124	5.349597	2.202025	0.9920142
11940	-233.1057	-345.9464	112.8407	0.9327644	3.35297	4.207726	0.9734834
11946	-230.4036	-342.1654	111.7618	1.014873	2.886413	8.257517	1.175925
11952	-226.2126	-339.2515	113.0389	1.059406	2.886413	3.950298	0.9235822
11958	-233.4654	-344.3816	110.9163	0.8255738	5.955617	9.750451	0.9852828
11964	-233.0602	-345.4937	112.4335	1.008355	5.653132	3.701983	0.7108868
11970	-230.5415	-343.5114	112.9699	1.299669	5.342259	2.15998	0.5284899
11976	-237.0968	-350.0535	112.9566	0.9592275	3.322071	4.622628	0.6106929
11982	-241.0709	-353.2128	112.1419	0.8368392	3.679106	6.710878	0.9847103
11988	-237.4686	-350.2327	112.7641	0.1971234	3.559776	4.592019	1.49504
11994	-236.9388	-349.403	112.4642	1.120051	4.126721	4.743983	0.6308788
12000	-238.815	-351.3981	112.5831	0.7440955	4.126721	4.743983	0.9791656
12006	-237.8777	-348.4312	110.5535	0.5725449	2.843657	18.98439	1.428758
12012	-232.8113	-342.8936	110.0823	0.6170449	4.264308	18.98439	1.346755
12018	-225.9976	-338.0188	112.0212	0.955356	4.264308	5.089602	1.173645
12024	-235.2305	-347.4485	112.218	0.7070015	3.342012	5.089602	1.47655
12030	-241.2734	-353.7757	112.5023	0.5820613	3.342012	5.089602	1.353273
12036	-232.2046	-344.1865	111.9819	0.7588666	3.342012	7.438933	1.181046
12042	-234.0264	-347.2549	113.2286	0.9557581	3.342012	3.564388	0.7524342
12048	-233.0575	-345.9165	112.859	1.093335	3.342012	3.564388	1.021064
12054	-240.5164	-353.9824	113.4659	0.9815084	2.2439	4.394078	0.6762187
12060	-237.4304	-350.5736	113.1432	0.9815084	2.2439	5.120492	0.8394284
12066	-236.8819	-350.577	113.6952	0.7489126	2.585664	2.494276	1.277288
12072	-240.0839	-351.0398	110.9559	0.9054605	2.585664	14.15376	1.336668
12078	-237.0756	-347.7583	110.6827	0.5490594	2.585664	14.15376	1.800416
12084	-232.7717	-346.1748	113.4031	0.9030647	3.467869	2.495279	1.070769
12090	-232.6528	-345.6985	113.0458	1.085253	4.040108	2.905234	0.8413123
12096	-241.8906	-355.5891	113.6986	1.523568	2.801303	1.950646	0.3820707
12102	-232.2971	-345.2897	112.9927	1.523568	3.715383	2.5143	0.7105539
12108	-230.6843	-344.2212	113.5369	1.274281	3.715383	2.068202	0.575024
12114	-225.3981	-336.6959	111.2978	1.549188	3.506143	8.950702	0.3562128
12120	-233.4612	-347.1895	113.7283	1.865789	2.327469	1.694878	0.3562128
12126	-226.7456	-339.1687	112.4231	1.865789	3.034741	3.334398	0.2450331
12132	-234.9226	-346.6256	111.703	1.865789	6.965936	2.235968	0.2144001
12138	-234.562	-347.045	112.483	2.187889	2.769476	2.235968	0.165388
12144	-230.494	-343.4349	112.9409	1.965253	2.769476	2.009163	0.1958779
12150	-236.2665	-349.0907	112.8242	1.908468	3.533332	2.009163	0.2519315
12156	-241.5454	-354.6471	113.1017	2.034233	5.065778	0.9277234	0.287209
12162	-228.2461	-340.3027	112.0566	2.034233	5.065778	1.721115	0.1466688
12168	-228.7654	-340.4495	111.6841	2.185846	3.98625	3.069756	0.1829399
12174	-228.3969	-343.0275	114.6306	0.9355779	2.148555	1.332484	1.126299
12180	-234.4934	-347.5947	113.1013	1.369448	5.748126	1.658868	0.531366
12186	-231.7648	-345.6022	113.8374	1.440949	3.122472	1.658868	0.6197585
12192	-227.5381	-339.74	112.2019	1.7211	3.122472	4.839354	0.3860474
12198	-225.29	-336.5654	111.2754	1.7211	3.953103	7.20052	0.3320012
12204	-231.8791	-343.7733	111.8942	1.478058	3.918776	5.89061	0.4549105
12210	-240.8711	-354.0241	113.1531	1.479732	2.397143	3.746985	0.4885219
12216	-238.96	-351.1974	112.2374	1.412336	2.397143	7.500087	0.4975901
12222	-235.2927	-348.0971	112.8044	1.817919	2.397143	3.685891	0.383043
12228	-239.9424	-351.4855	111.5432	1.889848	2.389242	7.944734	0.2839361
12234	-236.2668	-347.4223	111.1555	2.033893	2.000677	9.662373	0.20995
12240	-247.9926	-358.5459	110.5533	2.033893	3.109483	9.662373	0.1898501
12246	-241.6208	-353.6137	111.9929	2.033893	3.29829	3.906054	0.2741968
12252	-235.0687	-346.3205	111.2518	1.928941	4.463707	4.491274	0.1745928
12258	-235.447	-346.9617	111.5147	1.901388	4.463707	4.491274	0.2643752
12264	-238.7179	-350.5763	111.8584	1.901388	5.238839	2.972932	0.2765608
12270	-227.7808	-339.4282	111.6473	1.755497	2.483096	7.796744	0.2765608
12276	-222.783	-335.0914	112.3084	1.876823	2.483096	4.935076	0.3891266
12282	-221.4149	-334.5668	113.1519	1.830392	1.731694	3.641649	0.3338175
12288	-227.1669	-339.7298	112.5628	1.830392	2.872104	3.641649	0.3539773
12294	-226.2585	-338.9721	112.7136	1.40952	2.091358	6.052238	0.4416659
12300	-237.7773	-351.3303	113.553	1.0634	2.278466	3.9573	0.5530566
12306	-228.9296	-341.7084	112.7788	1.751231	2.434561	3.985244	0.4713922
12312	-229.4233	-342.8649	113.4416	1.575531	3.579998	1.808255	0.4327686
12318	-231.9477	-345.6648	113.7172	1.373392	3.289025	1.808255	0.670157
12324	-239.4322	-350.8949	111.4627	1.334061	3.289025	9.862839	0.641585
12330	-238.8878	-349.993	111.1053	0.9853326	4.438906	9.768387	1.046892
12336	-235.3303	-347.9796	112.6493	0.898275	4.438906	3.986181	0.8912533
12342	-234.8793	-347.1163	112.237	1.304177	4.428242	4.377682	0.7384751
12348	-231.7797	-344.0615	112.2817	0.610311	4.792991	4.377682	1.285535
12354	-234.473	-346.8703	112.3973	0.7474459	3.294191	5.245389	1.285535
12360	-234.6077	-346.7671	112.1594	1.735337	3.383109	4.026011	0.2430264
12366	-243.2842	-353.6686	110.3844	1.825328	4.816271	9.734877	0.28756
12372	-240.214	-353.5061	113.2921	1.534953	2.41266	3.178108	0.5879385
12378	-243.7099	-356.7994	113.0895	1.55156	2.718497	3.178108	0.3550794
12384	-239.5838	-351.0878	111.5039	1.55156	2.718497	9.924564	0.4395122
12390	-238.0822	-350.8452	112.763	1.254963	4.392545	3.209467	0.3802775
12396	-223.1963	-335.9866	112.7903	1.049715	4.392545	3.209467	0.8999317
12402	-227.9534	-340.8429	112.8895	0.5549377	2.87503	3.209467	1.692767
12408	-233.1601	-345.0297	111.8696	0.6975718	2.87503	8.326833	1.343268
12414	-229.515	-342.1531	112.638	0.8440872	2.87503	4.798771	1.254038
12420	-233.9158	-346.795	112.8791	1.243403	2.786667	4.406347	0.7658581
12426	-241.2551	-354.3478	113.0927	1.521859	2.786667	3.292145	0.4672276
12432	-239.7405	-353.0365	113.296	1.416372	2.574674	3.292145	0.540022
12438	-233.4482	-346.1572	112.709	1.077171	2.27746	6.665391	0.7600258
12444	-224.4447	-337.6995	113.2548	1.40372	2.27746	3.841657	0.4602175
12450	-230.1412	-343.2475	113.1064	1.343432	3.092916	3.334385	0.601329
12456	-227.1438	-339.4518	112.308	1.16534	3.092916	6.528816	0.7006506
12462	-239.9192	-351.1843	111.265	1.16534	3.092916	11.24149	0.9641923
12468	-235.3169	-347.9223	112.6054	0.736547	2.863736	5.462448	1.222787
12474	-228.1234	-340.8974	112.774	0.7638539	2.446161	5.462448	1.222787
12480	-229.6132	-342.4424	112.8292	0.7986521	3.722665	2.760631	1.453084
12486	-223.1523	-335.9451	112.7929	0.4566997	4.800687	2.760631	1.477613
12492	-229.1658	-340.8234	111.6575	0.8900692	4.800687	8.208925	0.6915551
12498	-223.935	-337.1406	113.2057	0.7132328	3.703704	2.840947	1.195273
12504	-225.8834	-338.5805	112.6972	0.6130474	3.703704	2.840947	1.66549
12510	-224.1942	-336.9666	112.7724	0.6123098	3.703704	2.495125	1.727243
12516	-227.6539	-340.3916	112.7377	0.2508098	4.52422	2.477749	1.820677
12522	-226.8659	-339.5436	112.6777	0.6392482	3.062713	3.868033	1.549311
12528	-227.1821	-338.3006	111.1186	0.7329575	2.796731	10.02509	1.688859
12534	-230.4199	-342.3974	111.9775	0.9235003	2.199056	8.995263	1.243112
12540	-227.4867	-338.6418	111.1551	0.4096111	3.006868	8.995263	1.940541
12546	-229.2907	-340.9082	111.6175	0.2643303	3.006868	6.10604	2.11594
12552	-235.2523	-347.6353	112.383	0.08425181	3.006868	6.10604	1.71955
12558	-236.6577	-349.0131	112.3554	0.2893665	3.659379	4.495919	1.71955
12564	-233.4903	-345.8752	112.3849	0.4158611	3.654877	4.912632	1.518852
12570	-238.4382	-352.0217	113.5836	0.6906696	3.127368	1.826434	1.511918
12576	-239.9697	-352.2493	112.2795	0.9468055	1.645128	10.14756	1.087887
12582	-241.3425	-353.8688	112.5262	0.7058593	2.737717	6.806052	1.087887
12588	-248.0669	-359.1056	111.0387	1.04267	2.737717	6.806052	1.956805
12594	-234.9942	-348.0344	113.0403	0.5335073	2.923103	2.890706	1.680951
12600	-235.8234	-348.2246	112.4012	0.6622929	2.790111	4.99913	1.564155
12606	-231.203	-343.0164	111.8134	0.4422053	2.790111	8.636661	1.566933
12612	-226.1538	-337.8361	111.6824	0.6689578	2.790111	10.01992	1.316178
12618	-223.6194	-337.0625	113.4432	0.9331617	2.790111	2.828515	1.119593
12624	-230.2142	-342.8196	112.6054	1.044884	3.948343	4.4123	0.7903073
12630	-227.8423	-340.4576	112.6153	1.107033	3.758383	4.664997	0.654954
12636	-227.8873	-341.9465	114.0592	0.9005117	3.094446	1.759741	0.9810153
12642	-230.2271	-342.8793	112.6522	0.9519302	3.458337	4.597983	0.9810153
12648	-237.7069	-349.66	111.9531	1.044304	3.458337	7.565596	0.8577673
12654	-240.8225	-351.38	110.5575	0.6461426	5.460607	10.94656	1.40103
12660	-231.545	-342.5834	111.0384	0.3343632	4.159862	10.94656	1.559082
12666	-236.6041	-349.796	113.1919	0.4829407	6.319421	1.842539	1.21392
12672	-232.9508	-346.5335	113.5827	0.6442826	4.966344	1.842539	1.026171
12678	-233.53	-347.5372	114.0072	0.9542341	4.966344	0.8955016	1.057159
12684	-232.5344	-345.4951	112.9608	0.1733125	5.279175	3.168411	1.327566
12690	-240.6339	-353.448	112.8141	0.2042485	3.290899	3.168411	1.880059
12696	-244.9663	-356.1446	111.1784	0.2604932	3.290899	8.094969	2.055079
12702	-233.927	-346.4218	112.4948	0.5402561	3.021037	3.947289	1.744835
12708	-235.8516	-346.9352	111.0836	0.7030072	2.633643	8.468434	1.966042
12714	-248.1335	-359.752	111.6186	1.170971	3.573677	4.77277	1.578804
12720	-239.3118	-352.9016	113.5898	0.6351465	2.391223	2.392674	1.560374
12726	-237.8104	-350.554	112.7436	0.5740235	2.44543	5.902032	1.313296
12732	-238.5409	-351.3811	112.8403	0.7998193	2.855044	4.49037	1.205813
12738	-245.3054	-356.1932	110.8879	0.8050184	3.347265	10.8153	1.550225
12744	-235.4963	-348.3152	112.8189	0.6404393	1.936256	4.580415	1.685649
12750	-231.7447	-344.6194	112.8747	0.6935914	1.936256	4.781603	1.563962
12756	-237.0339	-349.6951	112.6612	0.631119	1.936256	7.161644	1.329543
12762	-235.3068	-348.9665	113.6598	0.8385949	2.268708	2.71053	1.279248
12768	-235.4376	-349.2781	113.8406	0.6785336	2.268708	2.71053	1.262155
12774	-238.0593	-350.4331	112.3738	1.114384	2.268708	8.171076	0.755999
12780	-242.7891	-355.5129	112.7238	1.126237	2.98896	5.381268	0.5750294
12786	-238.4024	-350.8184	112.416	1.433978	2.98896	5.381268	0.5750294
12792	-239.6861	-352.0289	112.3427	1.23542	2.98896	5.381268	0.9749059
12798	-240.3861	-353.1961	112.81	1.161671	1.960734	6.564992	0.7808668
12804	-239.5372	-351.5335	111.9964	1.161671	4.885504	5.23334	0.7364407
12810	-233.0488	-346.3952	113.3464	1.249251	3.246999	2.829641	0.6062486
12816	-232.2571	-345.2346	112.9775	1.31654	3.01823	3.843347	0.600277
12822	-238.9343	-352.3391	113.4047	1.31654	2.16337	3.843347	0.4716311
12828	-239.0566	-352.0317	112.9751	0.9219973	3.394326	3.843347	0.9552241
12834	-236.6793	-349.1801	112.5008	0.5206628	2.569302	3.843347	1.918698
12840	-235.8764	-348.7359	112.8595	0.7945638	2.752308	3.843179	1.403214
12846	-245.9818	-356.6691	110.6873	0.6774741	3.649977	14.90394	1.31172
12852	-231.2471	-343.0234	111.7763	0.6696591	5.121977	5.129886	1.3916
12858	-235.0369	-347.298	112.2611	0.768203	4.043709	5.050163	1.199769
12864	-235.3486	-348.761	113.4124	0.8570598	4.983981	1.58812	1.138831
12870	-231.6138	-345.2991	113.6853	1.026413	4.169091	1.58812	0.9502954
12876	-241.4998	-355.4739	113.9741	0.7500702	3.293763	1.58812	1.229171
12882	-232.493	-345.1469	112.6539	1.118809	3.19078	4.181479	1.046264
12888	-231.3121	-344.1516	112.8395	1.524237	2.494853	4.181479	0.7161433
12894	-238.7613	-351.916	113.1547	1.146576	3.881193	2.789162	0.7542939
12900	-234.5639	-347.631	113.067	0.7515122	3.881193	2.789162	1.24703
12906	-231.7784	-345.1462	113.3678	1.002748	3.400598	2.789162	0.889513
12912	-237.513	-351.2565	113.7435	1.175375	2.575144	2.789162	0.5663837
12918	-229.8233	-343.1625	113.3393	1.479369	2.603011	3.000813	0.5356134
12924	-240.8515	-351.9042	111.0526	1.295724	2.927848	12.55103	0.936326
12930	-250.8563	-363.5391	112.6829	0.5342217	2.962888	3.67398	1.701485
12936	-251.517	-364.1424	112.6254	0.5916638	2.962888	3.67398	1.701485
12942	-241.2042	-353.0796	111.8754	1.226352	3.717455	7.033763	0.7358511
12948	-229.9736	-342.9805	113.0069	0.7413564	3.24399	4.171933	1.052206
12954	-223.6903	-336.3597	112.6694	1.231932	3.24399	4.171933	0.8944237
12960	-225.2147	-339.2373	114.0226	1.584014	3.94022	0.8936739	0.3717125
12966	-231.2288	-344.9948	113.7661	1.584014	4.826458	0.8936739	0.4090735
12972	-242.4096	-355.9324	113.5228	1.584014	4.970077	1.076926	0.6454472
12978	-246.8216	-359.8472	113.0256	1.694801	4.970077	1.567558	0.6122698
12984	-251.9106	-365.9967	114.0861	1.757978	1.902335	1.709618	0.6346791
12990	-241.887	-355.2638	113.3769	1.070973	5.808495	1.562588	0.7221185
12996	-234.5241	-348.3406	113.8165	1.335313	3.13157	1.562588	0.9025783
13002	-231.1419	-345.4553	114.3134	1.713178	2.352302	1.170149	0.5672867
13008	-228.5055	-342.4094	113.9039	1.450332	3.904716	1.170149	0.6405277
13014	-230.5858	-342.5249	111.9391	1.450332	2.897477	7.593663	0.5575273
13020	-233.4617	-345.8496	112.3879	1.051063	2.897477	7.279436	0.6069794
13026	-240.3385	-352.6278	112.2893	1.211301	2.191511	8.411692	0.7326846
13032	-245.9757	-358.9543	112.9786	1.292714	2.191511	5.07153	0.6864071
13038	-253.5948	-364.4444	110.8496	0.9038592	4.027431	9.886061	1.427171
13044	-243.9025	-357.1508	113.2484	0.5264543	4.027431	2.031374	1.5436
13050	-232.1742	-346.0148	113.8406	0.9372285	2.989044	2.031374	1.040172
13056	-240.3718	-354.142	113.7703	0.5906651	4.11039	2.038692	1.034594
13062	-229.9534	-342.6164	112.663	0.7801386	4.637779	3.210948	1.207828
13068	-225.6038	-338.2256	112.6218	0.7634761	3.296393	3.210948	1.609047
13074	-232.2094	-345.0606	112.8513	0.5306006	3.296393	3.210948	1.611533
13080	-229.5485	-342.1293	112.5809	0.7620995	4.457614	3.210948	1.335456
13086	-231.2522	-343.5333	112.2812	0.57005	3.634219	5.273832	1.410476
13092	-238.0685	-351.4241	113.3556	1.17955	3.992195	1.682124	1.115971
13098	-236.893	-348.9515	112.0585	0.9869329	4.092828	5.453813	1.073653
13104	-239.8476	-352.2345	112.3869	0.8817781	2.147476	7.866885	1.127189
13110	-233.0932	-346.2985	113.2053	0.7941925	2.913374	2.577159	1.477546
13116	-238.1904	-351.1184	112.928	0.8468647	3.078088	2.577159	1.59215
13122	-233.3084	-346.1909	112.8825	0.3363999	3.683689	3.32149	1.59215
13128	-233.7176	-347.0509	113.3334	0.882007	3.683689	2.187555	1.22236
13134	-233.8446	-346.7498	112.9052	0.5907031	2.83308	3.368926	1.624135
13140	-231.1704	-343.6347	112.4643	0.7841841	3.964061	2.894563	1.627673
13146	-231.8112	-343.9295	112.1183	0.7218374	3.485812	6.067389	1.303644
13152	-232.9537	-343.7553	110.8016	0.8574441	3.870616	6.067389	2.051489
13158	-228.0454	-340.1053	112.0599	0.4370906	2.051085	5.90867	2.051489
13164	-241.0364	-353.1947	112.1582	0.6303735	2.051085	7.657437	1.58541
13170	-232.7511	-345.1516	112.4004	0.442475	2.189903	4.858654	1.954207
13176	-234.4688	-346.5266	112.0578	0.1257081	2.803619	5.703604	2.040479
13182	-234.2669	-346.1405	111.8735	0.1535036	2.972996	5.703604	2.094755
13188	-226.4522	-338.9048	112.4526	0.6016683	2.753796	5.703604	1.443229
13194	-234.7066	-346.5144	111.8079	1.030507	5.30835	3.543224	1.439028
13200	-235.1073	-347.9177	112.8104	0.8196614	3.50513	2.863652	1.476794
13206	-233.0538	-345.0148	111.9611	0.7099053	4.334401	5.089735	1.405421
13212	-226.7989	-340.7521	113.9532	0.8077735	4.241698	1.18595	1.179585
13218	-229.2847	-343.509	114.2244	1.146863	3.880859	1.142145	0.6746329
13224	-241.3997	-355.1443	113.7446	1.705183	3.730931	1.142145	0.398949
13230	-241.4172	-355.7879	114.3707	1.166838	3.308513	1.060238	0.8507909
13236	-229.9584	-343.7057	113.7472	1.029687	3.638425	1.902615	0.8507909
13242	-234.1034	-348.0931	113.9898	1.064013	2.68993	1.902615	0.9741517
13248	-230.8135	-344.057	113.2435	0.7187329	2.867019	1.902615	1.781814
13254	-233.6949	-347.8472	114.1523	0.9926838	2.867019	1.902615	0.7725987
13260	-234.3492	-348.2291	113.8798	1.239517	2.80184	1.902615	0.8443185
13266	-231.2226	-344.4697	113.2471	1.105219	3.445678	2.989482	0.7813011
13272	-244.4776	-355.5026	111.025	1.498089	3.445678	11.35238	0.6158575
13278	-240.8086	-353.4037	112.5951	1.435411	3.445678	4.054132	0.373955
13284	-244.6146	-356.6454	112.0308	0.8842967	1.935681	7.443693	1.573676
13290	-243.6893	-356.4095	112.7202	0.8887757	1.784885	5.081343	1.540511
13296	-245.5286	-357.9563	112.4277	0.6772488	4.337482	3.337376	1.509347
13302	-242.1346	-354.4368	112.3022	1.006276	3.413516	4.350347	1.326155
13308	-243.8907	-356.5997	112.709	0.8735686	3.235771	4.350347	1.154604
13314	-256.4207	-369.1431	112.7223	1.047723	3.235771	4.350347	0.9777331
13320	-242.405	-355.3297	112.9248	1.078493	2.978223	3.962	0.9777331
13326	-232.8808	-346.1172	113.2365	1.078493	2.579857	3.433147	1.035872
13332	-245.2769	-357.3372	112.0602	0.8821829	2.622327	9.130387	0.9894233
13338	-240.3218	-352.3166	111.9948	1.070744	3.315961	7.976323	0.7315923
13344	-234.563	-348.366	113.803	1.108897	2.389425	2.504157	0.9315885
13350	-226.4963	-338.5771	112.0808	1.030961	2.58124	8.348946	0.9773052
13356	-226.1786	-338.9972	112.8186	1.056663	3.14164	4.393111	0.8910719
13362	-236.8472	-350.0157	113.1685	1.123821	2.566927	4.393111	0.6592877
13368	-238.4357	-350.9402	112.5045	0.7893109	2.566927	4.393111	1.602693
13374	-229.4172	-341.7594	112.3422	0.5968883	3.683226	4.393111	1.52346
13380	-233.4259	-345.7272	112.3013	0.9098287	4.214387	4.549955	1.118281
13386	-224.5878	-336.7501	112.1622	1.145467	4.809653	4.549955	0.8300429
13392	-228.9963	-342.2276	113.2313	0.7914635	2.639627	4.549955	0.9183573
13398	-229.3848	-340.1767	110.7919	1.255751	3.559106	14.64039	0.6534363
13404	-234.1236	-347.839	113.7154	1.881469	3.957241	0.8255856	0.2932534
13410	-226.8381	-339.2557	112.4176	1.529424	3.957241	3.77668	0.381788
13416	-226.0747	-338.9081	112.8334	1.882722	1.997886	3.798627	0.2957686
13422	-225.7051	-338.9823	113.2772	1.578828	1.978716	3.748324	0.5555329
13428	-229.7253	-342.3464	112.6212	1.261152	4.276828	3.748324	0.4627854
13434	-231.0416	-343.3969	112.3554	1.215779	4.276828	4.36754	0.7693259
13440	-237.6095	-350.8381	113.2286	0.7688427	2.897292	4.36754	0.8785614
13446	-240.2192	-353.2373	113.0181	0.9848591	2.897292	3.643015	1.118681
13452	-244.1212	-355.7971	111.6759	1.287443	2.897292	9.304141	0.7879993
13458	-244.6887	-356.5813	111.8927	0.8773118	3.222709	7.744111	1.143651
13464	-223.0971	-334.727	111.6299	1.027273	3.242094	8.569977	1.099073
13470	-224.4141	-337.3549	112.9408	0.9512567	5.316486	2.650681	0.8086879
13476	-227.284	-340.7334	113.4494	1.205672	6.464485	1.130572	0.6946951
13482	-224.3698	-336.4432	112.0734	0.8637409	6.464485	4.717768	0.6770048
13488	-226.6506	-338.9492	112.2986	0.8499877	3.994281	4.717768	1.193227
13494	-243.2815	-353.7677	110.4862	0.6922106	4.577784	13.67906	1.33012
13500	-236.079	-346.9057	110.8267	0.9812148	3.293675	13.67906	1.172913
13506	-236.7756	-350.2944	113.5187	0.7949442	2.621683	3.238536	1.089947
13512	-231.8808	-344.7465	112.8656	0.4623625	4.078699	3.238536	1.433279
13518	-239.2317	-351.0036	111.7719	0.2955234	4.078699	5.966408	1.742691
13524	-240.6472	-353.4015	112.7543	0.1724527	5.523106	2.956418	1.506722
13530	-237.6884	-350.8207	113.1322	0.09144123	5.523106	2.085324	1.603634
13536	-237.4446	-350.1722	112.7276	0.1314216	4.928848	3.725949	1.45226
13542	-237.4818	-350.0495	112.5677	0.04785329	4.928848	4.840684	1.364721
13548	-241.2792	-353.7267	112.4475	0.09797272	4.928848	4.999503	1.384272
13554	-236.4243	-349.4496	113.0253	1.379539	1.81772	4.999503	0.840729
13560	-238.5297	-351.352	112.8223	1.171258	1.81772	6.042586	0.9960083
13566	-229.6464	-341.9117	112.2652	0.4071629	2.121106	6.209621	1.85847
13572	-224.3431	-336.727	112.3839	0.4175734	2.121106	6.755589	1.682312
13578	-228.5492	-340.602	112.0529	0.4483506	3.197244	5.857382	1.682312
13584	-232.7279	-344.7829	112.055	0.9787206	3.480198	5.857382	1.186133
13590	-230.2563	-343.1021	112.8458	0.8249646	3.445136	4.014569	1.100061
13596	-226.8614	-339.6114	112.75	0.4655248	3.800885	4.014569	1.373868
13602	-234.0038	-347.014	113.0102	0.2741158	4.291742	4.014569	1.18259
13608	-239.7753	-352.6806	112.9053	0.3195296	4.291742	4.014569	1.233353
13614	-246.7758	-359.2102	112.4344	0.4693323	5.404176	4.014569	1.233353
13620	-232.1806	-345.8298	113.6492	0.7080959	4.219693	1.884686	1.091089
13626	-230.5916	-343.6251	113.0335	0.7595227	6.799182	1.884686	0.9818883
13632	-236.7078	-349.8558	113.148	0.886496	6.676707	1.884686	0.718243
13638	-224.4716	-337.4141	112.9425	1.097291	2.187802	4.843508	1.046023
13644	-222.9931	-336.5548	113.5618	0.6224038	1.254269	4.843508	1.450609
13650	-225.5234	-338.6952	113.1718	0.5995346	1.203224	4.843508	1.781634
13656	-222.6108	-334.4019	111.7911	1.023543	2.682196	7.057044	1.413443
13662	-224.5281	-336.6764	112.1483	0.5793136	3.069836	7.057044	1.347931
13668	-237.6273	-348.8198	111.1925	0.9435096	3.406557	9.799552	1.311791
13674	-227.1661	-340.4776	113.3116	1.11296	3.826038	2.40447	0.8592133
13680	-228.8076	-342.1194	113.3118	1.140636	3.796863	2.40447	0.8376674
13686	-228.3452	-341.0709	112.7256	0.8097333	4.213329	3.338895	1.198203
13692	-218.4276	-331.3612	112.9336	1.066408	3.557439	3.338895	0.9771326
13698	-229.2945	-342.08	112.7856	1.164305	3.557439	3.308172	1.038853
13704	-233.17	-346.3936	113.2236	0.6536299	4.622731	2.867055	0.9401215
13710	-234.3278	-346.2424	111.9146	0.9842715	3.443146	5.807065	1.320453
13716	-234.2726	-346.4523	112.1797	1.259615	3.443146	6.264496	0.4077519
13722	-224.6964	-337.4272	112.7308	1.464621	3.301206	3.781524	0.400868
13728	-228.671	-340.7797	112.1087	1.464621	3.963877	4.880888	0.6843028
13734	-230.7722	-343.3312	112.5589	1.42564	2.752615	4.880888	0.7826137
13740	-227.8776	-340.1823	112.3047	1.007897	4.719283	4.23064	0.9669326
13746	-224.8833	-337.5624	112.6791	0.776987	3.562885	3.663431	1.348121
13752	-225.5371	-338.2651	112.728	0.5470531	3.595192	3.728832	1.461211
13758	-227.6019	-340.2504	112.6486	0.203006	3.595192	3.728832	1.768367
13764	-223.175	-334.982	111.807	0.6850874	4.201536	3.955597	1.818169
13770	-218.9469	-331.4317	112.4848	0.5931465	3.115556	3.955597	1.684689
13776	-220.916	-334.9362	114.0202	1.127636	3.115556	1.426181	1.018518
13782	-221.674	-333.8787	112.2047	0.8701193	3.707674	3.766943	1.570138
13788	-225.3501	-336.1977	110.8476	1.231304	5.324017	9.220423	0.8896281
13794	-221.9039	-333.2001	111.2962	1.223895	4.453721	9.220423	0.5776048
13800	-225.3668	-338.4331	113.0663	1.223895	3.513265	3.23222	0.6802916
13806	-223.0352	-336.1243	113.0891	1.067911	3.695492	3.23222	0.7852567
13812	-232.5372	-345.123	112.5859	0.5366642	3.695492	5.03699	1.226079
13818	-231.1167	-343.2202	112.1035	1.001281	4.348768	5.03699	1.045795
13824	-228.1472	-340.4688	112.3216	0.7890762	3.623841	5.03699	1.257731
13830	-227.4346	-339.0143	111.5797	0.9505816	2.814155	9.773931	1.190781
13836	-231.2093	-344.3907	113.1814	0.9505816	2.814155	3.210794	1.183126
13842	-223.6835	-336.6095	112.926	0.6036767	3.691457	3.210794	1.389168
13848	-225.481	-338.1919	112.7109	0.7680146	3.834879	3.210794	1.389168
13854	-231.7293	-344.8452	113.1159	0.8602668	2.093241	3.694639	1.452463
13860	-245.9034	-358.0686	112.1652	0.9483292	5.956603	3.558374	1.066191
13866	-227.8511	-340.1386	112.2875	0.8600348	5.611741	3.558374	1.114039
13872	-236.2294	-348.4911	112.2617	0.8600348	5.26733	3.920796	1.102269
13878	-243.444	-355.729	112.2851	0.6430443	3.788742	3.920796	1.61709
13884	-234.3037	-348.067	113.7633	1.100864	2.224054	2.596828	1.023332
13890	-234.4648	-345.8023	111.3375	0.8488245	2.224054	13.2229	1.313526
13896	-241.7261	-352.8719	111.1458	1.050751	2.07027	14.76559	1.224382
13902	-240.2091	-352.1735	111.9644	0.7235457	2.381262	7.010619	1.624598
13908	-234.104	-346.1922	112.0882	0.666822	3.224549	7.010619	1.28274
13914	-228.5831	-341.6829	113.0998	0.5098563	3.224549	3.114083	1.493675
13920	-228.8964	-342.4963	113.5998	0.8106714	2.535628	3.276804	1.022746
13926	-236.1085	-348.9424	112.8339	0.7643494	2.648593	3.421261	1.596421
13932	-240.5225	-353.2961	112.7736	0.8203849	3.880459	2.832961	1.411601
13938	-235.6195	-348.3292	112.7097	0.6951869	3.880459	3.739586	1.275805
13944	-231.9408	-345.578	113.6372	0.8406717	2.845005	2.201463	1.275805
13950	-237.3651	-348.8796	111.5146	0.4934686	2.347747	8.350049	1.926512
13956	-232.2865	-344.6391	112.3526	0.3643351	2.347747	5.155752	1.926512
13962	-235.6299	-348.0177	112.3879	0.6870735	1.731282	5.155752	1.926512
13968	-228.2991	-341.724	113.425	0.6811223	2.67354	3.398399	1.197164
13974	-243.9196	-355.2037	111.284	1.09471	3.179266	9.697116	1.198132
13980	-228.0962	-341.6921	113.596	1.076824	4.01605	1.919002	0.8031378
13986	-235.6622	-349.6276	113.9654	1.156601	4.113295	1.232171	0.8151031
13992	-231.5185	-343.8497	112.3312	1.156601	5.437166	3.571118	0.7960849
13998	-231.3888	-344.0127	112.6239	1.302887	3.771131	3.921795	0.7070092
14004	-227.415	-339.6899	112.2749	1.590138	3.771131	4.26486	0.415887
14010	-230.2759	-342.8057	112.5298	1.304429	3.771131	4.26486	0.66882
14016	-231.8383	-344.1564	112.3182	1.243595	5.84254	3.337102	0.3731379
14022	-230.0086	-341.4122	111.4036	1.631414	5.84254	4.332903	0.2384304
14028	-230.8132	-343.9316	113.1183	1.745372	3.363443	1.925577	0.2607795
14034	-230.8954	-342.925	112.0296	1.496271	4.632993	4.455832	0.4164243
14040	-232.7297	-344.1632	111.4335	1.233846	5.233482	7.25117	0.5533492
14046	-243.2425	-357.6606	114.4181	1.311866	2.344413	1.480098	0.6899469
14052	-232.7166	-345.0728	112.3562	1.116628	3.157409	5.596279	0.953361
14058	-229.3584	-342.0965	112.7382	1.02224	2.472754	5.596279	0.9737832
14064	-232.6002	-345.3898	112.7896	1.26583	2.626641	4.295929	0.9737832
14070	-244.0073	-356.5144	112.5071	1.029384	4.925563	3.934359	0.7416403
14076	-233.3479	-346.0152	112.6673	0.891711	4.270553	3.934359	0.9555883
14082	-236.4922	-348.275	111.7828	1.107684	4.02681	7.022756	0.8767834
14088	-243.5467	-354.7475	111.2008	1.489276	5.783884	5.973197	0.7935919
14094	-234.7548	-346.8004	112.0455	0.9393328	2.168743	5.541306	1.737455
14100	-236.5927	-348.4151	111.8224	1.372093	2.652199	7.84448	0.9551213
14106	-232.5079	-345.0299	112.522	1.608348	4.062223	3.160586	0.3606547
14112	-237.7416	-348.6705	110.9289	0.4525048	2.92706	12.19293	1.758732
14118	-232.0429	-345.0102	112.9672	0.5388258	3.292056	3.768426	1.360709
14124	-231.5891	-344.5052	112.916	0.9703915	3.292056	3.84863	1.004938
14130	-234.207	-348.0567	113.8497	1.832601	2.551325	1.478896	0.4622275
14136	-233.6369	-346.5344	112.8975	1.079611	3.196872	4.482437	0.6797142
14142	-236.6644	-349.6585	112.9941	1.022407	2.182895	5.095918	1.001816
14148	-243.5838	-356.22	112.6361	1.022407	1.802286	7.878463	0.9459045
14154	-233.3248	-346.4771	113.1523	0.9145182	2.551809	2.947431	1.424249
14160	-234.1173	-347.4876	113.3703	0.696467	2.551809	2.947431	1.424249
14166	-230.3125	-343.1343	112.8218	0.3455261	4.183249	2.832025	1.653595
14172	-234.6459	-347.5101	112.8642	0.7397526	2.078582	5.402523	1.342132
14178	-234.4299	-347.4697	113.0398	0.9011831	2.078582	5.402523	1.051719
14184	-232.7435	-344.8708	112.1273	0.8481341	3.463454	3.892122	1.675364
14190	-234.1056	-346.7635	112.658	1.201995	3.463454	3.892122	0.9488446
14196	-244.3204	-357.9423	113.6219	1.215607	3.463454	2.193519	0.5601415
14202	-243.8971	-356.2841	112.387	0.964677	2.926106	5.185055	1.253719
14208	-233.2225	-345.9558	112.7333	0.7819511	6.432714	2.53432	0.9872306
14214	-240.5064	-353.0522	112.5458	0.8240502	6.432714	3.226935	0.8059615
14220	-242.5748	-354.7839	112.2091	0.2482807	3.284784	4.562032	1.932327
14226	-236.5581	-348.9171	112.3589	0.3971361	3.826228	4.562032	1.582772
14232	-228.1215	-341.0474	112.9259	0.4082369	3.826228	2.774794	1.638525
14238	-229.897	-341.5776	111.6806	0.6071662	3.219909	7.021727	1.638525
14244	-235.2081	-347.3482	112.1401	0.698533	2.71675	7.021727	1.38819
14250	-233.3897	-344.0556	110.6659	0.9304497	2.71675	17.13577	1.239467
14256	-226.7112	-339.1331	112.4218	1.023079	2.189054	6.307604	1.239467
14262	-239.184	-350.0765	110.8925	1.143542	2.189054	15.15249	1.266829
14268	-236.1081	-349.188	113.0799	1.109086	1.824727	5.280944	0.9891975
14274	-238.1566	-351.1603	113.0037	1.28244	1.356998	6.849562	0.8283673
14280	-241.6511	-353.8592	112.2081	1.252001	2.235889	7.332553	1.000974
14286	-235.672	-347.2701	111.5981	0.7911581	2.867643	8.860254	1.410555
14292	-240.1842	-354.1686	113.9844	0.6408056	2.024728	2.382956	1.412498
14298	-237.8483	-349.55	111.7017	0.6408056	1.688636	8.769403	1.910605
14304	-239.8138	-352.3525	112.5387	0.2424717	4.153973	3.030858	1.869858
14310	-240.5566	-353.2455	112.6889	0.6936724	4.153973	2.625833	1.573041
14316	-226.9418	-340.0615	113.1198	0.7503475	3.009394	2.625833	1.5262
14322	-222.7089	-336.1059	113.397	0.2026016	3.009394	2.625833	1.721766
14328	-224.1669	-337.0128	112.8459	0.1352442	4.785091	2.625833	1.721766
14334	-230.1798	-342.7535	112.5736	0.4075456	4.785091	2.625833	1.721766
14340	-230.1306	-342.2337	112.1031	0.4952188	4.785091	5.279867	1.31402
14346	-230.3389	-341.9887	111.6498	0.5139482	4.785091	5.953037	1.517444
14352	-241.8955	-354.5062	112.6107	0.5388922	4.686425	3.195885	1.437404
14358	-231.795	-344.3704	112.5754	0.5741944	4.686425	3.195885	1.437404
14364	-235.893	-348.3327	112.4396	0.9986002	2.668418	4.056916	1.540905
14370	-233.6703	-346.4555	112.7852	1.102593	2.003025	6.586237	0.8508489
14376	-233.033	-347.0869	114.0539	1.127613	2.218903	2.034457	1.00394
14382	-234.7598	-348.1779	113.4181	1.012748	4.616363	2.034457	0.7805846
14388	-241.6689	-354.9944	113.3255	1.198099	2.731255	3.272636	0.7947955
14394	-238.9462	-351.5132	112.567	1.515149	2.76014	4.823526	0.3827684
14400	-235.6311	-348.3709	112.7398	1.051491	3.874083	4.342463	0.630521
14406	-236.8112	-350.133	113.3218	0.8732008	2.210401	4.342463	1.029856
14412	-238.3296	-350.7495	112.4199	1.052947	3.886429	4.209064	1.07618
14418	-232.9325	-345.8912	112.9586	0.8582732	3.887998	3.238718	1.079052
14424	-239.396	-353.5015	114.1056	1.098332	3.217268	1.536969	0.8208339
14430	-243.1321	-354.6809	111.5487	0.7080972	2.512968	11.2126	1.352787
14436	-236.1488	-349.0495	112.9007	0.6983595	4.297133	2.683698	1.352787
14442	-233.0603	-346.782	113.7217	0.691046	2.33444	2.624583	1.352787
14448	-230.2781	-342.2131	111.935	0.5781874	3.627343	6.162329	1.49965
14454	-227.374	-339.0944	111.7204	1.327385	3.627343	6.557008	0.9682219
14460	-237.8157	-351.4397	113.624	1.439364	2.854561	1.90428	0.8817238
14466	-227.5812	-340.5515	112.9703	0.6579601	3.264013	3.601667	1.319975
14472	-227.1568	-339.0281	111.8713	1.012416	3.888913	7.288551	0.874647
14478	-234.3047	-345.7644	111.4597	1.075707	5.725763	7.288551	0.5274718
14484	-223.2226	-336.1547	112.9321	1.439221	2.711803	3.955792	0.6486391
14490	-229.5428	-341.6373	112.0946	1.451812	5.963512	3.313704	0.3808804
14496	-231.8481	-344.4157	112.5676	1.433002	4.417442	3.313704	0.4656168
14502	-232.7999	-345.5399	112.74	1.109374	4.415353	3.430529	0.7713768
14508	-233.1007	-346.1153	113.0146	1.050398	2.29939	5.424945	0.7713768
14514	-250.4044	-361.8006	111.3961	0.9711482	3.924394	10.4965	0.8024818
14520	-252.4687	-365.4742	113.0054	0.9303169	3.924394	2.484697	1.256595
14526	-243.0684	-356.2459	113.1775	0.9994739	3.839837	2.484697	1.070344
14532	-231.6659	-344.416	112.7501	1.055241	3.468162	4.423696	0.8082995
14538	-229.5989	-342.5984	112.9995	1.055241	2.399196	4.423696	1.045152
14544	-233.5665	-345.4288	111.8623	1.13413	3.031091	8.355451	0.8822533
14550	-232.8428	-345.5622	112.7194	0.461836	3.683972	4.009444	1.434088
14556	-227.9832	-340.2663	112.2831	0.2812813	3.208067	4.009444	1.999117
14562	-230.2955	-342.0253	111.7298	0.3038774	2.776827	4.009444	2.460158
14568	-230.4974	-342.7798	112.2824	0.6999716	2.776827	2.826747	2.145067
14574	-235.8875	-349.5033	113.6158	0.9510186	2.776827	1.302955	1.681406
14580	-232.0903	-345.5088	113.4185	1.686844	3.703001	1.602967	0.5868313
14586	-237.6691	-349.6898	112.0207	1.763187	2.003059	7.886083	0.4521918
14592	-230.7919	-344.2796	113.4877	1.542941	2.274557	2.897021	0.4971204
14598	-232.4527	-345.3267	112.874	1.443707	3.977532	2.897021	0.4902415
14604	-238.2004	-350.1668	111.9664	1.513252	2.347678	8.193825	0.3446145
14610	-229.3606	-341.0099	111.6493	1.685388	2.724633	8.20461	0.4044794
14616	-238.2089	-350.0382	111.8294	1.585545	2.468967	8.250297	0.3528672
14622	-239.8818	-352.4925	112.6108	1.712675	4.389677	2.202883	0.2475903
14628	-234.4198	-346.9771	112.5574	1.869283	3.365275	2.876609	0.2922123
14634	-237.7255	-350.6648	112.9393	1.869283	3.365275	2.1063	0.2922123
14640	-239.1782	-351.8597	112.6815	1.331438	3.281852	4.422498	0.523778
14646	-229.8915	-342.7742	112.8827	1.277496	2.406982	4.587184	0.8788461
14652	-229.9766	-342.0043	112.0278	1.61444	3.845932	4.931749	0.4266451
14658	-230.5191	-342.5324	112.0133	1.61444	3.83157	4.931749	0.3849112
14664	-232.4539	-345.0591	112.6052	1.155439	3.380643	4.931749	0.7005173
14670	-234.4798	-346.8002	112.3204	0.9286287	3.380643	4.931749	1.243057
14676	-228.3438	-340.887	112.5432	0.8058429	4.014191	4.024013	1.202196
14682	-235.0861	-347.4023	112.3162	1.622383	3.17659	4.815127	0.4968975
14688	-241.0075	-352.705	111.6975	1.48592	5.505287	4.815127	0.437326
14694	-240.6174	-352.8934	112.276	1.381641	3.1614	5.81654	0.6052873
14700	-231.5727	-343.0763	111.5036	1.244149	5.938447	5.953775	0.3803526
14706	-231.1	-342.2924	111.1925	1.589332	5.938447	5.953775	0.4914726
14712	-223.6178	-335.7101	112.0922	1.589332	5.938447	2.933203	0.3446143
14718	-219.8587	-331.5766	111.7179	1.529154	7.13965	3.101878	0.2712488
14724	-215.3597	-327.4985	112.1389	1.260897	7.13965	3.101878	0.474318
14730	-221.6026	-333.8188	112.2163	1.365043	7.13965	2.675585	0.4440787
14736	-216.9042	-329.6428	112.7386	1.41584	4.797714	2.675585	0.4440787
14742	-222.8121	-334.8486	112.0365	1.171663	9.133393	2.675585	0.4513338
14748	-227.2574	-338.5277	111.2704	1.43316	5.789866	6.290196	0.3789093
14754	-223.8792	-335.8566	111.9774	1.77158	3.986576	3.687461	0.2231039
14760	-229.4852	-341.5694	112.0843	0.5009189	5.116602	4.232928	1.489961
14766	-225.6967	-338.1719	112.4752	0.5087053	3.643915	4.439219	1.489841
14772	-223.7203	-336.1669	112.4465	0.5329701	3.384979	4.439219	1.565111
14778	-224.4845	-336.8979	112.4134	0.711707	2.58772	4.439219	1.706174
14784	-230.8126	-343.134	112.3213	0.4936735	4.657716	4.439219	1.363953
14790	-225.693	-338.4205	112.7275	1.139672	3.426216	4.439219	0.7364053
14796	-223.1549	-336.0852	112.9303	0.7273556	4.624879	3.216651	1.013799
14802	-226.9486	-339.7968	112.8482	1.029236	3.500656	3.216651	1.15823
14808	-236.4721	-349.5432	113.0711	0.8826084	3.500656	3.216651	1.089435
14814	-225.4134	-337.5245	112.1111	0.6381635	2.581215	6.835738	1.534783
14820	-229.2359	-340.9751	111.7392	0.8842946	4.427352	4.473124	1.554985
14826	-226.5208	-336.9145	110.3937	0.7984248	4.427352	11.4513	1.576175
14832	-241.287	-355.7339	114.4469	2.183506	1.598995	0.823147	0.2444283
14838	-240.4194	-352.3306	111.9112	1.90158	2.136867	6.856024	0.3010572
14844	-233.4317	-345.6274	112.1958	1.547348	5.244226	3.354152	0.4507142
14850	-236.9281	-350.5724	113.6442	1.778048	2.299623	1.998573	0.3607896
14856	-235.8146	-348.6344	112.8198	1.494821	2.839655	3.989199	0.3971035
14862	-231.9108	-345.8644	113.9535	1.413679	2.839655	1.692225	0.6425639
14868	-231.575	-343.8813	112.3062	0.9416843	4.29819	5.402754	0.7966291
14874	-236.5807	-349.1003	112.5196	0.6342385	3.592218	5.402754	1.145797
14880	-231.0607	-343.6482	112.5875	0.6883189	2.324568	5.696648	1.434778
14886	-233.696	-346.5618	112.8658	0.34285	2.515887	3.05591	2.01166
14892	-237.5513	-349.2747	111.7234	0.86304	2.515887	5.931954	1.821299
14898	-240.8272	-353.2162	112.389	1.023935	1.890793	5.68852	1.517721
14904	-246.7101	-358.814	112.1039	0.5926005	3.741452	6.164109	1.325579
14910	-239.9875	-352.9852	112.9978	0.71075	2.82457	4.715183	1.097581
14916	-236.559	-349.0585	112.4995	0.8011954	2.82457	4.715183	1.43578
14922	-237.2455	-348.7707	111.5252	0.448232	3.831229	5.551683	1.93614
14928	-233.9335	-346.2377	112.3042	0.4759604	2.437604	5.551683	1.779947
14934	-233.0729	-345.8567	112.7838	0.6401142	2.321076	3.630654	1.779947
14940	-229.8428	-343.1745	113.3317	0.7209266	2.41952	3.630654	1.272603
14946	-227.1879	-339.9528	112.7649	0.6955473	3.164326	3.630654	1.473696
14952	-232.1345	-344.7978	112.6633	0.3365655	4.988598	2.997915	1.546245
14958	-241.4073	-351.7722	110.3649	0.6441414	1.908548	12.45668	2.327361
14964	-233.8568	-345.9439	112.0871	0.5464054	2.541278	4.614524	2.021189
14970	-244.5905	-357.5209	112.9304	0.6438505	2.206201	4.833158	1.432491
14976	-246.2098	-359.1601	112.9503	1.072338	2.756174	3.992042	1.045338
14982	-235.3039	-347.8499	112.546	1.264525	3.357596	4.668627	0.7569516
14988	-234.5714	-347.8579	113.2865	1.326307	3.537893	2.391337	0.7569516
14994	-240.3766	-353.3757	112.9992	1.067316	3.457993	2.679118	1.209353
15000	-243.8229	-355.5104	111.6875	0.8606532	3.66326	8.618637	1.043137
15006	-234.4865	-346.1166	111.6301	0.5537098	2.386617	4.995678	2.29217
15012	-232.6165	-346.7821	114.1656	0.7670799	2.287475	1.759407	1.33775
15018	-232.2568	-345.484	113.2272	0.9107356	3.060001	2.943254	1.182389
15024	-231.8317	-344.8272	112.9955	0.6890611	3.060001	2.943254	1.541739
15030	-228.8644	-340.728	111.8636	0.6776674	3.574902	6.585267	1.419031
15036	-224.5515	-336.683	112.1315	1.17069	2.931663	6.585267	0.9837072
15042	-226.6739	-339.3567	112.6828	0.6258925	2.214222	3.346432	1.970201
15048	-240.5267	-352.1386	111.6119	0.760918	3.692693	8.361211	1.231973
15054	-235.7128	-348.9748	113.262	0.7697759	3.842262	2.717978	1.101133
15060	-243.6899	-356.0547	112.3648	1.101509	2.100469	6.306351	1.262847
15066	-236.4066	-348.0492	111.6425	0.6930669	2.316014	6.306351	1.999448
15072	-242.7579	-354.9557	112.1978	1.24631	2.322335	7.515274	0.9318388
15078	-237.0705	-348.9225	111.8519	1.01202	4.079229	6.046104	1.10854
15084	-234.6297	-347.1069	112.4772	0.9661784	2.150121	7.501918	1.029767
15090	-235.0398	-348.3248	113.285	0.7334455	1.910144	3.672958	1.507509
15096	-229.0643	-342.1872	113.1229	0.8136021	2.108165	2.573898	1.809605
15102	-225.3322	-339.0479	113.7157	1.041621	2.105434	3.33371	0.8692584
15108	-228.8068	-341.5646	112.7578	1.107567	4.241169	3.33371	0.8692584
15114	-226.168	-339.6112	113.4433	0.6042225	4.241169	1.968302	1.307887
15120	-229.0074	-341.5309	112.5235	0.8432013	4.241169	3.317783	1.33696
15126	-226.8813	-339.7599	112.8786	1.03862	2.554521	4.045564	1.209071
15132	-224.5772	-337.6322	113.0551	0.9939527	2.554521	4.045564	1.092461
15138	-224.217	-336.8552	112.6382	0.5998486	2.622798	4.045564	1.703841
15144	-233.3219	-345.2593	111.9374	1.054629	2.622798	4.045564	1.874634
15150	-227.4444	-339.4294	111.985	0.8230053	3.312102	4.165839	1.769865
15156	-232.4205	-345.0299	112.6094	0.7700433	3.312102	3.238353	1.600858
15162	-227.4186	-340.4319	113.0132	0.8806581	3.312102	3.20596	1.210271
15168	-226.8026	-339.7596	112.957	1.075427	3.269622	3.20596	1.10298
15174	-231.4148	-343.5301	112.1153	1.019233	3.269622	7.366156	0.82847
15180	-243.8501	-355.871	112.0209	0.6920919	2.517358	6.452787	1.645777
15186	-238.6881	-351.5272	112.8392	1.25448	2.517358	4.400793	0.9544177
15192	-228.6831	-342.3924	113.7093	1.260876	2.517358	2.568741	0.7390295
15198	-225.7236	-339.0172	113.2935	1.127438	3.885429	2.587321	0.7110007
15204	-224.4048	-337.3176	112.9128	0.7971773	4.237747	3.054816	1.138998
15210	-224.9689	-338.0347	113.0658	1.032622	3.986787	3.054816	0.8245705
15216	-237.1405	-349.0206	111.8801	0.6972211	4.007478	8.039683	1.001308
15222	-240.2591	-352.9233	112.6642	0.5589228	4.359175	3.207558	1.453818
15228	-243.4481	-354.9902	111.5422	0.4747167	3.449049	3.149322	2.495709
15234	-240.6255	-351.6399	111.0143	0.8173517	3.449049	10.11973	1.496314
15240	-230.6308	-343.112	112.4811	0.4958485	2.847421	5.969057	1.41994
15246	-235.7605	-348.1057	112.3451	0.5011482	2.847421	5.969057	1.519007
15252	-230.0396	-342.1398	112.1002	0.753936	2.559125	5.969057	1.611152
15258	-230.2298	-344.2644	114.0346	0.7233328	1.606638	2.13355	1.611152
15264	-230.6204	-343.7152	113.0948	0.8699072	1.914443	3.831788	1.503605
15270	-220.3372	-333.266	112.9288	0.7166293	2.899383	3.831788	1.361645
15276	-231.6308	-342.5957	110.9649	1.339515	2.899383	14.2529	0.746183
15282	-233.5055	-345.7779	112.2724	1.216396	3.652798	4.388527	1.085179
15288	-229.2414	-343.5636	114.3222	1.112748	3.652798	0.9632229	0.9295409
15294	-238.2546	-349.1664	110.9118	1.167658	3.652798	14.21812	0.6120608
15300	-231.2907	-343.5985	112.3079	0.6973682	3.652798	5.177269	1.303843
15306	-230.5022	-342.4218	111.9196	0.9882089	3.929729	5.177269	1.303843
15312	-232.9596	-344.7262	111.7666	0.8889236	3.167094	6.933658	1.393814
15318	-235.5822	-347.3861	111.8038	0.3645671	3.167094	6.933658	1.751605
15324	-231.0722	-343.7567	112.6846	0.5061409	3.167094	4.842098	1.379377
15330	-232.2372	-344.0925	111.8554	0.5143108	6.430031	4.148778	1.424895
15336	-233.4079	-345.0081	111.6002	1.083368	5.799192	6.508665	0.5381698
15342	-242.7911	-353.5091	110.718	0.2398012	2.624859	9.206112	2.422418
15348	-239.7857	-351.8203	112.0346	0.4698871	2.43531	4.235837	2.216732
15354	-257.8016	-367.9794	110.1778	1.347552	2.757568	8.772626	2.065531
15360	-233.4431	-345.3036	111.8604	0.5259716	2.417072	8.772626	1.583708
15366	-233.0493	-345.1025	112.0533	0.7834984	2.417072	8.772626	1.233616
15372	-232.8337	-346.8558	114.022	0.8551482	2.734888	1.859818	1.14687
15378	-241.0002	-351.8928	110.8926	0.8213907	2.559809	11.71175	1.688617
15384	-237.1199	-350.1533	113.0333	0.5203108	2.592998	3.807086	1.544946
15390	-231.707	-344.3652	112.6582	0.6420426	2.084345	5.538977	1.544946
15396	-238.215	-350.0639	111.8488	0.5475774	4.103132	6.267314	1.444637
15402	-228.8554	-342.5602	113.7048	0.6598924	3.568781	1.731003	1.357679
15408	-232.3493	-345.0004	112.6511	0.3105631	2.570559	4.205027	1.876601
15414	-234.609	-346.191	111.5821	0.6295569	3.134493	4.205027	2.207876
15420	-236.4288	-350.3023	113.8735	1.053843	3.119096	1.872466	0.9294167
15426	-245.4344	-358.0373	112.6029	0.9750535	2.656038	6.075012	0.9485814
15432	-233.2819	-345.4727	112.1908	0.2574151	2.788554	5.960925	1.823544
15438	-234.7878	-347.7247	112.9369	0.6897904	1.958778	5.960925	1.265892
15444	-232.8178	-344.7883	111.9705	0.8343135	4.225599	5.960925	1.137323
15450	-239.8376	-352.0231	112.1855	0.7736261	4.225599	5.960925	0.9915934
15456	-229.371	-341.6956	112.3246	1.115575	3.085688	5.960925	0.9226826
15462	-234.4038	-347.9554	113.5516	0.966522	2.688733	2.687923	1.090793
15468	-230.3128	-343.5526	113.2399	0.924449	3.335412	2.054189	1.428349
15474	-238.9337	-352.0104	113.0766	0.6012092	2.758597	3.67599	1.428349
15480	-238.7537	-350.7429	111.9892	0.7782504	3.868127	5.974488	1.268588
15486	-232.0617	-344.3678	112.3061	0.6481941	2.597233	7.013042	1.342539
15492	-237.1296	-348.7654	111.6358	0.6321825	2.713913	5.015864	2.131701
15498	-229.7622	-342.5861	112.8239	0.5179213	2.506601	3.625645	1.773046
15504	-230.905	-343.1091	112.2041	0.4683118	2.506601	5.706453	1.803669
15510	-239.3128	-351.2523	111.9396	0.2892743	2.506601	6.931685	1.912866
15516	-236.1211	-347.7889	111.6679	0.8548588	2.047752	6.931685	1.878661
15522	-237.5283	-349.3558	111.8275	0.6020145	2.047752	6.931685	1.94179
15528	-241.8759	-353.7652	111.8893	0.5537855	2.047752	6.931685	1.932665
15534	-240.5587	-352.0155	111.4568	0.8443945	2.160018	7.96706	1.843929
15540	-232.5408	-345.2101	112.6694	0.854343	4.53428	3.079594	1.211525
15546	-231.7213	-343.6006	111.8793	0.9646487	3.242317	6.960327	1.211525
15552	-232.3313	-344.4792	112.1479	1.387323	2.119661	8.05563	0.8316418
15558	-236.2867	-350.7204	114.4337	1.387323	1.992382	1.542668	0.7798276
15564	-238.4758	-351.7998	113.324	1.066612	3.349067	2.39488	1.081377
15570	-229.26	-342.409	113.149	1.086881	3.349067	3.264418	0.8345167
15576	-229.2332	-342.4342	113.201	0.8949513	4.727521	2.484528	0.8596448
15582	-236.2651	-348.6924	112.4273	1.491478	2.285041	6.391326	0.6237954
15588	-243.0452	-355.4694	112.4241	1.544088	2.285041	6.173821	0.3917518
15594	-238.2557	-350.0558	111.8001	0.8937535	2.580639	8.189994	1.369997
15600	-237.9848	-351.3349	113.3501	1.273758	3.618902	2.105187	0.8991922
15606	-228.1058	-340.3776	112.2719	1.183286	3.629144	5.219327	0.8820668
15612	-230.9986	-344.2296	113.231	0.8936946	2.952725	4.151188	0.7744468
15618	-234.6545	-346.9778	112.3233	1.377627	3.895301	4.613921	0.3893932
15624	-223.0365	-335.5109	112.4743	1.334726	3.895301	4.229156	0.3714655
15630	-227.3069	-339.8266	112.5197	1.05722	3.949822	4.629177	0.7995018
15636	-220.032	-332.8	112.768	1.094147	3.180266	4.629177	0.7995018
15642	-225.1843	-338.3438	113.1594	1.327257	3.180266	2.874541	0.8076143
15648	-224.6771	-338.5481	113.871	1.327257	4.276165	0.9970829	0.9194088
15654	-223.6442	-336.4614	112.8173	0.8407138	2.938889	3.125511	1.542716
15660	-232.1498	-345.6815	113.5317	0.9391319	2.938889	3.125511	0.820778
15666	-226.8799	-339.7942	112.9144	1.210159	3.010606	3.945992	0.8325398
15672	-231.0683	-344.8255	113.7572	1.210159	2.680095	2.463785	0.7006726
15678	-242.0987	-355.8228	113.7242	1.239001	2.536003	2.463785	0.8087824
15684	-238.8461	-350.201	111.3548	2.048075	4.166676	4.301955	0.1948214
15690	-236.7409	-348.4811	111.7402	2.331861	2.425524	4.301955	0.1860803
15696	-231.4623	-342.0326	110.5703	2.331861	3.62121	5.329924	0.1116378
15702	-240.2974	-351.3065	111.0091	2.350739	2.394281	6.429424	0.1466177
15708	-243.1309	-354.1422	111.0113	2.219491	2.394281	6.454539	0.1238314
15714	-252.27	-364.9085	112.6385	1.309371	2.934745	5.02986	0.635014
15720	-235.1529	-347.8327	112.6798	1.266084	2.934745	5.02986	0.6396964
15726	-236.4967	-348.2877	111.791	0.9989769	3.45049	7.680986	1.055127
15732	-236.921	-348.6557	111.7347	1.055245	3.45049	7.680986	1.055127
15738	-233.0257	-345.0902	112.0645	0.9276632	2.725178	6.6054	1.33528
15744	-233.723	-346.3085	112.5856	0.8564111	3.186727	4.17629	1.33528
15750	-236.8531	-347.9631	111.11	0.4576837	4.338752	8.574311	1.653931
15756	-239.9314	-351.7409	111.8095	0.8729796	3.5249	8.574311	0.9679417
15762	-231.7171	-343.9801	112.2629	1.189137	3.893231	4.956298	0.8613215
15768	-229.4633	-342.3781	112.9148	0.6196485	3.964464	3.696071	1.154432
15774	-228.8263	-340.6119	111.7856	1.030999	3.964464	7.468565	0.8800815
15780	-237.7728	-349.0877	111.3149	1.41081	4.10536	8.683463	0.43504
15786	-240.3694	-353.8906	113.5212	1.390201	3.272202	2.182321	0.5848136
15792	-242.5313	-355.7515	113.2201	1.70258	3.272202	2.182321	0.5290404
15798	-243.5765	-357.3933	113.8169	1.951046	4.035603	0.7487025	0.4195261
15804	-243.8802	-355.506	111.6258	1.742926	4.035603	5.502503	0.3395226
15810	-241.0856	-354.5852	113.4996	0.8631235	3.102225	3.050516	0.904403
15816	-245.5679	-359.154	113.5862	1.156565	2.336911	3.050516	0.8740354
15822	-241.1091	-354.2859	113.1768	0.9725687	2.473236	4.186075	0.9896355
15828	-243.0542	-354.3491	111.2949	1.020446	2.177072	16.42907	0.8798707
15834	-233.5271	-344.9798	111.4527	0.7113798	3.711933	8.637899	1.355794
15840	-230.4141	-341.8317	111.4176	0.6053502	3.472513	8.637899	1.531179
15846	-225.3075	-339.2689	113.9614	0.8605494	3.067027	1.475149	1.291979
15852	-220.3312	-334.4351	114.1039	1.026229	2.925593	1.612775	0.9807309
15858	-231.1351	-344.6125	113.4773	1.186107	2.841334	2.777652	0.8207705
15864	-224.3583	-337.6026	113.2442	0.7453001	2.841334	2.948382	1.379751
15870	-224.1937	-337.4608	113.2671	0.8792779	2.701217	3.475001	1.124892
15876	-228.9129	-341.1851	112.2722	0.5756166	3.348793	3.475001	1.898929
15882	-235.61	-348.2032	112.5932	1.020962	3.348793	2.463606	1.669501
15888	-234.9368	-348.6597	113.7228	0.5048382	3.348793	2.463606	1.195998
15894	-233.446	-345.7397	112.2937	0.8666717	3.348793	4.089826	1.524286
15900	-229.3557	-342.2214	112.8657	0.7857074	3.348793	4.089826	1.128454
15906	-231.2392	-341.8302	110.591	0.7780917	3.348793	15.2955	1.363792
15912	-232.3546	-345.0808	112.7262	0.5140655	2.924662	3.91283	1.636764
15918	-237.3969	-350.6846	113.2877	0.4409839	1.8144	3.91283	1.700038
15924	-227.1684	-340.4205	113.2521	0.911865	4.641862	2.446765	0.8303239
15930	-231.7996	-344.4024	112.6027	0.7878006	4.641862	2.476812	1.507933
15936	-235.6177	-349.0304	113.4128	0.7318197	4.281967	2.476812	0.961139
15942	-229.6054	-341.9025	112.2971	0.6562932	3.935606	3.829033	1.584742
15948	-239.1481	-351.9697	112.8216	0.6990288	3.630469	3.829033	1.226974
15954	-243.7481	-357.2038	113.4557	0.8694577	2.77802	3.829033	0.7531642
15960	-235.0332	-348.083	113.0498	1.280606	2.77802	3.829033	0.7452373
15966	-239.3199	-352.1736	112.8537	1.556645	2.77802	3.829033	0.579666
15972	-230.9276	-343.9585	113.0308	1.237647	2.349579	3.829033	1.05196
15978	-237.6526	-351.0853	113.4328	1.237647	2.257149	3.829033	0.5599988
15984	-234.6474	-348.0811	113.4337	1.560093	2.572161	2.642654	0.4684394
15990	-226.3532	-339.6413	113.2881	1.437418	2.580519	2.642654	0.9585341
15996	-223.0829	-336.4717	113.3888	1.045594	2.345092	3.097181	1.156289
16002	-233.3351	-344.7394	111.4043	1.045594	2.345092	9.862257	1.427152
16008	-236.3632	-348.2926	111.9294	1.10472	2.398078	9.862257	0.8792739
16014	-234.4063	-346.5963	112.19	1.10472	2.32149	8.314509	0.9280126
16020	-232.6204	-344.9678	112.3475	1.023375	2.093388	8.314509	0.978266
16026	-233.4388	-346.9852	113.5464	0.9749123	2.093388	4.163179	0.804069
16032	-236.2648	-347.3797	111.1149	0.8725328	2.747467	13.46417	1.239491
16038	-238.3068	-349.5716	111.2648	0.8807682	2.417701	13.46417	1.239491
16044	-241.3622	-354.4082	113.046	0.6858215	2.417701	4.740234	1.239491
16050	-232.267	-344.7952	112.5282	0.7582546	4.15805	4.740234	1.010948
16056	-227.7866	-340.417	112.6303	0.6945319	4.15805	3.175864	1.435008
16062	-235.4017	-346.8939	111.4921	0.466865	2.723051	11.33435	1.492296
16068	-220.2756	-332.7265	112.4509	0.6691218	2.723051	5.256258	1.492296
16074	-231.4646	-344.1998	112.7352	0.6857072	2.723051	5.256258	1.255447
16080	-238.1839	-351.6586	113.4748	0.8033071	2.723051	2.602539	1.317304
16086	-222.2406	-335.5655	113.3249	0.8294145	1.77019	4.254114	1.317304
16092	-238.2381	-350.4255	112.1874	0.9575634	4.441768	5.739946	0.7564782
16098	-230.8395	-342.6744	111.8349	0.4248996	6.919628	5.739946	1.043141
16104	-229.1111	-340.9435	111.8324	0.9219182	2.518181	11.16903	0.9047437
16110	-221.2791	-333.8724	112.5934	0.3824832	4.11994	3.793514	1.531952
16116	-223.8052	-336.1075	112.3023	0.3736419	3.31077	5.805326	1.531952
16122	-228.645	-340.929	112.284	0.3264575	3.31077	4.282003	1.880517
16128	-238.9264	-351.688	112.7616	0.8940641	3.171604	4.282003	1.131821
16134	-220.0513	-333.6658	113.6144	0.7266369	2.264151	2.567303	1.458359
16140	-233.8714	-347.8849	114.0135	1.057825	2.740363	1.866907	0.9546071
16146	-234.5343	-347.4112	112.8769	1.256944	1.606018	7.317208	0.609331
16152	-236.9481	-350.2803	113.3322	0.9908492	1.606018	5.828182	0.8458487
16158	-242.8516	-354.8903	112.0387	1.182848	3.312514	5.632579	1.12703
16164	-232.4473	-344.7963	112.349	1.253494	3.312514	5.632579	0.6944018
16170	-234.2998	-346.9094	112.6097	0.6445107	4.860962	3.732283	1.14387
16176	-236.3078	-350.1247	113.8169	0.9493735	4.860962	0.8880144	1.262631
16182	-232.3662	-344.6522	112.286	0.8669292	3.194441	5.593188	1.236021
16188	-236.4838	-350.2903	113.8065	0.8295709	3.443452	1.335264	1.406513
16194	-233.6081	-347.1736	113.5656	1.137742	4.442497	1.553529	0.8914636
16200	-234.9979	-347.8661	112.8682	1.192926	4.442497	2.938337	0.7409968
16206	-242.5437	-355.4013	112.8576	1.280851	4.442497	2.938337	0.5789217
16212	-233.7573	-348.3445	114.5873	1.075954	2.056491	1.290059	1.116773
16218	-232.8322	-346.954	114.1218	1.241912	2.056449	2.008736	0.9240784
16224	-234.7416	-345.3766	110.635	0.7342367	2.386632	15.45119	1.669765
16230	-230.15	-342.3784	112.2284	0.7612336	3.681189	5.173024	1.309095
16236	-229.3869	-340.7439	111.357	0.8014198	2.984914	11.27811	1.250113
16242	-224.5869	-336.6078	112.0209	1.315357	2.628674	8.104367	0.7318844
16248	-230.479	-342.026	111.547	1.478153	3.563381	8.104367	0.4537093
16254	-228.3248	-340.8669	112.5421	1.432722	1.926765	6.780463	0.7362792
16260	-231.3518	-344.3104	112.9586	1.432722	3.843707	2.834013	0.4892959
16266	-233.2867	-345.2571	111.9704	1.739865	2.972897	5.901322	0.3969471
16272	-234.9843	-346.4268	111.4425	1.478923	4.433848	6.943512	0.362174
16278	-247.0975	-358.5658	111.4682	1.478923	4.433848	6.943512	0.4041976
16284	-232.9286	-345.8282	112.8996	1.546843	3.14866	3.321785	0.4597586
16290	-236.4525	-348.9138	112.4613	1.328544	5.067623	3.321785	0.4078306
16296	-237.0391	-349.5683	112.5292	1.328544	4.827659	3.321785	0.4078306
16302	-234.9555	-348.1485	113.1931	1.398877	3.07855	2.968787	0.635805
16308	-234.1437	-345.5644	111.4207	1.348345	3.116118	9.918077	0.789914
16314	-239.6163	-352.2974	112.6811	1.101075	2.257253	4.727319	1.269982
16320	-234.8239	-346.3191	111.4953	1.018641	2.512886	12.95813	0.9070066
16326	-232.7367	-345.8865	113.1498	1.064412	2.649297	3.969833	0.9070066
16332	-232.1088	-345.7072	113.5984	1.233101	1.568757	3.969833	0.9070066
16338	-228.7484	-341.2489	112.5005	1.166251	3.372441	5.409571	0.6336475
16344	-232.0303	-344.5078	112.4775	1.446898	2.734824	5.409571	0.6561989
16350	-227.1239	-340.1406	113.0166	1.345647	2.734824	3.941056	0.6561989
16356	-220.5907	-333.3053	112.7146	1.15616	2.734824	4.847692	0.9399425
16362	-221.3536	-334.2561	112.9025	0.7961982	2.318474	4.847692	1.283263
16368	-225.1037	-337.5271	112.4235	1.011669	2.404735	5.904396	1.232935
16374	-229.2807	-342.8371	113.5564	0.8710893	2.404735	0.9750155	2.100721
16380	-233.3294	-346.1139	112.7845	0.7305058	3.209852	4.621887	1.149901
16386	-235.1615	-347.4087	112.2472	0.8151274	4.670166	4.621887	1.105709
16392	-235.5541	-348.902	113.3479	0.8204726	3.205876	2.659865	1.214102
16398	-243.8824	-356.3128	112.4305	0.5814894	4.709586	2.659865	1.704321
16404	-234.0966	-346.0858	111.9892	1.069437	4.957623	5.615752	0.7012537
16410	-251.9404	-364.2653	112.3248	0.7121688	2.876318	5.620524	1.430585
16416	-247.9098	-359.4679	111.5581	0.1133548	3.846375	5.620524	2.121371
16422	-239.7553	-351.7194	111.9641	0.1112875	5.793142	5.620524	1.44228
16428	-246.145	-358.7151	112.5701	0.13886	3.228886	6.299828	1.44228
16434	-224.9912	-337.6629	112.6717	0.4129676	3.175754	3.314798	1.826115
16440	-228.5967	-340.8542	112.2575	0.8843339	3.175754	5.327211	1.308577
16446	-240.9603	-353.7099	112.7496	0.5194957	4.755506	2.384605	1.606777
16452	-236.3301	-348.8407	112.5106	1.136317	1.959043	7.428103	0.950042
16458	-241.4137	-353.5494	112.1357	1.308669	1.669266	7.595084	1.272653
16464	-241.4489	-354.3725	112.9236	0.9166156	1.418812	6.570371	1.272653
16470	-245.9621	-358.279	112.3169	1.226771	2.970548	6.570371	0.6460871
16476	-232.4517	-344.6241	112.1724	1.147943	2.970548	6.570371	0.9510076
16482	-234.1264	-346.7211	112.5947	1.328982	2.020796	6.570371	0.7964132
16488	-238.3995	-350.9751	112.5756	1.260633	2.020796	6.570371	0.90289
16494	-245.1528	-359.9026	114.7498	0.9696321	2.150686	1.160167	1.118706
16500	-237.2203	-349.7271	112.5068	0.664754	3.033681	4.940709	1.415335
16506	-233.1314	-345.6271	112.4957	0.4492663	2.085985	7.457969	1.484138
16512	-242.4178	-354.3901	111.9722	0.2906829	1.746772	7.457969	2.102322
16518	-234.492	-346.8348	112.3428	0.8645965	2.361429	5.559503	1.498652
16524	-240.3747	-353.1555	112.7808	0.9175907	2.22195	4.969087	1.297149
16530	-235.3257	-347.7169	112.3912	1.013414	2.439596	6.576846	1.106856
16536	-224.0371	-337.5675	113.5304	1.046068	2.174258	3.613282	0.9114794
16542	-239.0161	-351.525	112.5089	0.4437726	2.174258	7.066863	1.501825
16548	-232.4586	-343.727	111.2684	0.6562953	2.906004	7.066863	1.974076
16554	-233.264	-344.3245	111.0605	0.794693	2.906004	4.297024	2.477231
16560	-232.2783	-345.0749	112.7966	0.4699314	2.975398	4.297024	1.508578
16566	-229.8571	-342.9211	113.064	0.7380674	3.226167	4.413522	0.9272433
16572	-228.5435	-342.4775	113.934	1.031427	1.738975	3.034275	1.01401
16578	-237.5258	-348.9063	111.3805	0.9679441	3.380157	8.435795	1.336076
16584	-236.9093	-350.4018	113.4925	1.045159	2.519331	3.277079	0.8981175
16590	-233.4727	-345.216	111.7433	1.156681	3.13375	8.08413	0.9938945
16596	-234.9428	-346.9208	111.978	0.7688632	3.13375	8.08413	1.138286
16602	-238.7539	-353.148	114.3941	1.0338	2.802702	1.561005	0.7284051
16608	-232.9582	-346.193	113.2348	1.148305	2.158526	4.450625	0.8179474
16614	-231.8529	-345.5282	113.6753	1.159256	2.446695	2.475952	0.9963788
16620	-245.4096	-358.1357	112.7262	0.7794155	1.746078	5.743859	1.506498
16626	-237.4923	-350.0411	112.5488	0.9559395	2.127932	5.743859	1.329197
16632	-233.3224	-346.0696	112.7472	1.003174	2.338748	5.743859	1.0147
16638	-229.1658	-343.4117	114.2459	1.2661	2.338748	1.353214	1.067222
16644	-229.5244	-341.2062	111.6817	0.9983262	3.217565	8.688773	1.067222
16650	-220.0062	-332.6868	112.6806	0.9411813	3.479393	4.8337	0.8781524
16656	-228.0574	-341.3993	113.3418	0.8569804	4.762911	2.105653	0.9559812
16662	-229.9834	-343.6249	113.6415	1.190744	2.494959	2.883406	0.7459545
16668	-229.009	-341.2145	112.2055	1.266749	4.533825	4.708433	0.6153361
16674	-229.8139	-342.5782	112.7642	1.290742	4.22265	3.019233	0.7993623
16680	-235.8029	-348.6534	112.8505	0.8099911	4.869491	3.019233	1.020597
16686	-228.7631	-341.4665	112.7034	0.8702323	4.869491	3.019233	1.102721
16692	-238.1862	-350.511	112.3248	0.5357897	5.045786	2.998834	1.635856
16698	-243.3302	-355.982	112.6518	0.4710562	3.463527	2.806649	1.868566
16704	-234.2467	-345.9577	111.7109	1.022622	3.923065	7.176667	1.043842
16710	-225.9233	-339.0169	113.0936	0.8613791	3.923065	2.799832	1.111826
16716	-241.6326	-354.8408	113.2082	1.205216	3.923065	2.45644	0.7979028
16722	-234.3589	-346.801	112.4421	0.6812749	4.520172	4.239244	1.196467
16728	-238.9308	-351.4	112.4691	0.953123	3.77348	4.647161	1.032614
16734	-250.3608	-361.707	111.3462	0.9099411	4.323039	9.622976	0.940282
16740	-238.1852	-350.022	111.8368	1.168392	4.775803	6.302954	0.5393555
16746	-239.0317	-350.5768	111.5451	1.459988	4.775803	6.302954	0.5397124
16752	-244.0036	-355.564	111.5604	1.649299	3.860056	6.302954	0.3177336
16758	-242.7781	-355.5925	112.8144	1.212165	2.964358	4.506024	0.7468111
16764	-243.8192	-355.8262	112.007	1.256321	3.554137	6.872202	0.5998015
16770	-242.8541	-355.7937	112.9396	1.15825	3.210274	3.759169	0.843867
16776	-241.5329	-354.9363	113.4033	1.34987	2.142513	3.759169	0.5772105
16782	-237.2698	-350.3985	113.1288	1.201961	2.780927	3.759169	0.7786011
16788	-239.8292	-353.1659	113.3366	1.162683	3.191387	2.930366	0.7495505
16794	-233.4309	-346.0577	112.6268	1.199777	3.512389	4.540486	0.6984446
16800	-229.7316	-343.6688	113.9372	1.797404	4.044048	0.7674768	0.4023686
16806	-230.0734	-344.3011	114.2277	1.614977	3.739823	0.7674768	0.4095296
16812	-224.6317	-337.6578	113.0261	1.417544	3.739823	2.673385	0.3489223
16818	-227.1514	-338.648	111.4966	1.588643	4.641666	5.9029	0.3489223
16824	-219.6994	-331.9609	112.2615	1.413386	5.559142	3.184914	0.3489223
16830	-224.1636	-336.595	112.4315	1.413386	5.135281	3.184914	0.4907213
16836	-234.4974	-347.1017	112.6043	1.092507	5.689315	3.184914	0.5368713
16842	-231.6502	-343.8061	112.156	1.164883	7.351425	3.184914	0.5368713
16848	-228.5204	-341.2622	112.7418	1.099815	5.121926	3.081833	0.6740164
16854	-222.4147	-335.6052	113.1905	1.515844	3.777351	2.153478	0.3643087
16860	-234.9475	-348.6945	113.7469	1.453625	2.663275	2.153478	0.4753092
16866	-240.8073	-353.4473	112.64	1.141597	3.049747	5.561315	0.5569959
16872	-231.2375	-343.658	112.4205	1.141597	3.241531	5.561315	0.8222428
16878	-227.7607	-341.1571	113.3963	0.9386233	2.011448	4.040917	1.095705
16884	-239.6774	-351.9944	112.3169	0.6979709	2.011448	6.30278	1.647451
16890	-239.058	-350.5952	111.5372	1.803182	6.44299	2.883894	0.2036804
16896	-239.2181	-351.4257	112.2076	1.815685	4.077087	2.883894	0.2176273
16902	-240.3516	-352.0244	111.6728	1.861764	4.319169	4.230199	0.2596821
16908	-238.8848	-350.5582	111.6734	1.684866	4.906849	4.230199	0.2596821
16914	-228.1994	-341.2095	113.0102	0.7632409	3.525236	2.782755	1.388634
16920	-228.5649	-341.2851	112.7202	0.5690548	4.19576	2.782755	1.57838
16926	-239.6182	-352.2415	112.6233	0.5752468	4.19576	1.907667	1.960212
16932	-240.2163	-351.9131	111.6968	0.7909613	3.242371	7.779259	1.366348
16938	-239.4212	-353.1675	113.7463	1.105552	2.082568	2.926092	0.9639898
16944	-234.1267	-347.9868	113.8601	1.050261	2.331538	2.219945	1.106391
16950	-239.6124	-353.4394	113.8269	0.7564525	2.724136	1.570887	1.539015
16956	-235.6319	-348.1044	112.4725	0.9225952	4.415649	4.619374	0.8422573
16962	-242.9264	-356.2544	113.3279	0.6817196	3.196158	2.590934	1.373329
16968	-231.3298	-343.6094	112.2796	0.6713789	2.546463	6.96019	1.373329
16974	-236.5148	-349.4841	112.9693	0.9004078	3.775448	3.277514	1.05179
16980	-239.1695	-352.1595	112.9901	1.401783	2.602183	4.153401	0.5325995
16986	-240.9274	-354.5405	113.6131	1.203928	4.317652	1.524491	0.8271238
16992	-256.6527	-369.1936	112.5408	1.324149	2.429808	6.167063	0.6896376
16998	-246.178	-360.59	114.412	1.633881	1.935891	1.372099	0.6792735
17004	-230.3353	-344.188	113.8527	0.577635	3.669009	1.784927	1.246237
17010	-228.8372	-342.6592	113.822	0.6779778	3.669009	1.294031	1.472417
17016	-239.732	-353.8507	114.1188	0.8628418	2.360253	1.084842	1.665082
17022	-235.1627	-347.7143	112.5517	1.05295	3.545454	3.825751	1.182881
17028	-234.6106	-348.2317	113.6211	1.311985	2.929009	1.772116	1.067721
17034	-235.6743	-348.444	112.7697	0.9591001	3.871158	2.830141	1.30851
17040	-234.4259	-346.5078	112.082	0.8997788	3.871158	5.777871	1.124986
17046	-238.5941	-350.3169	111.7227	0.9505224	6.279991	5.777871	0.712341
17052	-230.5412	-343.5469	113.0056	0.719312	5.003237	2.835538	0.9980305
17058	-230.5776	-343.1729	112.5953	0.7424345	4.693529	4.083367	0.9980305
17064	-233.4632	-345.6738	112.2106	0.9074587	4.693529	4.792484	0.9980305
17070	-227.6245	-340.1452	112.5207	0.497886	3.097096	4.792484	1.543015
17076	-226.4473	-338.6269	112.1796	0.2212776	3.031548	4.792484	1.993704
17082	-228.0722	-340.5773	112.5051	0.0653427	3.094567	4.792484	1.861418
17088	-231.4421	-343.9095	112.4674	0.1069664	3.607514	4.792484	1.720198
17094	-231.5048	-345.0195	113.5147	0.9205087	2.92731	3.098904	0.883257
17100	-235.3622	-348.522	113.1598	1.195597	2.92731	3.098904	0.9699886
17106	-238.0852	-349.8463	111.7612	0.7634148	4.347341	5.895043	1.352839
17112	-231.421	-343.841	112.4201	0.4244665	2.230091	5.895043	1.750126
17118	-231.7269	-342.5304	110.8034	0.7857705	2.552891	8.841964	2.07866
17124	-223.1598	-335.5914	112.4315	0.6076562	5.556606	3.458208	1.25272
17130	-220.9856	-333.4692	112.4837	0.5419364	5.556606	3.458208	1.263978
17136	-225.9793	-337.9597	111.9804	0.6047729	5.181103	3.458208	1.674506
17142	-229.5887	-342.3018	112.7131	0.873645	3.742407	3.458208	1.250713
17148	-224.8939	-338.0511	113.1572	0.727617	3.742407	3.006513	1.150303
17154	-230.7747	-343.0993	112.3247	0.8153214	3.072803	4.505747	1.523809
17160	-234.3802	-347.5929	113.2127	0.2483177	2.583297	3.557978	1.68048
17166	-239.0444	-350.7589	111.7145	0.7516406	2.100515	3.388364	2.542249
17172	-238.6076	-352.2318	113.6242	0.6309859	1.660788	3.388364	1.529424
17178	-241.2162	-353.2663	112.0501	0.8142327	2.135284	7.341056	1.541328
17184	-237.9065	-349.5356	111.6291	1.109255	3.659262	7.341056	1.094712
17190	-233.3286	-345.9245	112.596	1.178237	3.255504	4.950806	0.7490385
17196	-223.1737	-335.8416	112.6679	1.19967	3.255504	4.699943	0.7161723
17202	-226.7657	-339.687	112.9213	1.240355	2.182723	5.234715	0.7943278
17208	-229.22	-341.1718	111.9518	1.263961	2.58155	8.986943	0.7059181
17214	-234.7026	-347.7542	113.0515	1.384967	2.086702	4.483136	0.7872189
17220	-232.2418	-344.7902	112.5484	1.080825	2.114185	4.483136	1.508187
17226	-228.6779	-341.3316	112.6536	0.8088115	2.114185	5.805528	1.356774
17232	-232.0619	-344.411	112.3491	1.023809	3.256289	4.286253	1.339859
17238	-238.9605	-349.5352	110.5747	0.6224259	3.822989	7.528576	2.1562
17244	-233.418	-344.9485	111.5305	0.7788577	4.60145	7.528576	1.1674
17250	-230.0215	-342.5404	112.5189	0.668509	4.124261	3.254865	1.523201
17256	-237.3076	-349.2023	111.8947	1.006466	2.555517	7.580844	1.30774
17262	-226.4063	-338.98	112.5737	0.9799802	2.89932	4.890732	1.161267
17268	-233.4224	-347.141	113.7186	1.080543	2.63272	1.689812	1.343582
17274	-229.5362	-343.2007	113.6645	1.278238	2.843663	1.78104	1.088238
17280	-225.7308	-339.7587	114.0279	1.197216	2.843663	1.78993	0.7735438
17286	-232.0484	-345.5477	113.4993	1.207424	4.223169	1.78993	0.7735438
17292	-239.4087	-352.8502	113.4415	0.9800489	3.49194	1.78993	1.304454
17298	-235.6026	-348.8364	113.2338	0.6773005	3.49194	1.78993	1.688804
17304	-234.4502	-346.7549	112.3047	0.6219235	3.756482	4.452514	1.499428
17310	-227.2319	-339.8624	112.6305	0.695249	3.37022	3.195439	1.63578
17316	-231.4084	-344.298	112.8895	0.9713006	2.51898	4.343033	1.189595
17322	-226.112	-337.61	111.4981	1.001819	3.29552	9.631502	1.056982
17328	-222.3271	-334.7462	112.419	0.8273343	4.352105	4.507626	1.056982
17334	-224.7147	-336.9657	112.251	0.5173725	3.810228	5.248924	1.431079
17340	-224.7109	-336.0746	111.3636	0.6851608	3.810228	9.433536	1.310895
17346	-230.3452	-342.7454	112.4002	0.9712087	3.370118	4.264098	1.310895
17352	-231.4508	-344.8481	113.3972	0.4876699	3.370118	1.432483	1.911548
17358	-235.1154	-349.1869	114.0715	0.8438467	2.025088	1.432483	1.633529
17364	-233.1351	-346.4708	113.3358	0.8470846	2.567353	3.218875	1.234569
17370	-234.4321	-348.0414	113.6093	0.5230321	3.205692	3.218875	1.027953
17376	-241.1992	-352.0145	110.8153	0.5350565	2.182238	10.97862	2.137107
17382	-239.2521	-350.9747	111.7226	0.6788878	1.519139	10.97862	1.707612
17388	-234.4385	-345.5243	111.0858	0.5407358	2.203805	10.97862	1.946374
17394	-238.3892	-350.6538	112.2646	0.4251188	2.135127	6.958465	1.724836
17400	-239.6633	-351.1754	111.512	0.6336795	2.447653	8.350455	1.797607
17406	-233.1837	-345.834	112.6503	0.3708359	2.447653	2.921008	2.194561
17412	-228.9155	-341.21	112.2945	0.4669031	2.447653	5.069535	1.878004
17418	-217.9806	-330.1647	112.1841	0.7833904	2.447653	5.32531	1.686445
17424	-222.1431	-334.0459	111.9028	0.4616431	2.447653	5.32531	2.096858
17430	-229.8743	-341.9753	112.1011	0.9848851	3.231109	4.880875	1.431984
17436	-227.6732	-340.8149	113.1418	0.7143433	2.747975	3.204101	1.433201
17442	-227.2693	-339.4122	112.143	1.013939	4.632913	5.295064	0.8183452
17448	-237.3236	-350.0939	112.7703	0.6626475	3.138946	3.397817	1.566844
17454	-242.5407	-355.4662	112.9255	0.6367594	3.138946	4.1331	1.264826
17460	-238.226	-351.5253	113.2993	1.37014	3.456264	2.536586	0.5220406
17466	-228.2252	-341.2474	113.0221	1.490853	3.889624	2.536586	0.5220406
17472	-230.3627	-342.8283	112.4656	1.660328	2.760904	4.729316	0.5949725
17478	-233.1828	-344.8032	111.6203	1.447494	5.791639	4.729316	0.3290106
17484	-230.9643	-343.3527	112.3884	1.393271	4.26113	4.045002	0.4451527
17490	-234.1904	-346.8349	112.6445	1.222567	5.72709	2.692251	0.6463966
17496	-229.8434	-342.3899	112.5465	1.105966	5.224192	3.620025	0.5245952
17502	-228.7155	-341.0546	112.3391	1.498375	3.726689	4.383087	0.4024618
17508	-229.1412	-341.7892	112.6479	1.573854	2.808773	4.383087	0.5422757
17514	-231.1483	-344.5584	113.4101	0.7226971	3.723859	2.808551	1.005511
17520	-232.3016	-344.9315	112.6299	0.8118136	2.852551	3.209623	1.701623
17526	-229.6	-341.5191	111.919	0.6945021	2.852551	4.244968	2.014755
17532	-236.7913	-349.1713	112.38	0.3874002	4.287463	4.134049	1.560577
17538	-238.7599	-352.1321	113.3722	0.7861415	3.999095	2.246017	1.149426
17544	-232.3205	-345.5576	113.2372	0.9620125	3.813033	2.939543	0.8346087
17550	-237.6141	-350.8695	113.2554	0.9620125	2.567733	3.808201	1.002834
17556	-235.602	-347.1071	111.5052	1.055664	2.020874	14.0141	0.9975763
17562	-231.1878	-344.7368	113.549	0.821731	2.532968	3.448225	0.9975763
17568	-236.5541	-349.073	112.5189	1.098755	5.516328	3.23304	0.7676172
17574	-243.0949	-355.1271	112.0322	0.856106	4.220097	7.281795	0.7219885
17580	-251.6879	-364.1612	112.4733	0.9158791	4.260044	4.051278	1.086862
17586	-237.7954	-351.03	113.2346	0.7070262	5.309069	2.306041	0.9517295
17592	-237.8927	-351.1344	113.2416	0.6086721	4.443849	2.30616	1.262862
17598	-229.6001	-343.057	113.4569	1.006313	3.970599	2.30616	0.8123048
17604	-238.5249	-351.3944	112.8695	1.154581	4.087861	2.30616	1.212539
17610	-240.1159	-352.3749	112.259	0.4914995	2.865508	7.873034	1.267289
17616	-227.6777	-340.6255	112.9478	0.8420826	2.783315	3.073119	1.511818
17622	-232.9832	-346.5497	113.5665	0.8181809	2.879046	2.262981	1.312555
17628	-233.0584	-345.907	112.8486	0.5048276	4.88524	2.262981	1.564105
17634	-234.0375	-347.6191	113.5816	0.8090424	4.88524	1.56024	1.071739
17640	-236.6454	-350.036	113.3906	0.9223214	5.163207	1.56024	1.071739
17646	-226.3089	-338.8372	112.5283	0.5620536	4.638879	4.407278	1.147788
17652	-240.3345	-353.6607	113.3261	0.8196729	2.431934	4.407278	0.9418761
17658	-230.0908	-343.8966	113.8057	0.6609188	2.36532	2.588585	1.310593
17664	-228.8928	-339.1706	110.2778	0.7241763	2.36532	11.96329	2.210495
17670	-222.3964	-335.4924	113.096	0.4049298	1.77679	5.116547	1.616324
17676	-227.395	-339.6348	112.2397	0.4018245	2.450919	5.116547	1.949237
17682	-233.6537	-345.6919	112.0382	0.2929664	2.450919	5.116547	2.15446
17688	-237.1113	-349.9197	112.8084	0.2948467	1.84368	4.839738	1.918656
17694	-246.9118	-359.0073	112.0955	0.7421397	3.392969	4.839738	1.579237
17700	-241.4742	-354.5132	113.039	0.6519972	3.392969	3.939733	1.122779
17706	-242.8479	-355.5223	112.6744	0.742171	3.392969	4.814975	1.122779
17712	-234.4094	-347.7136	113.3043	1.237188	3.588251	2.694861	0.5496086
17718	-237.0376	-349.0779	112.0402	1.307782	3.922256	5.945026	0.5886258
17724	-237.7526	-351.0107	113.2581	0.7945927	3.336627	3.391399	0.9881993
17730	-227.6562	-340.0573	112.4011	0.7571532	4.821206	2.651113	1.578677
17736	-229.5605	-342.2958	112.7353	0.5825564	5.094169	3.446086	1.122333
17742	-226.4898	-339.3003	112.8105	0.6775146	5.094169	3.446086	0.9581623
17748	-224.2652	-337.0582	112.793	0.3189719	5.094169	2.370085	1.656064
17754	-228.0456	-340.8829	112.8373	0.2126987	4.114236	2.370085	1.904338
17760	-224.6361	-336.486	111.8499	0.1785512	4.405929	3.628945	2.161524
17766	-226.5656	-339.4876	112.922	0.5939162	3.069188	3.628945	1.46185
17772	-227.6388	-340.4714	112.8325	0.7423689	3.069188	3.628945	1.416637
17778	-230.3759	-342.057	111.6811	0.6519745	3.069188	7.409022	1.592299
17784	-226.5678	-338.9488	112.3811	0.6607111	2.886304	4.790685	1.592299
17790	-224.8184	-337.2477	112.4294	0.6362219	2.886304	5.707545	1.387975
17796	-236.3003	-348.0011	111.7008	0.2082025	2.886304	5.707545	2.195556
17802	-232.9387	-347.1198	114.1811	1.157325	1.613002	2.742888	0.839241
17808	-237.2135	-351.1826	113.9692	1.100937	3.206654	1.661997	0.882265
17814	-224.9921	-336.673	111.6808	1.659015	6.116189	3.802789	0.4013522
17820	-221.3705	-333.3892	112.0187	1.682088	3.087064	5.843824	0.5102155
17826	-224.9491	-336.7512	111.8021	1.682088	3.260571	6.437919	0.4492104
17832	-239.0876	-350.9919	111.9043	1.781487	3.234485	5.288836	0.3102676
17838	-235.2419	-347.3038	112.0619	1.767812	2.624995	5.826509	0.3256311
17844	-229.2192	-340.8949	111.6757	1.905347	3.116476	5.15397	0.2102388
17850	-239.1762	-352.2105	113.0343	0.6652568	3.21433	3.275567	1.377788
17856	-233.488	-346.1887	112.7007	0.8571771	4.359286	3.275567	1.159923
17862	-230.065	-342.8528	112.7878	1.075073	3.859265	2.269259	1.420824
17868	-229.1606	-340.0937	110.9332	1.219349	3.859265	11.02978	0.9830438
17874	-235.6487	-347.8806	112.2319	1.051461	3.859265	6.174067	0.6665355
17880	-236.2468	-349.1871	112.9403	0.2782026	3.843457	3.122223	1.609477
17886	-235.7256	-348.2009	112.4753	0.8871388	5.907095	3.122223	1.00161
17892	-235.1178	-348.2765	113.1587	0.8847778	3.714713	3.122223	0.9628125
17898	-228.6102	-341.2883	112.6782	0.8466707	4.341087	3.776099	1.023093
17904	-228.7664	-341.2704	112.5041	0.9960467	3.675505	3.776099	1.246058
17910	-243.4309	-354.6628	111.2319	0.8664748	2.831751	12.28306	1.240765
17916	-248.8695	-359.7589	110.8894	0.8241987	2.831751	12.28306	1.541723
17922	-247.3809	-358.478	111.0971	0.5045885	2.851668	7.957666	2.085741
17928	-247.8217	-361.3107	113.489	0.8558531	3.249515	1.911516	1.379911
17934	-222.5377	-335.3864	112.8487	0.6884138	2.267295	4.675606	1.470939
17940	-243.6888	-354.8634	111.1747	0.4471773	2.338075	10.69795	1.9294
17946	-228.912	-342.5386	113.6266	0.7991003	4.391209	1.996908	0.8993832
17952	-237.8967	-350.7954	112.8988	0.9629558	3.272313	4.16329	0.9289812
17958	-240.5342	-355.2698	114.7356	1.161165	3.461961	0.7029444	0.8228447
17964	-235.6804	-350.0755	114.395	0.9653256	3.461961	0.7029444	1.33182
17970	-230.4015	-343.4513	113.0497	0.898858	3.461961	2.615474	1.330101
17976	-225.4129	-337.1517	111.7388	0.8885663	3.841232	6.661407	1.260698
17982	-234.5134	-346.4551	111.9417	0.6646968	5.099985	6.661407	0.9183237
17988	-237.8979	-349.6706	111.7728	0.6729238	2.254879	6.661407	1.892999
17994	-233.6556	-345.8146	112.159	0.2353046	2.254879	5.44046	2.122615
18000	-233.6566	-345.9017	112.2451	0.7754642	2.344797	7.738509	1.270862
18006	-236.6631	-348.8648	112.2017	0.9191816	5.585479	3.647511	1.114686
18012	-239.5536	-351.4088	111.8552	0.6476808	5.585479	5.709169	1.114686
18018	-235.1837	-347.6882	112.5045	0.6506892	2.94026	6.438891	1.149887
18024	-237.7339	-350.8464	113.1125	0.7375651	4.417807	1.497493	1.650075
18030	-230.7165	-344.5941	113.8776	0.7799696	3.03726	1.497493	1.419048
18036	-226.0952	-338.2705	112.1753	0.6971312	2.359818	5.739996	1.709513
18042	-226.6387	-338.9689	112.3301	0.5726403	2.359818	7.740737	1.359275
18048	-229.7751	-343.0749	113.2998	1.082296	2.37215	3.680046	0.9806069
18054	-227.465	-340.8511	113.3861	0.449623	2.897786	3.680046	1.251612
18060	-226.444	-339.6798	113.2357	0.6685886	2.364583	1.775328	2.036951
18066	-232.4048	-345.6848	113.28	0.3735265	1.877641	2.520343	2.108301
18072	-230.5546	-343.0809	112.5264	0.6325283	3.059522	3.394955	1.786391
18078	-223.5293	-336.7546	113.2254	0.7983561	3.059522	3.394955	1.12101
18084	-218.5377	-331.8358	113.2981	0.8659457	3.617208	2.858319	0.9905633
18090	-226.0483	-338.6384	112.5902	1.123135	3.982839	4.169941	0.7935169
18096	-231.3807	-344.21	112.8293	1.559176	2.574929	4.169941	0.4232993
18102	-235.6425	-347.8769	112.2344	1.559176	3.443525	4.874885	0.4002151
18108	-226.4931	-337.9613	111.4681	1.910438	3.711713	4.874885	0.1926207
18114	-227.1625	-338.7078	111.5453	2.095213	2.810578	4.874885	0.1654661
18120	-220.8494	-332.4992	111.6498	2.095213	3.839838	3.341787	0.1654661
18126	-221.2887	-332.8707	111.582	2.095213	3.839838	3.341787	0.149872
18132	-227.3572	-338.3955	111.0383	2.244914	3.396859	5.223206	0.1612316
18138	-230.6646	-342.1184	111.4538	2.244914	2.447438	4.523699	0.1220907
18144	-235.6382	-347.9718	112.3336	2.084232	2.87159	3.063285	0.2227538
18150	-234.6312	-346.3173	111.6861	1.74838	4.031306	4.597565	0.2227538
18156	-237.1882	-348.2588	111.0706	1.794461	4.031306	7.699359	0.3276548
18162	-228.1712	-341.3971	113.2259	1.442151	2.148424	4.015201	0.548898
18168	-236.6332	-350.4684	113.8352	1.375211	3.423634	1.56832	0.6468705
18174	-233.3979	-344.7383	111.3404	1.053131	3.423634	11.55517	0.8035949
18180	-223.2425	-334.861	111.6185	0.8225546	3.317005	5.972643	1.671175
18186	-216.6192	-328.5193	111.9001	1.225235	3.317005	7.652342	0.7356482
18192	-217.9818	-331.3443	113.3625	1.000777	2.884337	2.878212	1.072868
18198	-221.5031	-334.3619	112.8587	0.7902754	5.482366	2.878212	0.9226356
18204	-229.5856	-343.2837	113.698	0.1253545	3.824111	2.878212	1.226321
18210	-235.2716	-349.0134	113.7418	0.197554	2.971828	2.997301	1.357951
18216	-222.184	-334.9041	112.7201	0.4930994	5.535067	2.997301	1.266311
18222	-223.8462	-336.5312	112.685	1.112528	5.535067	2.997301	0.6039465
18228	-228.7986	-341.4552	112.6566	1.155317	5.535067	2.997301	0.5497849
18234	-226.2214	-337.2203	110.9989	1.295121	3.680874	12.5462	0.4601321
18240	-225.9647	-336.6294	110.6647	1.311243	4.74249	12.33587	0.5518785
18246	-226.1254	-338.7405	112.6151	1.432276	4.74249	2.932715	0.5901318
18252	-230.8194	-342.8091	111.9897	1.213105	5.796117	4.512207	0.5538434
18258	-225.8409	-338.972	113.1311	1.213105	2.656109	3.95094	0.7457097
18264	-233.6412	-346.5297	112.8885	1.546301	2.656109	3.95094	0.476847
18270	-224.2801	-337.2304	112.9503	1.230259	3.069368	3.652697	0.8597805
18276	-224.7103	-337.4224	112.712	1.012662	4.87511	3.652697	0.5890432
18282	-231.1977	-343.5861	112.3884	1.376262	3.392013	5.130373	0.4984662
18288	-229.9691	-342.208	112.2389	1.299601	3.911664	5.130373	0.6497743
18294	-230.1775	-342.4832	112.3057	1.329623	3.386912	5.130373	0.8017414
18300	-241.6638	-354.876	113.2121	1.296308	1.949382	4.504307	0.7894035
18306	-244.8467	-358.94	114.0933	1.833947	1.996041	1.547979	0.4619413
18312	-233.6095	-345.8962	112.2868	1.833947	2.996206	4.267179	0.3470099
18318	-225.095	-337.3859	112.291	1.833947	2.996206	4.267179	0.3518854
18324	-232.205	-344.6459	112.441	1.676541	2.996206	4.267179	0.3434222
18330	-222.3894	-335.2864	112.897	1.45429	2.642919	4.218258	0.5346009
18336	-223.2475	-337.0167	113.7693	1.416252	2.642919	1.996037	0.7804354
18342	-230.6551	-342.5672	111.9121	0.6516469	6.823824	5.173397	0.9038569
18348	-231.3786	-343.2545	111.876	0.9439261	3.918049	7.560387	0.8732838
18354	-231.35	-344.3016	112.9517	0.852164	3.918049	2.36076	1.41385
18360	-231.9528	-345.4856	113.5328	0.7522256	2.895889	2.974479	1.102012
18366	-234.4547	-346.8802	112.4254	0.8316384	4.114717	2.850387	1.599105
18372	-235.2962	-348.0338	112.7376	0.5748575	4.114717	2.850387	1.5586
18378	-230.6039	-342.7869	112.1831	0.9504383	3.790792	6.309592	0.8718379
18384	-232.7147	-344.6937	111.979	1.138198	3.762759	6.309592	0.9018301
18390	-231.505	-343.0185	111.5135	0.9604256	2.812387	11.21346	1.045133
18396	-225.0784	-337.5211	112.4428	1.083197	3.087009	5.176235	1.040394
18402	-225.8312	-338.2564	112.4253	1.36965	3.087009	5.176235	0.7260478
18408	-245.952	-359.482	113.53	1.246326	2.72067	1.789338	1.276202
18414	-229.5184	-342.1369	112.6184	0.5574222	3.273574	4.989984	1.323869
18420	-241.4932	-353.735	112.2418	0.6343152	2.036955	4.989984	1.964585
18426	-236.2422	-348.8432	112.601	0.5529302	2.036955	3.800002	2.027829
18432	-240.7198	-352.7812	112.0614	0.4013104	1.974136	6.394493	2.027829
18438	-240.737	-353.3838	112.6468	0.5261661	1.974136	3.850781	2.027829
18444	-240.1529	-352.2806	112.1277	0.6197039	1.974136	8.134297	1.581361
18450	-236.1224	-348.2664	112.144	0.7624323	1.851093	7.207865	1.652478
18456	-238.0607	-349.8965	111.8358	0.730995	2.16635	8.386301	1.599041
18462	-242.7406	-355.4186	112.678	1.192772	2.601354	4.399071	1.130538
18468	-230.1631	-342.9214	112.7583	1.06457	2.967865	5.019881	0.8190081
18474	-238.2335	-352.4032	114.1697	1.135958	3.904306	1.166866	0.7355247
18480	-224.4939	-335.6161	111.1222	1.452444	3.904306	9.965355	0.5867227
18486	-223.0521	-335.8929	112.8408	1.534618	2.316062	4.66879	0.520894
18492	-234.5575	-347.8643	113.3069	0.9293417	2.316062	4.66879	0.8131992
18498	-233.1266	-346.0961	112.9694	1.0341	3.121559	4.191805	0.8237979
18504	-229.1024	-341.9173	112.8149	0.6697886	4.635176	3.436569	1.093606
18510	-224.7933	-336.4404	111.6471	0.8082175	4.891921	6.814763	1.093606
18516	-223.3135	-336.8168	113.5033	0.8550081	2.361952	2.631395	1.382009
18522	-226.833	-339.3307	112.4976	0.6581127	2.621844	3.688457	1.847543
18528	-230.2664	-342.2329	111.9664	0.4459661	2.621844	6.289085	1.847543
18534	-224.2322	-335.9723	111.7402	0.7478411	2.621844	6.417129	1.774963
18540	-228.4405	-340.1517	111.7112	0.7767957	2.621844	6.417129	1.774963
18546	-231.0044	-342.6835	111.6791	0.6749868	2.621844	6.417129	1.867265
18552	-237.1554	-350.8965	113.7411	0.824974	4.944089	1.488909	0.9312433
18558	-231.3298	-343.3596	112.0298	1.121288	2.5729	6.235213	1.332908
18564	-237.1305	-349.7816	112.6511	0.5986416	4.907813	2.928259	1.396854
18570	-228.2133	-340.2451	112.0318	0.7236411	3.703709	4.186087	1.699087
18576	-226.8491	-339.5628	112.7137	0.3866992	3.703709	4.186087	1.445921
18582	-233.6609	-345.7341	112.0732	0.8091914	4.808092	4.186087	1.339114
18588	-215.9835	-328.925	112.9414	0.7796524	2.071704	4.186087	1.527488
18594	-217.5953	-329.9015	112.3062	0.7951741	2.071704	6.964788	1.449162
18600	-227.392	-340.3579	112.9659	1.088998	3.084054	2.253339	1.504449
18606	-242.8246	-353.7651	110.9405	1.040255	3.084054	11.01045	1.390575
18612	-224.8491	-336.116	111.2668	0.7732811	3.61288	11.01045	1.172719
18618	-222.0067	-333.4911	111.4845	0.6560055	2.446785	11.01045	1.490313
18624	-217.7476	-331.024	113.2764	1.010929	2.446785	2.680146	1.386014
18630	-222.5641	-336.021	113.4569	0.8079249	3.132479	2.600223	1.18114
18636	-233.0471	-346.3339	113.2869	1.014598	3.132479	2.600223	1.149008
18642	-231.2343	-344.1671	112.9328	1.044785	3.132479	2.401939	1.489411
18648	-231.0392	-343.7821	112.7428	1.199614	3.132479	3.415981	1.159284
18654	-228.64	-341.3186	112.6786	1.152663	5.396657	3.033096	0.5577514
18660	-234.4856	-347.0859	112.6003	0.8145575	2.030196	6.080247	1.37937
18666	-234.6924	-346.6801	111.9877	0.8423098	2.030196	5.543351	1.897922
18672	-230.7204	-343.3161	112.5957	1.392978	3.920816	3.754816	0.427093
18678	-244.5469	-356.0154	111.4685	1.215352	1.913225	12.97084	1.064241
18684	-240.5773	-351.3312	110.754	0.8469948	1.550502	17.1781	1.733685
18690	-225.2592	-337.3022	112.043	0.7592461	2.196449	5.278505	1.900594
18696	-233.4078	-344.5044	111.0966	0.3698597	2.73762	14.00533	1.595988
18702	-228.6022	-340.2796	111.6774	0.6203699	3.853363	5.731399	1.674813
18708	-230.4908	-341.5968	111.106	0.9286898	3.21274	7.42299	1.761039
18714	-228.7211	-341.1672	112.4461	0.8525522	2.18155	6.786496	1.275004
18720	-223.1293	-335.074	111.9446	0.952479	2.18155	4.941836	1.904711
18726	-229.5759	-342.744	113.1681	0.5217877	2.938328	3.082426	1.53249
18732	-241.3013	-352.9237	111.6224	0.6189714	2.084734	9.454431	1.7317
18738	-227.9691	-340.2725	112.3034	0.4931379	2.400901	3.934338	2.102967
18744	-227.5164	-339.9878	112.4714	0.618207	2.628861	3.969804	1.823213
18750	-225.3763	-337.9892	112.6129	1.07672	1.960717	6.693007	1.06093
18756	-234.2456	-345.8842	111.6386	0.8748577	2.184457	6.693007	1.868004
18762	-231.8078	-343.6213	111.8135	0.389831	1.994302	4.697984	2.469897
18768	-235.8392	-347.6307	111.7915	0.4626459	2.0588	4.697984	2.414412
18774	-235.0024	-346.9992	111.9968	0.3793547	1.799529	4.740334	2.428342
18780	-227.6932	-340.9965	113.3032	1.024398	2.02063	4.740334	0.8749081
18786	-231.535	-344.5106	112.9756	1.285524	1.64564	6.443874	0.6841139
18792	-239.8852	-352.2253	112.3401	1.331916	3.52297	4.979492	0.7353257
18798	-241.4852	-352.9618	111.4766	1.151849	3.52297	8.269727	1.075914
18804	-229.0113	-341.6664	112.6551	1.743838	1.648341	6.053265	0.4466765
18810	-240.5681	-353.6887	113.1206	1.278647	1.648341	6.053265	0.5561672
18816	-230.4199	-343.3016	112.8817	1.737012	1.648341	4.773827	0.2907421
18822	-234.166	-347.4183	113.2523	1.328766	1.613912	5.439473	0.4747572
18828	-235.7107	-348.9287	113.218	1.328766	1.613912	5.439473	0.6456725
18834	-234.7348	-349.2073	114.4725	1.590052	1.702362	1.410701	0.8299383
18840	-236.9219	-350.0671	113.1453	1.110801	3.205766	3.436407	0.7951708
18846	-235.3325	-348.2981	112.9656	1.350532	3.125631	3.436407	0.7565596
18852	-230.0601	-343.5764	113.5163	0.8581561	4.516949	2.062113	0.870173
18858	-234.6789	-346.5273	111.8484	0.9668947	4.418999	5.593454	1.154904
18864	-244.8338	-357.815	112.9812	1.276882	2.524025	4.671825	0.5824164
18870	-236.0435	-349.0726	113.029	1.233669	2.524025	4.671825	0.5644305
18876	-231.8759	-344.716	112.8401	1.301432	2.155034	5.577393	0.7126964
18882	-242.6845	-355.8422	113.1577	0.8980099	3.402013	3.065097	1.087117
18888	-247.9242	-360.4228	112.4986	0.9075322	1.653743	6.954819	1.416379
18894	-244.5927	-357.117	112.5243	0.8184465	3.414728	4.906347	1.157708
18900	-240.5997	-352.9827	112.3831	0.9946265	3.716447	5.820549	0.7383429
18906	-236.0489	-348.5685	112.5196	0.9946265	4.603089	4.429133	0.6645199
18912	-238.3718	-351.5154	113.1436	0.6455488	2.937763	4.429133	1.056556
18918	-233.2773	-346.4569	113.1796	0.8897407	2.005892	4.429133	1.222491
18924	-235.5758	-349.4024	113.8267	0.9588322	2.005892	3.182079	0.9673956
18930	-242.4516	-354.0472	111.5956	1.255824	3.261233	8.277004	0.9540037
18936	-227.2481	-340.0031	112.755	1.2192	3.261233	4.519897	0.601128
18942	-224.9081	-337.5485	112.6404	1.410129	3.094368	4.519897	0.5716687
18948	-225.0345	-338.0766	113.042	1.6277	4.179968	2.051369	0.461174
18954	-229.3845	-341.8571	112.4726	1.444658	4.655009	3.287879	0.3987902
18960	-234.787	-347.6437	112.8566	0.7932214	4.655009	3.287879	0.9842179
18966	-225.6664	-337.9787	112.3123	0.560901	4.655009	3.287879	1.622476
18972	-230.0272	-342.4835	112.4564	0.3798396	3.190709	3.671068	1.900236
18978	-229.785	-342.1901	112.4051	0.5773806	4.405427	2.332271	1.900236
18984	-227.2309	-340.0847	112.8538	0.8611726	4.405427	3.048572	1.088729
18990	-225.7871	-339.6466	113.8595	1.003781	4.405427	1.500167	0.7505217
18996	-227.252	-340.2416	112.9896	1.090246	4.051415	3.124907	0.7818606
19002	-218.3956	-331.4166	113.021	1.098511	4.051415	3.124907	0.7226717
19008	-227.723	-341.3038	113.5808	1.34342	4.051415	1.599148	0.7226717
19014	-228.5445	-340.9708	112.4263	1.407467	4.934127	3.30739	0.4097441
19020	-227.6723	-340.9034	113.2312	1.42803	2.867784	3.086123	0.5507868
19026	-232.9293	-345.9027	112.9735	1.434794	2.867784	3.747537	0.5334827
19032	-230.2233	-342.9679	112.7447	1.253521	3.827809	3.747537	0.6486025
19038	-227.7566	-340.7658	113.0092	1.253521	3.827809	3.059944	0.6486025
19044	-231.4406	-345.8149	114.3743	1.108987	4.951181	0.6845983	0.7584356
19050	-239.1105	-352.5112	113.4007	0.9545053	3.02961	3.314821	0.8218995
19056	-239.539	-352.6477	113.1087	1.072988	3.02961	3.46858	0.9531842
19062	-231.7054	-343.6842	111.9788	0.7784149	4.007844	5.818813	1.269157
19068	-250.1261	-363.56	113.4339	0.6129058	4.562955	1.882046	1.269157
19074	-237.5737	-351.6901	114.1164	0.9069369	4.562955	1.161485	0.8387056
19080	-230.7141	-344.0525	113.3384	1.364075	2.98078	2.716074	0.7180821
19086	-232.8966	-346.9009	114.0043	0.6087707	2.98078	2.00591	1.20549
19092	-242.3622	-353.8203	111.4582	0.646825	2.98078	12.29106	1.178856
19098	-236.0369	-347.7142	111.6773	0.7271131	1.863111	12.29106	1.400661
19104	-243.221	-354.0861	110.8651	0.519259	1.863111	12.29106	2.117274
19110	-236.6716	-349.5942	112.9226	0.4290562	1.863111	3.107541	2.139426
19116	-248.9008	-361.6047	112.7038	0.6005927	4.882751	3.107541	1.298774
19122	-253.9064	-366.658	112.7515	1.047914	3.435784	3.107541	1.282751
19128	-248.4243	-361.4328	113.0085	0.6423095	5.639716	2.731524	0.9479147
19134	-242.8084	-355.1215	112.3131	0.8608558	5.639716	3.526794	1.094195
19140	-236.0035	-347.5111	111.5075	0.9081038	2.698596	11.62331	1.094195
19146	-241.6782	-352.8232	111.1451	0.8502764	3.762509	11.49456	1.103029
19152	-231.3048	-344.3402	113.0354	1.065327	3.769833	2.880591	0.9892138
19158	-240.0288	-353.2067	113.1778	0.8871645	3.769833	2.880591	1.024763
19164	-225.9291	-338.5346	112.6056	0.7637264	4.964742	2.880591	1.30566
19170	-223.3727	-336.9553	113.5826	1.034962	2.615612	2.55535	1.088559
19176	-222.499	-335.7934	113.2944	1.091643	3.535323	2.55535	0.9366304
19182	-224.974	-338.2304	113.2564	1.395304	3.295831	2.704699	0.5234603
19188	-228.5599	-340.7507	112.1909	1.86222	2.04311	6.147177	0.3235461
19194	-224.3502	-337.7776	113.4273	1.569383	3.580336	1.832511	0.4186149
19200	-233.9476	-346.578	112.6304	1.569383	2.870814	4.164978	0.3381711
19206	-230.6766	-343.2637	112.587	1.372604	2.870814	5.178977	0.5568958
19212	-237.7262	-349.9354	112.2092	1.261268	4.166083	5.178977	0.4419096
19218	-236.1373	-348.2569	112.1196	1.218632	5.30955	4.128646	0.7817169
19224	-227.9785	-340.8876	112.9091	1.218632	3.22942	4.128646	0.4790917
19230	-229.3579	-342.1444	112.7866	1.230762	4.258125	3.113248	0.7817129
19236	-230.9253	-343.0679	112.1425	1.14358	7.676673	3.113248	0.5280275
19242	-230.3346	-343.6255	113.2909	1.713687	6.453114	0.834846	0.4190188
19248	-239.3136	-352.0496	112.736	2.052197	6.453114	0.834846	0.2323562
19254	-243.3513	-356.4585	113.1072	1.859503	6.453114	0.7066343	0.2426385
19260	-232.5517	-345.378	112.8263	1.859503	3.440007	1.836888	0.1817224
19266	-228.002	-340.3358	112.3338	1.252096	5.91067	3.247502	0.6405624
19272	-239.5691	-352.0828	112.5137	0.584738	6.517796	3.247502	1.069283
19278	-238.4436	-350.7396	112.296	1.173978	2.194099	8.210275	0.8254619
19284	-237.9245	-350.3722	112.4477	1.119044	2.027916	8.210275	0.8212404
19290	-234.0441	-346.2618	112.2177	1.363318	2.932839	5.932576	0.8429025
19296	-235.4456	-347.8297	112.3841	1.076448	2.932839	5.932576	0.9768623
19302	-229.359	-341.6058	112.2468	0.9500505	2.932839	5.337765	1.343812
19308	-231.4458	-343.7719	112.3261	0.9902112	2.932839	6.418017	1.006964
19314	-230.2293	-342.3441	112.1148	1.097849	2.955126	5.76636	1.232854
19320	-217.5476	-330.2514	112.7038	1.047568	4.36082	3.86806	0.7032575
19326	-227.1271	-339.5676	112.4405	0.8174855	6.261867	3.86806	0.6699414
19332	-223.6322	-335.7941	112.162	1.167205	3.848269	5.964389	0.6822894
19338	-228.5163	-340.7823	112.266	1.210202	1.949334	6.520136	1.286818
19344	-228.7256	-339.4492	110.7236	0.3563798	3.338963	11.99589	1.868313
19350	-227.1374	-338.7861	111.6487	0.8172169	2.717801	11.99589	0.9881565
19356	-224.8154	-337.6305	112.8151	1.218073	3.943757	3.593371	0.6000013
19362	-231.7246	-343.7749	112.0503	1.192553	7.007315	3.465225	0.6601808
19368	-236.5519	-348.7671	112.2152	0.6586458	5.640451	3.465225	1.367025
19374	-234.5079	-347.5199	113.012	0.6698537	4.742471	3.016021	1.036872
19380	-244.1005	-356.8362	112.7356	1.138119	4.742471	1.859238	1.376691
19386	-234.0246	-347.3658	113.3413	0.4687673	4.742471	1.997442	1.361144
19392	-235.6233	-348.3141	112.6908	0.8728514	3.185648	3.724374	1.361144
19398	-227.5794	-340.3555	112.7761	0.9099704	3.929612	3.724374	1.015301
19404	-225.9908	-338.3234	112.3326	1.110634	3.246175	5.756362	0.90274
19410	-233.4472	-345.7663	112.3191	0.9369209	3.246175	5.756362	1.09117
19416	-242.1812	-353.9924	111.8112	1.188349	4.932242	5.756362	0.7508132
19422	-243.5822	-355.8968	112.3146	1.21012	4.55514	4.507176	0.6192342
19428	-236.0535	-349.5388	113.4853	1.357357	4.55514	1.538221	0.659035
19434	-244.3808	-356.5253	112.1445	1.568889	3.028424	5.783961	0.625164
19440	-238.0568	-350.4702	112.4134	1.360754	3.028424	5.633005	0.5470459
19446	-232.2652	-345.217	112.9519	1.260038	2.297362	5.043019	0.7053015
19452	-235.4357	-348.8817	113.4459	1.063573	3.574799	2.74138	0.6070844
19458	-244.5265	-356.18	111.6535	1.16812	3.413973	7.221813	1.124287
19464	-240.3509	-354.0339	113.6829	0.8880802	3.413973	1.991843	1.095096
19470	-236.0504	-349.024	112.9736	0.7780096	6.007437	1.87104	1.196066
19476	-232.4655	-345.8087	113.3432	0.7700694	6.007437	1.87104	0.8363261
19482	-239.495	-351.4855	111.9905	0.8584647	6.007437	5.046195	0.8284925
19488	-241.1284	-354.2469	113.1185	1.221801	6.007437	1.733571	0.6033266
19494	-246.6015	-358.5484	111.9469	1.810843	4.509337	3.070416	0.2002892
19500	-234.6055	-347.1652	112.5597	1.655721	3.976499	3.065638	0.3858858
19506	-231.1764	-343.9733	112.7969	1.463958	3.884272	3.065638	0.4136989
19512	-224.1611	-337.3634	113.2023	1.318812	3.055485	3.065638	0.7125558
19518	-221.5938	-334.1086	112.5148	0.7676423	3.994018	4.937024	1.012598
19524	-228.4767	-341.1293	112.6526	0.4107348	2.560924	3.077977	2.087222
19530	-241.5093	-352.8227	111.3134	0.8622272	2.720451	10.58024	1.411931
19536	-241.3919	-352.654	111.2621	1.600065	3.304374	9.43787	0.6358984
19542	-233.9495	-347.0075	113.058	1.277962	2.910933	3.75337	0.6818356
19548	-238.4491	-351.1641	112.715	1.489009	2.910933	4.301103	0.4699772
19554	-235.3742	-347.4368	112.0626	1.462815	4.847914	4.301103	0.4724359
19560	-236.403	-349.6063	113.2033	1.492071	2.558348	3.052474	0.7937417
19566	-236.8635	-349.9795	113.116	1.32918	3.248245	3.052474	0.717016
19572	-234.499	-347.0067	112.5078	0.9083142	4.866505	3.345473	1.126409
19578	-229.6271	-340.8669	111.2398	0.8711873	4.801293	8.365625	1.149308
19584	-226.1944	-339.2	113.0057	0.8690841	4.801293	2.757287	0.9390305
19590	-217.9114	-330.441	112.5296	0.6030102	8.409665	2.757287	0.8512454
19596	-223.8714	-337.0439	113.1726	0.6933628	4.824538	2.757287	0.9412784
19602	-221.5688	-334.3022	112.7335	0.6467793	4.824538	2.757287	1.372799
19608	-226.8024	-339.8531	113.0507	0.9609914	4.482717	2.543095	0.9995615
19614	-226.9493	-339.838	112.8886	0.8016994	5.57246	2.543095	1.015661
19620	-227.9769	-340.8021	112.8252	0.8016994	5.601218	2.599109	1.043986
19626	-225.6562	-338.0904	112.4342	0.9676456	4.588961	4.312729	0.8834772
19632	-222.2496	-334.5743	112.3247	0.4610749	4.588961	3.687258	1.591069
19638	-230.2825	-342.1733	111.8908	0.6031226	5.017172	5.917143	1.210733
19644	-233.005	-346.6219	113.6169	1.146961	3.575218	2.047213	0.7872247
19650	-225.2257	-338.4766	113.2509	0.9552032	4.091693	2.987089	0.6436866
19656	-239.5965	-352.4113	112.8147	0.8699703	4.578001	3.757003	0.7640971
19662	-238.2998	-351.0818	112.7819	0.8364596	2.713664	5.454682	1.036971
19668	-232.7872	-345.7112	112.924	1.045985	2.38098	5.454682	0.8312937
19674	-237.0654	-349.0322	111.9668	1.3328	3.662333	6.603786	0.5173091
19680	-227.7056	-340.24	112.5344	1.3328	3.662333	4.403883	0.5693218
19686	-221.223	-334.0735	112.8504	1.334012	3.662333	3.499596	0.5005563
19692	-225.5487	-339.0275	113.4788	0.8586431	4.057962	2.280232	0.9407121
19698	-232.4331	-345.6379	113.2049	0.5571201	3.844214	2.827124	1.29023
19704	-241.6585	-353.9822	112.3237	0.1174866	3.114919	3.929883	2.12327
19710	-235.8264	-349.0928	113.2664	0.03513299	3.019942	3.929883	1.558191
19716	-231.1076	-343.4094	112.3018	0.04185183	3.098721	3.277606	2.344742
19722	-233.1174	-344.7398	111.6224	0.3614398	3.098721	4.295344	2.344742
19728	-222.9985	-334.8167	111.8182	0.5949367	2.191595	4.295344	2.344742
19734	-226.9249	-338.8959	111.971	0.7094673	2.191595	4.295344	2.173047
19740	-241.3967	-354.7641	113.3675	0.8408391	1.855685	4.295344	1.217071
19746	-231.2773	-343.5836	112.3064	0.8071555	1.624551	6.97349	1.64578
19752	-239.5237	-352.0716	112.5479	0.8670128	5.099069	4.277851	0.6727549
19758	-235.9378	-348.5186	112.5808	0.8404422	3.788013	4.277851	1.134516
19764	-240.3727	-353.2236	112.8508	1.111457	2.712869	4.277851	1.032277
19770	-234.8318	-348.2658	113.434	0.9610465	1.731398	4.277851	1.128375
19776	-228.4572	-342.1537	113.6965	0.9433506	1.731398	4.277851	0.8838026
19782	-234.0427	-347.4793	113.4367	1.232676	1.731398	4.277851	0.8489483
19788	-230.7456	-343.7776	113.032	1.399319	1.818505	5.304521	0.6778621
19794	-233.6828	-346.5619	112.8791	1.047268	4.679604	2.999475	0.7938835
19800	-231.4064	-345.0052	113.5989	1.196523	2.315533	2.999475	0.8502457
19806	-232.1748	-345.1438	112.969	1.310155	2.643199	4.452652	0.5144071
19812	-246.1704	-359.997	113.8266	1.281201	2.643199	2.341305	0.5389159
19818	-233.8866	-346.0669	112.1803	1.281201	3.93662	5.016533	0.8100337
19824	-227.7778	-339.8398	112.062	0.9689871	4.573077	5.2048	1.005303
19830	-226.3733	-338.0739	111.7006	0.919338	3.196851	9.670137	0.9711357
19836	-231.6926	-343.707	112.0144	0.8290652	2.520692	9.670137	1.046605
19842	-238.9554	-350.2214	111.266	1.303536	3.118521	9.708625	1.046605
19848	-233.1573	-345.1843	112.027	1.032413	3.043317	7.730742	0.9378794
19854	-227.9996	-340.1055	112.1059	0.8905263	2.84567	7.730742	1.084703
19860	-228.1307	-341.6398	113.5091	0.9964963	3.482884	1.680325	1.297313
19866	-230.4836	-342.5172	112.0336	0.6311512	3.482884	7.523998	1.185325
19872	-238.5221	-352.139	113.6169	1.51743	2.730606	1.873141	0.8863142
19878	-237.4652	-349.9679	112.5027	1.370455	2.955059	4.96157	0.7811971
19884	-229.957	-342.8879	112.9309	1.204525	2.328587	5.269561	0.7020967
19890	-231.5559	-343.0138	111.4579	1.260426	2.328587	9.961591	1.204507
19896	-232.4229	-346.1788	113.7559	0.9509283	1.880544	1.66666	1.724042
19902	-236.6651	-348.8949	112.2298	0.9670537	3.085495	3.501327	1.724042
19908	-224.156	-336.2637	112.1077	0.3356008	3.085495	5.911313	1.746154
19914	-238.838	-351.9224	113.0844	0.897732	3.972514	2.932507	1.015104
19920	-243.5083	-355.5188	112.0105	0.902169	2.801528	6.738705	1.347534
19926	-236.775	-349.7443	112.9693	0.7170828	2.801528	4.966765	1.06029
19932	-235.9943	-347.8664	111.872	0.9870061	4.319236	6.107545	1.026246
19938	-237.1066	-349.3114	112.2049	0.6541843	4.319236	6.107545	1.026246
19944	-228.6609	-341.6138	112.9529	1.081372	3.946054	3.029855	0.9277282
19950	-235.0879	-347.6907	112.6028	0.852681	2.303455	6.912475	1.056154
19956	-240.5021	-353.7605	113.2584	0.6222845	3.805247	3.212033	1.056154
19962	-230.0211	-342.3606	112.3395	0.896053	2.67026	5.297411	1.41443
19968	-238.1577	-352.1307	113.973	1.053712	2.540747	1.25118	1.456431
19974	-232.261	-345.1353	112.8742	0.5317501	3.019055	2.867904	1.777104
19980	-224.6505	-337.4659	112.8153	0.4823238	3.027404	3.608392	1.641407
19986	-229.6126	-341.907	112.2944	0.418499	3.027404	3.831987	1.990187
19992	-239.5276	-352.661	113.1334	0.127411	3.027404	3.416542	1.718751
19998	-240.0087	-353.6371	113.6284	0.08082112	3.027404	3.055134	1.498147
20004	-239.8112	-351.7495	111.9383	0.4734749	3.31498	6.563581	1.593647
20010	-224.5047	-338.6004	114.0958	0.7674256	1.626697	2.183674	1.502983
20016	-217.3387	-330.128	112.7894	0.5307141	2.606913	3.658007	1.746191
20022	-222.972	-334.5793	111.6072	0.3828536	2.525285	3.658007	2.63692
20028	-227.5872	-339.5819	111.9947	0.2812861	2.33995	3.658007	2.517335
20034	-242.847	-355.5742	112.7272	0.9259059	6.34632	2.90234	0.5603702
20040	-231.7478	-344.5137	112.766	0.7973106	2.825961	3.252398	1.610758
20046	-237.6897	-350.8821	113.1924	0.5697082	2.407167	3.252398	1.610758
20052	-244.2524	-355.9666	111.7143	0.7830046	3.286238	4.394716	1.93966
20058	-234.0225	-346.022	111.9995	0.7172649	3.286238	4.394716	1.789695
20064	-219.4459	-330.988	111.542	0.5672344	3.286238	4.394716	2.195637
20070	-242.588	-353.1319	110.5439	0.9551979	4.733258	12.18552	1.182737
20076	-239.4549	-352.0394	112.5845	0.5360461	8.563129	2.801468	0.8062417
20082	-236.2094	-348.8593	112.6498	0.8764026	8.563129	1.91767	0.8718643
20088	-241.6899	-353.0013	111.3114	1.281431	8.563129	4.453673	0.3548954
20094	-240.2574	-352.3999	112.1426	1.456163	4.437431	4.453673	0.4623882
20100	-241.3027	-353.307	112.0043	1.596925	4.437431	4.453673	0.4843714
20106	-236.271	-349.3433	113.0723	1.014195	3.9713	2.926334	0.9096152
20112	-238.9622	-352.3821	113.4199	1.173744	2.308057	2.926334	1.095465
20118	-231.9844	-346.0235	114.0391	1.136526	2.698594	2.018786	0.7373332
20124	-231.5107	-344.167	112.6563	1.136526	2.896562	5.138952	0.8537636
20130	-229.9219	-342.4392	112.5173	0.9965337	3.265495	5.138952	0.9910298
20136	-233.6229	-346.0827	112.4598	1.099691	3.151267	5.138952	0.9913131
20142	-226.9205	-339.1884	112.2679	1.002833	3.151267	5.138952	1.252749
20148	-228.3955	-342.0803	113.6849	0.7176408	3.700583	1.766477	1.269723
20154	-228.9449	-341.6574	112.7125	0.8074648	3.700583	4.81102	0.9088829
20160	-226.3398	-338.1947	111.8549	0.7552065	3.340578	6.870406	1.385988
20166	-232.2896	-344.673	112.3834	0.5251753	3.340578	4.641495	1.584665
20172	-230.3407	-341.3333	110.9926	0.6382959	3.65004	9.421368	1.670667
20178	-232.9432	-346.3075	113.3643	0.6828756	4.342078	2.525403	1.016231
20184	-238.5661	-352.2591	113.6931	1.30883	2.357901	2.525403	0.8343643
20190	-236.1591	-348.0012	111.8421	1.104528	3.282645	9.152539	0.5418036
20196	-234.3263	-347.534	113.2077	1.373919	3.002199	3.136858	0.5418036
20202	-248.2068	-359.186	110.9793	1.634264	1.960825	16.5533	0.4424431
20208	-236.6289	-349.3222	112.6933	1.622094	1.63191	6.455355	0.4424431
20214	-232.3751	-344.422	112.0469	1.185656	3.927639	6.455355	0.565072
20220	-227.0163	-340.0821	113.0658	1.558386	4.117164	2.174424	0.4941553
20226	-231.4932	-344.9056	113.4123	1.510321	4.117164	1.675338	0.5489663
20232	-245.6257	-358.1911	112.5653	1.387928	1.530284	8.634239	0.546099
20238	-239.6777	-351.6259	111.9481	1.387928	2.097833	8.634239	0.9516877
20244	-233.1341	-346.2224	113.0883	0.9545421	4.334148	2.844109	0.8650427
20250	-234.9976	-347.1494	112.1518	1.069632	4.334148	5.434256	0.8057192
20256	-230.0414	-342.7845	112.7431	1.069632	2.761411	5.434256	0.8048484
20262	-240.058	-351.9037	111.8456	0.5414109	3.06618	5.173597	1.921229
20268	-239.5182	-351.9538	112.4356	0.9538189	3.06618	5.173597	1.1736
20274	-237.7658	-349.27	111.5043	0.8374169	2.862787	13.06486	0.902806
20280	-239.9444	-353.0107	113.0663	0.9275433	2.862787	3.553406	1.169404
20286	-227.708	-341.0899	113.3819	0.7947194	2.862787	3.553406	0.999568
20292	-225.1335	-338.0716	112.9381	0.7998445	3.242115	3.553406	1.251902
20298	-233.4065	-346.3092	112.9027	0.9875478	3.991763	3.553406	0.8374123
20304	-227.8897	-341.3308	113.4411	1.08523	2.267178	3.553406	0.9354577
20310	-235.6427	-348.8965	113.2539	0.9916098	4.259274	2.339877	0.9354577
20316	-232.3421	-345.467	113.1249	1.12256	3.749586	2.339877	1.102322
20322	-232.2802	-345.6388	113.3587	0.8553525	2.58158	2.887489	1.317553
20328	-236.2146	-348.7039	112.4894	1.110567	2.826516	3.704401	1.456763
20334	-238.0195	-349.2297	111.2102	1.318951	3.402643	11.4684	0.598707
20340	-229.9027	-342.3615	112.4588	0.8906549	4.455788	3.588104	1.211154
20346	-220.4792	-333.837	113.3578	0.5980244	3.532043	2.626216	1.298933
20352	-229.6694	-342.5255	112.8562	0.6539498	4.220341	2.626216	1.461734
20358	-235.598	-348.8	113.202	0.3472571	4.100217	2.626216	1.461734
20364	-222.6074	-335.736	113.1286	0.5997118	4.633363	2.626216	1.182678
20370	-224.0133	-336.6806	112.6673	0.7384268	4.633363	3.359313	1.190804
20376	-226.3464	-339.2249	112.8785	0.7272055	5.646306	2.697726	1.008313
20382	-225.9283	-339.3781	113.4498	1.237316	4.778521	1.298435	1.008313
20388	-229.1582	-342.4441	113.2859	0.850149	4.113304	2.5831	0.9729004
20394	-227.5326	-340.1386	112.606	0.5031001	4.657619	2.5831	1.672053
20400	-222.9636	-334.4858	111.5222	0.7270379	2.787785	7.033891	1.793484
20406	-229.7442	-341.0119	111.2677	0.8367898	2.482862	9.904839	1.627232
20412	-222.4084	-336.0911	113.6826	1.341606	2.875412	2.287784	0.5696921
20418	-229.0529	-341.3752	112.3223	1.001467	4.792808	4.406325	0.8699825
20424	-220.3132	-332.9775	112.6643	1.064306	3.218569	4.406325	1.008778
20430	-234.5775	-345.2691	110.6917	1.266031	2.838777	16.79342	0.8734987
20436	-232.9403	-344.459	111.5187	0.7021255	2.838777	12.18079	1.144334
20442	-235.4037	-348.4614	113.0577	0.9040652	2.838777	2.571285	1.532414
20448	-229.2235	-342.7355	113.512	1.061794	3.264546	2.571285	0.8312526
20454	-231.2576	-344.2156	112.958	1.320371	3.905599	2.91351	0.6880558
20460	-229.1765	-341.4195	112.2429	1.88782	5.005973	2.240962	0.2525877
20466	-226.7689	-339.2363	112.4674	1.749923	5.005973	2.240962	0.3072097
20472	-230.8199	-343.4393	112.6193	1.328647	2.910804	5.144645	0.5722683
20478	-231.2918	-342.7323	111.4405	1.328647	2.942561	10.92553	0.6595
20484	-227.7781	-341.0032	113.2251	1.473212	2.918531	2.634825	0.81711
20490	-228.6151	-340.7967	112.1816	1.600367	3.414264	5.00156	0.5735207
20496	-228.1524	-339.9338	111.7815	1.484425	3.943659	6.313558	0.4732085
20502	-232.5407	-345.148	112.6073	1.076348	5.553265	3.08714	0.7438746
20508	-227.4849	-340.6552	113.1703	1.011964	5.553265	2.058987	0.7438746
20514	-236.85	-349.7916	112.9416	1.091667	4.658919	2.058987	1.167076
20520	-232.9202	-345.6164	112.6962	0.9641819	5.013331	3.316185	0.8460734
20526	-236.8443	-350.2702	113.4259	0.6022717	4.904776	2.256787	1.003834
20532	-235.504	-348.6389	113.1348	1.028155	4.904776	2.256787	0.8579134
20538	-234.9688	-348.7208	113.752	0.9551774	4.30143	1.669966	0.8435322
20544	-242.814	-355.1151	112.3011	1.136234	2.926177	6.93178	0.7308576
20550	-243.2431	-356.5832	113.3401	1.140676	2.926177	3.326195	0.6954983
20556	-237.8891	-351.0581	113.1689	1.188012	3.598903	3.062786	0.6162616
20562	-231.4651	-344.106	112.6409	1.214834	4.00014	3.857258	0.7305272
20568	-228.8465	-341.3272	112.4807	1.264039	4.00014	4.325908	0.6505499
20574	-232.1018	-344.7354	112.6336	0.9600974	4.00014	4.61591	0.7577792
20580	-234.4393	-346.2858	111.8465	1.227303	3.893135	6.528936	0.8406427
20586	-229.8711	-342.0827	112.2116	1.229877	2.937089	6.528936	0.8406427
20592	-240.4843	-352.6587	112.1744	1.143377	5.068773	4.594729	0.6868059
20598	-240.6706	-354.2679	113.5974	1.013399	3.962785	2.041883	0.8127109
20604	-228.9501	-341.0601	112.1101	1.053824	4.691824	5.298203	0.7846212
20610	-225.5516	-338.4733	112.9216	1.377726	4.649165	2.203664	0.8165258
20616	-236.4973	-349.3125	112.8151	1.042838	6.853953	2.203664	0.6275729
20622	-243.7852	-354.6223	110.8371	0.7678238	3.9177	9.826461	1.573578
20628	-239.3211	-352.3516	113.0305	1.133955	3.844484	2.533175	1.05825
20634	-231.4115	-344.7362	113.3247	1.133955	3.056846	2.533175	1.063592
20640	-234.0772	-346.6525	112.5753	0.9559254	3.321201	4.35144	1.169667
20646	-231.0171	-342.8472	111.8301	0.9477943	3.189953	6.817262	1.309212
20652	-228.9913	-342.0922	113.1009	0.9131956	3.189953	3.139815	1.171781
20658	-229.1179	-342.3957	113.2778	0.517011	5.037394	1.849647	1.377214
20664	-231.2139	-343.7378	112.5239	0.4484295	5.037394	3.5965	1.377214
20670	-232.137	-345.1243	112.9873	0.4013386	5.037394	3.5965	1.017874
20676	-231.8272	-343.951	112.1239	1.087239	5.037394	3.5965	1.180948
20682	-223.1541	-335.7057	112.5516	0.6783723	5.758478	3.062525	1.180948
20688	-233.1186	-345.6003	112.4817	0.8742901	5.758478	3.062525	1.067327
20694	-241.3786	-354.7114	113.3328	0.7452069	5.758478	1.640349	1.093667
20700	-246.3269	-359.3852	113.0583	1.049719	5.639505	1.640349	1.093667
20706	-232.5484	-343.9523	111.4039	1.130701	3.935703	9.398857	0.8059786
20712	-229.1156	-341.42	112.3044	0.8025327	3.935703	5.729753	0.996842
20718	-225.2016	-337.5953	112.3938	0.6765816	3.935703	4.148917	1.415953
20724	-229.52	-340.8455	111.3256	0.5269486	3.935703	9.554357	1.415953
20730	-224.5014	-336.4312	111.9298	0.8554447	2.791137	5.500197	1.667456
20736	-219.7686	-331.4169	111.6482	0.5667755	2.778613	8.7567	1.584914
20742	-224.1064	-337.2286	113.1223	0.753763	3.295546	3.087039	1.271427
20748	-235.5776	-347.5798	112.0022	0.9483178	5.088486	5.857955	0.7196793
20754	-231.2529	-342.8585	111.6056	1.66054	3.821197	6.2248	0.3416493
20760	-236.4575	-348.5738	112.1163	1.66054	3.976112	4.367118	0.478295
20766	-234.8752	-346.7147	111.8395	1.821487	3.976112	4.367118	0.2956183
20772	-244.0977	-356.4633	112.3656	1.513147	3.539484	4.367118	0.6824246
20778	-243.2729	-355.4538	112.1809	0.7842585	3.539484	4.800286	1.451217
20784	-243.0812	-355.3723	112.2911	0.258975	3.539484	4.800286	1.753325
20790	-245.8731	-359.4475	113.5743	0.6059434	3.882917	1.894728	1.332603
20796	-237.4588	-351.0109	113.5521	0.7542963	6.386987	1.344431	0.935594
20802	-238.1601	-350.33	112.1698	0.632661	4.175109	5.070056	1.346451
20808	-238.3469	-350.3121	111.9652	0.899123	2.9137	8.145327	1.105842
20814	-234.0872	-347.3267	113.2395	0.8588636	2.26917	4.292971	1.105842
20820	-227.7091	-339.9338	112.2247	1.060406	3.132838	7.032341	0.7943689
20826	-239.0942	-351.4733	112.3791	1.37547	2.299279	7.032341	0.6593259
20832	-244.719	-356.4507	111.7317	1.396808	1.591655	13.82198	0.6402201
20838	-240.7798	-352.0918	111.3121	0.9948239	1.591655	20.05826	0.9094472
20844	-237.1562	-350.3699	113.2137	0.9104298	1.696688	5.139211	1.163501
20850	-240.1235	-351.7091	111.5857	0.5983683	3.504736	7.364767	1.582006
20856	-248.0665	-360.7665	112.7001	0.3872294	3.023955	4.07439	1.676883
20862	-229.4298	-341.2143	111.7844	0.8933699	4.054249	7.259398	1.038425
20868	-231.9479	-344.0902	112.1423	1.144384	2.706664	7.259398	0.9542544
20874	-230.4173	-343.5964	113.1791	1.172462	2.706664	2.922931	1.138742
20880	-233.039	-346.0446	113.0056	0.764876	3.775754	2.922931	1.268333
20886	-233.1189	-345.1566	112.0377	0.8253524	4.571271	4.760007	1.268333
20892	-227.2135	-339.5212	112.3077	0.8282225	3.637562	4.391828	1.386321
20898	-229.6887	-342.3865	112.6978	1.177299	3.256223	4.391828	0.8367879
20904	-230.6332	-342.2002	111.567	1.177299	5.991347	6.047317	0.5346817
20910	-226.5456	-339.3408	112.7953	1.155665	5.991347	2.455999	0.4826933
20916	-241.7742	-354.2745	112.5002	0.9897805	6.441279	2.942691	0.8007761
20922	-238.4016	-350.9446	112.543	0.9897805	4.630226	4.119547	0.7819414
20928	-232.026	-344.8085	112.7825	0.9909723	4.630226	3.468983	0.7654381
20934	-231.8607	-344.6598	112.7991	0.8086342	3.788035	3.707731	1.139799
20940	-232.262	-346.3006	114.0386	0.8287791	3.788035	1.277963	1.150995
20946	-220.5086	-333.3944	112.8858	0.8403979	4.953185	2.056429	1.352437
20952	-235.5552	-348.5409	112.9857	0.8485996	4.953185	2.451449	1.080533
20958	-234.6868	-347.6395	112.9527	0.8433079	5.090111	2.451449	1.080533
20964	-245.076	-358.7216	113.6456	0.8221303	4.462088	1.825417	0.9434124
20970	-235.2069	-348.4957	113.2888	0.6587303	3.290725	2.034981	1.611276
20976	-233.7981	-345.1202	111.3221	1.129887	3.290725	11.5327	0.798663
20982	-235.6065	-347.3435	111.737	1.386172	2.080187	11.5327	0.6246262
20988	-234.2091	-345.6928	111.4837	1.306563	2.583638	11.5327	0.7542023
20994	-238.0555	-350.9691	112.9136	1.0764	2.024487	3.207132	1.609028
21000	-245.4514	-357.9965	112.5452	0.8169678	2.691612	5.191625	1.329474
21006	-247.7084	-359.8424	112.1341	0.8087403	4.101452	5.191625	1.223982
21012	-236.897	-349.2586	112.3616	1.569095	2.912702	5.191625	0.5856214
21018	-241.6563	-353.8262	112.1699	1.281757	3.811734	5.191625	0.8161003
21024	-241.0599	-352.9794	111.9195	0.767458	5.688908	6.013933	0.8161003
21030	-238.1638	-350.2976	112.1338	0.651187	3.440813	6.821897	1.221141
21036	-234.6721	-347.1732	112.5011	0.8059	5.015486	4.154606	0.9083435
21042	-240.8934	-353.1419	112.2485	1.257378	5.015486	4.154606	0.608866
21048	-239.7138	-351.5947	111.881	1.39956	3.607603	6.78004	0.5194213
21054	-233.2772	-345.991	112.7138	1.660176	3.175582	3.452803	0.4197118
21060	-234.6837	-347.7275	113.0437	1.067796	2.629772	3.508188	1.174228
21066	-230.913	-344.325	113.412	1.279082	3.00193	2.878176	0.5444665
21072	-229.0036	-342.0173	113.0137	1.140477	3.00193	3.95782	0.7936184
21078	-228.4195	-341.3119	112.8924	1.326455	5.997702	1.954837	0.4557832
21084	-230.5049	-342.9629	112.458	0.8799499	4.85397	4.81065	0.6396103
21090	-230.9025	-344.2702	113.3678	0.6921926	2.705147	3.699191	1.126796
21096	-236.7132	-348.9737	112.2605	0.5929875	5.919469	3.699191	1.25765
21102	-226.9879	-341.0302	114.0424	0.9175212	4.013615	1.063458	1.169249
21108	-224.4365	-337.2347	112.7982	0.8791538	3.269701	3.541725	1.296333
21114	-229.4572	-342.0702	112.613	0.8641208	2.783027	3.541725	1.606521
21120	-234.6507	-346.8039	112.1532	0.9240135	2.783027	7.246628	1.125279
21126	-227.4375	-339.2675	111.83	0.69629	3.090982	7.246628	1.466665
21132	-238.2567	-350.332	112.0753	0.595535	3.090982	6.573317	1.466665
21138	-236.3765	-349.858	113.4815	0.7300811	2.238234	3.345343	1.307478
21144	-230.3095	-341.974	111.6645	0.001546697	3.413065	8.15333	1.863283
21150	-235.6423	-347.1143	111.4721	0.004798984	3.892669	6.35733	2.121603
21156	-235.7668	-348.3939	112.6271	0.004377709	2.945576	2.901099	2.302213
21162	-241.014	-353.4916	112.4777	0.009124224	5.483276	5.850386	1.121261
21168	-234.2052	-346.3296	112.1244	0.02413715	5.483276	5.850386	1.402172
21174	-235.5328	-347.8465	112.3137	0.05021345	5.483276	5.037717	1.400161
21180	-233.0625	-345.1239	112.0614	0.2917333	3.539147	5.203125	1.811729
21186	-235.4206	-347.2263	111.8057	0.1331988	2.917423	8.223531	1.805591
21192	-235.556	-347.2289	111.6729	0.4997799	2.804317	8.223531	1.676609
21198	-230.6895	-342.0882	111.3986	1.109516	2.58115	8.223531	1.507386
21204	-231.8546	-343.647	111.7924	1.009522	2.958637	7.966823	1.174104
21210	-230.9499	-344.7073	113.7574	1.369308	2.513451	2.192511	0.793772
21216	-231.3263	-343.7804	112.4541	1.307718	2.297082	6.645668	0.7861384
21222	-230.9881	-343.3056	112.3175	0.7997577	2.781649	5.225859	1.480433
21228	-238.2046	-350.7572	112.5526	0.5777023	2.781649	5.225859	1.470623
21234	-241.2673	-354.7878	113.5205	0.4707661	5.257069	1.540588	1.337737
21240	-228.1337	-341.346	113.2123	0.5837117	5.257069	2.542508	0.9932482
21246	-230.5092	-343.8991	113.39	1.009368	3.477178	2.955084	0.7144526
21252	-232.403	-345.8679	113.465	1.347885	2.20129	2.890003	0.9521868
21258	-231.1988	-343.9617	112.7629	1.166584	3.207826	3.524695	1.10672
21264	-229.8735	-341.0649	111.1914	1.014707	3.753928	9.27458	1.219125
21270	-227.6746	-340.5962	112.9215	0.6535925	3.303735	4.256141	1.16372
21276	-229.3563	-342.8406	113.4843	0.6274271	3.303735	2.708373	1.209996
21282	-233.0261	-345.2639	112.2378	0.715814	3.60451	5.905662	1.205096
21288	-235.182	-346.9715	111.7894	0.5341766	3.643973	5.905662	1.678621
21294	-227.6564	-339.1191	111.4627	0.8483924	4.133757	9.054898	1.042099
21300	-225.3657	-338.2096	112.8438	0.8359134	4.133757	2.804544	1.285817
21306	-230.207	-342.9196	112.7126	1.044468	5.550431	2.804544	0.8126829
21312	-234.3001	-346.643	112.3429	0.6682388	3.235927	4.784612	1.50829
21318	-232.4923	-345.1998	112.7075	1.025658	3.235927	4.804437	0.8682678
21324	-240.5526	-353.9713	113.4187	1.328828	3.235927	2.423792	0.7016317
21330	-240.4764	-352.6495	112.1732	1.052094	3.683084	5.111599	1.122464
21336	-226.6937	-339.4344	112.7407	0.9744988	2.508086	5.111599	1.123421
21342	-232.0672	-344.9557	112.8885	1.33224	2.327995	5.111599	0.6142811
21348	-223.8414	-336.121	112.2796	1.132164	3.682397	5.111599	0.9413712
21354	-223.8173	-336.2302	112.4129	0.7102064	2.198853	5.3926	1.65524
21360	-235.495	-348.1611	112.6661	0.6637784	2.530598	4.108041	1.65524
21366	-236.1504	-349.2482	113.0978	0.4259078	2.972519	4.108041	1.358894
21372	-242.2224	-355.6762	113.4538	0.8209648	2.972519	3.210877	0.985854
21378	-246.2108	-358.7861	112.5753	1.0467	3.079836	5.038972	0.985854
21384	-249.0671	-361.1504	112.0833	0.7896425	2.522922	5.743322	1.650321
21390	-246.2185	-358.1985	111.98	0.5240171	4.403676	5.743322	1.384751
21396	-243.6328	-356.765	113.1321	0.348452	4.403676	2.921771	1.335354
21402	-236.2791	-350.5278	114.2487	1.439259	3.568183	0.7032436	1.009359
21408	-249.4548	-363.4929	114.0381	1.298057	5.694647	0.7032436	0.6191513
21414	-234.4088	-348.0141	113.6053	1.466622	5.353476	0.9990315	0.6579803
21420	-231.0023	-344.6094	113.607	1.032258	4.355449	1.862409	0.7437397
21426	-237.6271	-350.8594	113.2322	1.086763	3.466182	3.283836	0.6097102
21432	-233.6579	-347.8323	114.1744	1.363513	3.466182	1.060888	0.77012
21438	-231.356	-344.8022	113.4462	1.363513	4.25333	1.780799	0.4571402
21444	-235.7473	-348.4309	112.6836	1.376855	4.219187	3.241954	0.3811007
21450	-230.3204	-343.3465	113.026	1.467062	4.033731	2.422052	0.3897515
21456	-235.3019	-346.901	111.5992	1.22316	2.9203	10.90771	0.5251087
21462	-243.6713	-354.9845	111.3132	1.339727	2.634069	10.90771	0.9932209
21468	-251.6756	-364.505	112.8294	1.013654	2.634069	6.048662	0.5674444
21474	-235.6895	-347.9448	112.2553	1.279717	3.248099	6.048662	0.6763486
21480	-238.2653	-351.2673	113.002	1.075966	3.248099	2.715125	1.254335
21486	-229.0039	-340.9525	111.9486	0.963474	2.551717	2.715125	2.291
21492	-225.0532	-337.7562	112.703	0.6174842	2.471257	2.715125	2.051273
21498	-225.6254	-338.5925	112.9672	0.6938553	2.471257	2.715125	1.821603
21504	-1163.3	-1266.011	102.7109	2.577198	22.48384	110.6648	0.6836084
21606	-103609.9	-7175.554	-96434.39	458.1608	4.751841e+08	3.632216e+09	47976.69
21702	-3.218746e+07	-7837.535	-3.217962e+07	282.9334	2.425486e+11	3.98204e+20	1.608952e+07
21708	-2.624768e+08	-12337.96	-2.624644e+08	435.8798	1.849578e+12	5.316158e+20	1.312318e+08
21804	-8.158559e+11	-13458.65	-8.158559e+11	462.7044	1.847623e+13	9.779821e+35	4.079279e+11
21906	-2.510782e+15	-5243.485	-2.510782e+15	360.6047	8.905255e+15	2.201652e+48	1.255391e+15
22002	-2.473509e+18	-16514.02	-2.473509e+18	263.5377	1.252047e+16	1.076628e+61	1.236754e+18
22008	-3.699897e+18	-7281.179	-3.699897e+18	421.0585	1.252047e+16	1.176303e+63	1.849949e+18
22104	-3.457881e+22	-6051.704	-3.457881e+22	448.9027	1.684515e+16	1.351322e+75	1.72894e+22
